ClienteID;Edad;Ciudad;Recency;Frecuencia compra (dias);Valor;CLV;Segmento;% ComprasOnline;% ComprasOffline;Antigüedad;Categor√≠as;TiempoPromDescuento
C000001;46;Pasto;3;17;1880.82;767373.49;Activo;0.71;0.29;40;6;80
C000002;47;Santa Marta;339;1;871.25;20910.01;Dormido;0.52;0.48;46;5;76
C000003;38;Yopal;6;13;2624.37;818802.67;Activo;0.35;0.65;32;4;28
C000004;39;Barranquilla;209;2;379.39;18210.75;Dormido;0.59;0.41;35;9;96
C000005;67;Bucaramanga;29;23;1837.68;1014400.87;Activo;0.76;0.24;23;5;7
C000006;21;Bucaramanga;73;5;112.67;135204.13;En Riesgo;0.49;0.51;22;4;22
C000007;46;Bogot√°;52;7;401.64;67474.73;En Riesgo;0.68;0.32;29;11;94
C000008;51;Tulu√°;327;1;44.37;10648.74;Dormido;0.56;0.44;47;10;65
C000009;26;Cali;29;13;3127.97;975926.18;Activo;0.64;0.36;24;4;38
C000010;55;Bogot√°;347;2;714.91;34315.79;Dormido;0.71;0.29;8;6;76
C000011;73;Puerto Carre√±o;135;2;383.83;18423.94;Dormido;0.73;0.27;47;9;70
C000012;68;Florencia;19;16;2578.59;990177.44;Activo;0.39;0.61;11;11;65
C000013;70;Valledupar;56;7;649.33;109087.25;En Riesgo;0.83;0.17;13;10;96
C000014;55;Cali;25;12;241.04;694194.82;Activo;0.38;0.62;42;3;87
C000015;73;Monter√≠a;6;23;3039.76;1677948.49;Activo;0.48;0.52;32;3;62
C000016;46;Armenia;23;14;2845.91;956227.24;Activo;0.36;0.64;29;10;79
C000017;57;Leticia;355;1;791.99;19007.74;Dormido;0.7;0.3;24;9;44
C000018;74;Armenia;33;6;1006.83;144983.45;En Riesgo;0.65;0.35;6;10;36
C000019;48;Leticia;47;3;1062.38;76491.61;En Riesgo;0.78;0.22;19;11;70
C000020;58;Cali;66;4;1232.49;118318.8;En Riesgo;0.87;0.13;52;3;78
C000021;43;Puerto Vallejo;37;6;918.24;132226.23;En Riesgo;0.68;0.32;35;6;44
C000022;38;Mocoa;23;18;2519.93;1088609.85;Activo;0.76;0.24;53;8;82
C000023;68;Yopal;20;11;2663.19;703082.29;Activo;0.59;0.41;25;5;12
C000024;21;Florencia;238;1;872.21;20932.98;Dormido;0.72;0.28;30;6;95
C000025;49;Yopal;123;2;733.43;35204.42;Dormido;0.78;0.22;17;5;28
C000026;51;Ibagu√©;82;6;980.81;141236.51;En Riesgo;0.57;0.43;25;3;52
C000027;24;San Andr√©s;69;3;90.71;65311.07;En Riesgo;0.61;0.39;35;4;43
C000028;38;Mocoa;165;1;1041.16;24987.77;Dormido;0.7;0.3;18;4;37
C000029;25;Sincelejo;4;12;2823.94;813294.47;Activo;0.78;0.22;58;4;73
C000030;36;Riohacha;50;6;1429.29;205818.02;En Riesgo;0.88;0.12;53;7;81
C000031;26;Popay√°n;259;1;678.11;16274.75;Dormido;0.77;0.23;9;4;6
C000032;34;Barranquilla;68;5;1035.54;124264.51;En Riesgo;0.7;0.3;24;9;44
C000033;63;Pasto;349;2;332.26;15948.65;Dormido;0.85;0.15;58;4;12
C000034;31;Mocoa;22;17;2419.41;987118.21;Activo;0.79;0.21;39;10;79
C000035;37;Villavicencio;33;7;1013.36;170244.77;En Riesgo;0.78;0.22;51;11;12
C000036;21;Mocoa;21;8;3267.77;627410.95;Activo;0.54;0.46;25;8;71
C000037;42;Pasto;9;21;2395.75;1207456.38;Activo;0.78;0.22;48;5;46
C000038;39;Bogot√°;338;1;493.64;11847.48;Dormido;0.52;0.48;36;5;83
C000039;73;Pasto;22;19;2017.23;919856.41;Activo;0.42;0.58;54;4;59
C000040;74;Manizales;37;7;857.57;144071.33;En Riesgo;0.84;0.16;8;8;66
C000041;69;Riohacha;109;2;6.7;32159.9;Dormido;0.83;0.17;25;11;47
C000042;56;Ibagu√©;103;2;555.82;26679.36;Dormido;0.79;0.21;22;10;92
C000043;58;Valledupar;75;6;1515.91;218290.43;En Riesgo;0.47;0.53;42;4;80
C000044;69;Santa Marta;21;11;3053.51;806125.88;Activo;0.39;0.61;24;7;91
C000045;61;Valledupar;297;2;667.79;32053.98;Dormido;0.54;0.46;40;9;84
C000046;65;Cartagena;2;21;3337.48;1682088.16;Activo;0.49;0.51;29;3;54
C000047;67;In√≠rida;15;8;2904.87;557734.63;Activo;0.6;0.4;58;7;47
C000048;53;In√≠rida;23;17;2529.38;1031986.1;Activo;0.45;0.55;53;9;56
C000049;72;Florencia;93;1;557.46;13379.09;Dormido;0.83;0.17;43;5;77
C000050;57;Manizales;56;7;1113.69;187099.77;En Riesgo;0.82;0.18;14;10;41
C000051;48;Puerto Vallejo;66;6;1175.23;169232.49;En Riesgo;0.81;0.19;18;5;92
C000052;30;Tulu√°;21;21;2352.86;1185839.15;Activo;0.31;0.69;56;9;95
C000053;67;Sincelejo;148;2;27.52;13209.7;Dormido;0.57;0.43;51;7;33
C000054;68;Armenia;11;22;2998.02;1582952.58;Activo;0.68;0.32;44;8;74
C000055;46;Cali;75;7;1367.08;229670.17;En Riesgo;0.45;0.55;58;6;99
C000056;52;Quibd√≥;1;14;2093.49;703412.16;Activo;0.58;0.42;52;8;70
C000057;63;Puerto Carre√±o;13;11;1904.09;502680.33;Activo;0.48;0.52;27;7;96
C000058;48;Puerto Vallejo;11;14;2081.12;699256.47;Activo;0.75;0.25;8;3;50
C000059;24;In√≠rida;89;7;129.02;216753.24;En Riesgo;0.53;0.47;45;10;76
C000060;22;Pereira;220;1;961.27;23070.51;Dormido;0.57;0.43;35;11;61
C000061;72;Cartagena;142;1;800.37;19208.98;Dormido;0.62;0.38;14;4;97
C000062;20;Puerto Carre√±o;171;2;600.03;28801.54;Dormido;0.75;0.25;10;8;2
C000063;35;Arauca;219;2;454.09;21796.1;Dormido;0.6;0.4;52;5;40
C000064;39;Cali;54;7;1077.47;181015.64;En Riesgo;0.62;0.38;22;8;4
C000065;60;Villavicencio;6;12;3053.23;879330.27;Activo;0.78;0.22;18;10;26
C000066;74;Pereira;270;1;478.72;11489.32;Dormido;0.57;0.43;16;10;32
C000067;47;Manizales;2;23;295.65;1631985.58;Activo;0.57;0.43;25;10;17
C000068;25;Sincelejo;48;7;1120.86;188305.1;En Riesgo;0.89;0.11;15;10;41
C000069;21;Puerto Carre√±o;41;5;1333.85;160061.61;En Riesgo;0.53;0.47;48;8;99
C000070;65;Bogot√°;22;20;3085.47;1481023.39;Activo;0.35;0.65;13;3;63
C000071;58;Barranquilla;34;7;545.11;91578.05;En Riesgo;0.43;0.57;51;5;92
C000072;63;Popay√°n;230;2;464.45;22293.74;Dormido;0.52;0.48;12;10;10
C000073;29;In√≠rida;135;1;991.63;23799.13;Dormido;0.85;0.15;26;6;19
C000074;21;Bogot√°;24;18;2924.23;1263266.59;Activo;0.42;0.58;37;7;18
C000075;39;Pereira;124;1;269.66;6471.92;Dormido;0.53;0.47;53;10;23
C000076;55;Arauca;34;5;1043.65;125237.97;En Riesgo;0.62;0.38;39;3;69
C000077;41;Villavicencio;4;20;3375.42;1620201.86;Activo;0.72;0.28;55;7;53
C000078;59;Arauca;112;2;353.24;16955.35;Dormido;0.89;0.11;54;3;77
C000079;35;Tulu√°;58;4;91.29;87638.44;En Riesgo;0.58;0.42;6;11;25
C000080;56;Leticia;45;6;1257.85;181129.89;En Riesgo;0.52;0.48;59;3;21
C000081;63;Sincelejo;68;7;1882.79;316308.12;En Riesgo;0.62;0.38;56;9;89
C000082;24;Ibagu√©;27;16;3244.08;1245727.31;Activo;0.43;0.57;15;3;49
C000083;60;Monter√≠a;9;20;2877.04;1380980.59;Activo;0.65;0.35;12;8;5
C000084;42;Barranquilla;334;1;568.34;13640.07;Dormido;0.81;0.19;59;3;27
C000085;19;Manizales;62;5;1361.89;163426.93;En Riesgo;0.48;0.52;11;10;78
C000086;67;Manizales;110;1;367.68;8824.34;Dormido;0.87;0.13;20;7;58
C000087;31;Ibagu√©;194;1;44.96;10790.38;Dormido;0.68;0.32;57;7;83
C000088;42;Puerto Vallejo;177;2;815.86;39161.31;Dormido;0.82;0.18;13;10;61
C000089;21;Pereira;58;6;552.19;79515.37;En Riesgo;0.52;0.48;50;4;86
C000090;54;Medell√≠n;62;3;129.92;93542.43;En Riesgo;0.41;0.59;53;7;22
C000091;52;Armenia;134;1;847.32;20335.77;Dormido;0.59;0.41;54;5;91
C000092;44;Cartagena;286;1;507.47;12179.31;Dormido;0.53;0.47;22;6;22
C000093;65;Riohacha;2;21;2578.82;1299723.88;Activo;0.42;0.58;9;3;77
C000094;37;Riohacha;132;2;472.62;22685.87;Dormido;0.59;0.41;8;11;67
C000095;69;Barranquilla;77;5;1683.75;202049.92;En Riesgo;0.64;0.36;42;7;43
C000096;37;Pasto;24;17;2339.07;954339.12;Activo;0.78;0.22;21;7;45
C000097;18;Bucaramanga;319;2;786.97;37774.42;Dormido;0.52;0.48;22;5;41
C000098;70;Popay√°n;28;19;1980.06;902907.2;Activo;0.63;0.37;13;8;91
C000099;19;Santa Marta;11;8;2317.95;445046.41;Activo;0.38;0.62;20;3;58
C000100;32;Villavicencio;78;4;819.98;78718.44;En Riesgo;0.45;0.55;56;5;89
C000101;72;Bogot√°;56;7;957.87;160921.49;En Riesgo;0.8;0.2;18;5;48
C000102;53;Santa Marta;10;23;2638.73;1456577.1;Activo;0.43;0.57;49;5;46
C000103;39;Quibd√≥;12;11;2315.33;611248.01;Activo;0.55;0.45;51;4;12
C000104;30;Ibagu√©;12;14;3240.03;1088649.33;Activo;0.55;0.45;45;5;30
C000105;36;Villavicencio;18;17;209.29;853902.25;Activo;0.72;0.28;19;4;28
C000106;24;Ibagu√©;281;1;485.98;11663.64;Dormido;0.57;0.43;19;5;2
C000107;65;Leticia;59;4;759.23;72885.87;En Riesgo;0.54;0.46;30;8;47
C000108;72;Bogot√°;149;1;790.42;18970.02;Dormido;0.5;0.5;57;6;14
C000109;65;Florencia;78;4;1103.95;105979.12;En Riesgo;0.53;0.47;20;4;39
C000110;56;Santa Marta;52;5;1037.91;124549.72;En Riesgo;0.46;0.54;56;11;3
C000111;44;Popay√°n;315;2;732.42;35156.03;Dormido;0.83;0.17;42;6;59
C000112;63;Medell√≠n;38;5;1491.75;179009.93;En Riesgo;0.59;0.41;25;7;71
C000113;36;Villavicencio;316;1;338.68;8128.28;Dormido;0.82;0.18;15;8;36
C000114;53;Cali;121;1;66.22;15892.69;Dormido;0.74;0.26;52;6;54
C000115;56;Pasto;15;13;3253.85;1015202.4;Activo;0.79;0.21;20;5;93
C000116;52;Mocoa;8;20;2295.66;1101918.64;Activo;0.71;0.29;10;11;55
C000117;33;San Andr√©s;16;16;2288.87;878926.71;Activo;0.68;0.32;49;6;33
C000118;19;Monter√≠a;34;6;1052.89;151616.6;En Riesgo;0.77;0.23;7;6;69
C000119;61;Sincelejo;23;14;2348.76;789184.39;Activo;0.67;0.33;54;10;57
C000120;29;Riohacha;9;21;2978.76;1501293.34;Activo;0.73;0.27;58;9;76
C000121;26;Armenia;193;2;520.13;24966.43;Dormido;0.66;0.34;28;3;8
C000122;41;Bucaramanga;39;6;612.25;88163.35;En Riesgo;0.74;0.26;41;11;19
C000123;39;Tulu√°;4;17;2390.81;975452.5;Activo;0.79;0.21;24;7;45
C000124;51;Mocoa;36;7;1101.29;185016.19;En Riesgo;0.61;0.39;16;6;5
C000125;72;Florencia;17;23;1561.08;861718.68;Activo;0.7;0.3;35;8;46
C000126;44;Riohacha;78;4;1458.43;140009.03;En Riesgo;0.65;0.35;18;9;16
C000127;24;Bucaramanga;40;3;134.36;96739.37;En Riesgo;0.9;0.1;46;8;99
C000128;57;Riohacha;174;2;723.82;34743.35;Dormido;0.57;0.43;19;7;56
C000129;24;In√≠rida;26;18;2496.17;1078343.75;Activo;0.5;0.5;39;9;80
C000130;34;Santa Marta;21;22;2581.25;1362899.61;Activo;0.55;0.45;14;11;39
C000131;34;Puerto Carre√±o;60;3;1203.07;86620.87;En Riesgo;0.69;0.31;36;5;71
C000132;73;Mocoa;217;1;697.52;16740.55;Dormido;0.57;0.43;32;4;73
C000133;26;Pasto;329;1;711.33;17071.82;Dormido;0.63;0.37;42;9;33
C000134;19;Yopal;23;14;2167.43;728257.43;Activo;0.65;0.35;32;3;31
C000135;68;Ibagu√©;13;21;2452.99;1236308.91;Activo;0.47;0.53;13;4;40
C000136;31;Tulu√°;79;7;1188.35;199643.16;En Riesgo;0.69;0.31;51;6;17
C000137;65;Bucaramanga;230;2;681.74;32723.37;Dormido;0.7;0.3;14;10;24
C000138;29;San Andr√©s;354;2;1;4800;Dormido;0.51;0.49;7;9;60
C000139;20;Florencia;43;7;1484.53;249400.66;En Riesgo;0.47;0.53;15;4;85
C000140;21;Medell√≠n;29;20;2863.73;1374590.93;Activo;0.35;0.65;39;8;4
C000141;69;Villavicencio;239;1;124.32;29836.9;Dormido;0.56;0.44;53;5;16
C000142;30;Bogot√°;72;6;937.63;135018.37;En Riesgo;0.87;0.13;20;11;70
C000143;63;Barranquilla;343;1;1129.58;27109.84;Dormido;0.6;0.4;52;9;39
C000144;18;Cali;310;1;690.79;16578.89;Dormido;0.86;0.14;15;7;86
C000145;68;Bucaramanga;21;20;2319.65;1113430.92;Activo;0.69;0.31;37;6;64
C000146;18;Medell√≠n;333;2;556.06;26691;Dormido;0.78;0.22;48;6;30
C000147;67;Quibd√≥;5;16;2860.01;1098242.6;Activo;0.36;0.64;37;6;98
C000148;25;Florencia;5;11;2296.17;606188.8;Activo;0.37;0.63;21;4;24
C000149;46;Puerto Carre√±o;31;6;765.78;110272.49;En Riesgo;0.86;0.14;8;9;99
C000150;41;Bogot√°;89;4;1037.37;99587.99;En Riesgo;0.87;0.13;23;10;62
C000151;39;Barranquilla;272;1;28.14;6753.61;Dormido;0.5;0.5;58;3;3
C000152;61;Tulu√°;65;3;1071.62;77156.75;En Riesgo;0.61;0.39;57;10;43
C000153;47;Valledupar;77;5;1228.59;147430.92;En Riesgo;0.51;0.49;21;5;61
C000154;29;Santa Marta;69;5;143.43;172116.32;En Riesgo;0.46;0.54;8;5;10
C000155;27;Cali;199;2;332.83;15976.06;Dormido;0.84;0.16;12;6;60
C000156;68;Ibagu√©;68;7;175.43;294722.06;En Riesgo;0.73;0.27;41;4;14
C000157;51;Florencia;69;4;1176.15;112910.62;En Riesgo;0.47;0.53;47;8;55
C000158;23;Quibd√≥;236;1;855.76;20538.31;Dormido;0.63;0.37;25;4;11
C000159;48;Yopal;114;1;565.43;13570.21;Dormido;0.65;0.35;21;6;37
C000160;63;Cartagena;44;7;1118.33;187878.98;En Riesgo;0.48;0.52;32;11;76
C000161;61;Armenia;323;2;518.18;24872.71;Dormido;0.85;0.15;13;10;31
C000162;32;Florencia;347;1;504.03;12096.84;Dormido;0.71;0.29;8;10;50
C000163;29;Cartagena;2;13;3178.89;991814.39;Activo;0.6;0.4;47;11;19
C000164;45;Tulu√°;160;2;45.73;21950.38;Dormido;0.73;0.27;48;10;4
C000165;44;Pasto;46;7;901.77;151497.07;En Riesgo;0.86;0.14;58;11;92
C000166;31;Armenia;2;8;3398.19;652451.59;Activo;0.46;0.54;29;7;33
C000167;28;Villavicencio;49;3;1140.49;82115.61;En Riesgo;0.62;0.38;53;5;70
C000168;65;Popay√°n;84;5;1459.25;175109.66;En Riesgo;0.83;0.17;17;9;25
C000169;31;Medell√≠n;20;13;2292.63;715299.11;Activo;0.39;0.61;24;8;81
C000170;19;Popay√°n;67;3;188.25;135539.75;En Riesgo;0.42;0.58;57;3;29
C000171;52;Santa Marta;91;1;565.48;13571.53;Dormido;0.51;0.49;32;6;3
C000172;74;Pasto;5;16;3496.09;1342497.64;Activo;0.49;0.51;32;10;62
C000173;53;Valledupar;18;21;16.32;822525.98;Activo;0.57;0.43;19;9;13
C000174;48;Armenia;52;6;1408.52;202827.28;En Riesgo;0.63;0.37;25;6;6
C000175;64;Riohacha;207;2;248.52;11928.74;Dormido;0.7;0.3;25;11;74
C000176;34;San Andr√©s;14;15;2655.52;955987.03;Activo;0.55;0.45;14;8;47
C000177;64;Mocoa;85;3;1532.56;110344.28;En Riesgo;0.61;0.39;58;10;71
C000178;50;Armenia;53;4;1502.16;144207.62;En Riesgo;0.89;0.11;9;9;96
C000179;52;Puerto Carre√±o;14;23;3342.75;1845195.73;Activo;0.46;0.54;26;7;65
C000180;48;Puerto Vallejo;111;1;936.15;22467.66;Dormido;0.65;0.35;31;7;65
C000181;59;Cali;24;14;1298.38;436255.72;Activo;0.46;0.54;54;11;31
C000182;34;Popay√°n;44;5;1333.09;159970.2;En Riesgo;0.69;0.31;57;10;63
C000183;72;Cali;61;6;1109.07;159706.24;En Riesgo;0.7;0.3;40;7;34
C000184;34;Ibagu√©;67;7;1112.07;186827.54;En Riesgo;0.44;0.56;35;11;3
C000185;46;Valledupar;9;13;2256.13;703913.61;Activo;0.34;0.66;50;7;57
C000186;23;Yopal;53;5;1208.76;145051.13;En Riesgo;0.53;0.47;42;3;62
C000187;47;Puerto Carre√±o;55;3;907.01;65304.64;En Riesgo;0.87;0.13;9;9;66
C000188;36;Santa Marta;20;22;3285.91;1734960.82;Activo;0.46;0.54;12;9;54
C000189;35;Monter√≠a;108;1;700.86;16820.73;Dormido;0.52;0.48;51;5;28
C000190;24;Florencia;18;17;2692.91;1098707.58;Activo;0.33;0.67;24;3;40
C000191;68;Manizales;2;22;2608.15;1377104.63;Activo;0.8;0.2;13;4;0
C000192;64;In√≠rida;82;5;1234.97;148196.36;En Riesgo;0.75;0.25;30;8;10
C000193;58;Cali;16;15;2322.57;836126.87;Activo;0.33;0.67;39;4;78
C000194;48;Valledupar;18;10;2020.54;484930.31;Activo;0.79;0.21;48;4;98
C000195;29;Santa Marta;14;18;2189.87;946022.91;Activo;0.67;0.33;58;7;27
C000196;53;Arauca;31;5;1288.12;154574.9;En Riesgo;0.77;0.23;29;4;54
C000197;26;Florencia;12;10;2226.68;534403.52;Activo;0.35;0.65;56;3;76
C000198;69;Bogot√°;29;23;2012.56;1110933.9;Activo;0.75;0.25;30;9;1
C000199;43;C√∫cuta;8;14;2953.81;992478.78;Activo;0.67;0.33;49;8;57
C000200;23;Sincelejo;192;2;435.16;20887.46;Dormido;0.63;0.37;40;5;67
C000201;60;Bogot√°;13;11;2870.18;757726.54;Activo;0.52;0.48;14;7;16
C000202;28;Armenia;203;2;452.46;21717.96;Dormido;0.88;0.12;36;8;25
C000203;68;Mocoa;22;13;1658.36;517408.43;Activo;0.76;0.24;55;5;71
C000204;62;In√≠rida;309;1;675.83;16219.92;Dormido;0.51;0.49;49;6;75
C000205;31;Barranquilla;9;19;2081.43;949129.96;Activo;0.63;0.37;9;8;36
C000206;50;Riohacha;231;2;804.71;38626.16;Dormido;0.88;0.12;22;8;24
C000207;30;Arauca;27;21;1870.85;942909.31;Activo;0.39;0.61;37;8;88
C000208;50;Manizales;47;5;1134.72;136165.84;En Riesgo;0.78;0.22;39;5;13
C000209;18;Cali;29;15;2594.28;933940.58;Activo;0.4;0.6;30;9;81
C000210;45;Pereira;2;22;2570.01;1356964.46;Activo;0.49;0.51;13;11;58
C000211;19;Mocoa;7;13;2666.48;831940.23;Activo;0.34;0.66;37;5;15
C000212;19;Puerto Vallejo;232;2;484.92;23276.25;Dormido;0.84;0.16;51;3;78
C000213;44;Florencia;129;1;777.46;18659.08;Dormido;0.84;0.16;22;6;94
C000214;25;Riohacha;121;1;606.95;14566.76;Dormido;0.91;0.09;21;5;15
C000215;18;Mocoa;86;6;1158.85;166874.48;En Riesgo;0.72;0.28;16;4;31
C000216;47;Santa Marta;24;12;2893.64;833367.41;Activo;0.32;0.68;41;11;21
C000217;46;Popay√°n;67;7;1013.78;170314.23;En Riesgo;0.5;0.5;34;9;9
C000218;45;Mocoa;34;6;1526.81;219860.71;En Riesgo;0.76;0.24;11;9;34
C000219;74;Barranquilla;31;5;867.05;104045.78;En Riesgo;0.47;0.53;30;4;6
C000220;47;Quibd√≥;191;2;399.24;19163.64;Dormido;0.82;0.18;57;10;34
C000221;22;Tulu√°;354;1;1;2400;Dormido;0.56;0.44;41;7;62
C000222;46;Sincelejo;57;3;1191.28;85772.13;En Riesgo;0.73;0.27;36;11;9
C000223;56;Arauca;22;8;2523.45;484502.95;Activo;0.79;0.21;10;6;71
C000224;65;Valledupar;22;9;2955.75;638442.75;Activo;0.63;0.37;15;9;78
C000225;28;In√≠rida;19;9;1855.93;400880.89;Activo;0.79;0.21;49;8;84
C000226;38;Mocoa;72;5;1410.43;169251.21;En Riesgo;0.6;0.4;7;4;56
C000227;48;Santa Marta;61;4;90.97;87331.49;En Riesgo;0.41;0.59;48;4;21
C000228;43;Cali;37;6;1109.02;159699.13;En Riesgo;0.65;0.35;46;10;76
C000229;41;Bucaramanga;75;7;1239.81;208287.3;En Riesgo;0.73;0.27;39;10;49
C000230;68;C√∫cuta;27;18;2224.77;961102.4;Activo;0.56;0.44;17;5;70
C000231;38;Quibd√≥;243;1;692.26;16614.31;Dormido;0.77;0.23;39;9;6
C000232;37;Florencia;85;5;1103.11;132373.17;En Riesgo;0.62;0.38;58;10;66
C000233;29;Mocoa;36;6;76.32;109901.42;En Riesgo;0.67;0.33;37;7;94
C000234;28;Quibd√≥;281;2;518.56;24890.86;Dormido;0.51;0.49;59;10;44
C000235;38;In√≠rida;294;1;536.29;12870.9;Dormido;0.68;0.32;12;10;37
C000236;69;Barranquilla;25;16;2326.92;893536.53;Activo;0.41;0.59;30;6;40
C000237;23;Pereira;6;10;130.74;313775.73;Activo;0.65;0.35;16;9;1
C000238;40;Barranquilla;76;3;126.28;90921.64;En Riesgo;0.44;0.56;12;10;76
C000239;32;Popay√°n;164;2;411.83;19767.85;Dormido;0.88;0.12;19;7;48
C000240;42;Pereira;219;1;419.27;10062.56;Dormido;0.84;0.16;26;6;19
C000241;41;Tulu√°;177;1;775.86;18620.68;Dormido;0.57;0.43;17;7;93
C000242;57;Leticia;38;6;1211.79;174498.16;En Riesgo;0.76;0.24;33;9;16
C000243;39;Puerto Vallejo;236;1;116.27;2790.41;Dormido;0.66;0.34;54;3;74
C000244;61;Sincelejo;39;6;1219.21;175566.09;En Riesgo;0.75;0.25;50;6;8
C000245;49;Ibagu√©;17;12;2988.82;860779.15;Activo;0.63;0.37;39;3;84
C000246;55;Pereira;227;2;569.15;27319.24;Dormido;0.63;0.37;36;10;62
C000247;26;Cartagena;55;3;1251.66;90119.69;En Riesgo;0.53;0.47;32;6;5
C000248;37;Quibd√≥;34;5;980.34;117641.07;En Riesgo;0.79;0.21;48;9;57
C000249;70;Leticia;184;2;529.46;25413.87;Dormido;0.62;0.38;23;9;95
C000250;61;Pasto;66;3;944.98;68038.9;En Riesgo;0.53;0.47;32;6;51
C000251;68;Puerto Vallejo;10;14;2569.73;863428.01;Activo;0.32;0.68;9;10;13
C000252;29;Popay√°n;360;2;756.49;36311.67;Dormido;0.55;0.45;57;5;68
C000253;58;Popay√°n;35;4;1010.67;97023.91;En Riesgo;0.46;0.54;47;5;22
C000254;41;Sincelejo;28;21;279.58;1409084.46;Activo;0.55;0.45;16;10;45
C000255;61;Manizales;14;14;1666.23;559853.1;Activo;0.79;0.21;17;10;26
C000256;29;San Andr√©s;81;3;630.58;45401.88;En Riesgo;0.43;0.57;42;7;12
C000257;19;Sincelejo;68;5;1660.09;199210.42;En Riesgo;0.82;0.18;41;9;18
C000258;18;Bogot√°;16;17;3265.02;1332129.68;Activo;0.41;0.59;51;6;74
C000259;68;Mocoa;107;2;65.75;31559.93;Dormido;0.85;0.15;10;8;65
C000260;54;Monter√≠a;83;7;114.92;193065.12;En Riesgo;0.73;0.27;53;7;48
C000261;56;Manizales;22;13;2722.51;849422.75;Activo;0.72;0.28;48;10;68
C000262;71;Mocoa;214;2;785.95;37725.6;Dormido;0.67;0.33;33;7;79
C000263;23;Pasto;348;1;514.51;12348.3;Dormido;0.7;0.3;25;11;11
C000264;67;Valledupar;2;10;266.42;639408.5;Activo;0.34;0.66;28;8;43
C000265;74;Sincelejo;5;16;3071.32;1179388.61;Activo;0.46;0.54;48;5;10
C000266;48;Yopal;307;1;925.84;22220.2;Dormido;0.57;0.43;30;10;29
C000267;38;C√∫cuta;14;20;2018.04;968660;Activo;0.39;0.61;16;3;78
C000268;70;Sincelejo;18;21;1822.29;918435.06;Activo;0.62;0.38;59;3;80
C000269;67;In√≠rida;16;17;2071.47;845158.14;Activo;0.78;0.22;26;9;90
C000270;48;Quibd√≥;87;4;1702.13;163404.07;En Riesgo;0.47;0.53;15;5;18
C000271;65;Bogot√°;343;1;74.02;17764.81;Dormido;0.75;0.25;18;5;11
C000272;58;Quibd√≥;61;3;707.57;50944.86;En Riesgo;0.74;0.26;50;5;49
C000273;54;Pereira;84;5;1103.41;132408.83;En Riesgo;0.83;0.17;12;9;33
C000274;54;Tulu√°;351;2;760.19;36489.15;Dormido;0.68;0.32;59;6;77
C000275;70;Sincelejo;111;2;645.26;30972.7;Dormido;0.57;0.43;59;8;77
C000276;49;Monter√≠a;352;2;709.86;34073.04;Dormido;0.88;0.12;6;11;12
C000277;53;Leticia;26;21;3098.53;1561657.64;Activo;0.44;0.56;31;3;39
C000278;54;Cartagena;3;18;2701.56;1167072.82;Activo;0.66;0.34;24;11;98
C000279;43;In√≠rida;278;2;702.81;33734.88;Dormido;0.87;0.13;34;8;72
C000280;49;Sincelejo;49;7;654.45;109947.28;En Riesgo;0.56;0.44;51;11;51
C000281;33;Leticia;125;2;77.31;37108.88;Dormido;0.59;0.41;43;10;24
C000282;70;Barranquilla;159;1;764.98;18359.61;Dormido;0.71;0.29;33;3;67
C000283;24;San Andr√©s;7;23;2307.65;1273822.8;Activo;0.5;0.5;13;4;3
C000284;53;Armenia;61;5;896.95;107634;En Riesgo;0.69;0.31;27;3;49
C000285;20;Arauca;38;3;764.24;55025.45;En Riesgo;0.89;0.11;37;9;64
C000286;64;Cali;152;2;438.56;21051.1;Dormido;0.85;0.15;43;11;34
C000287;56;Arauca;43;7;1168.86;196368.18;En Riesgo;0.64;0.36;41;6;29
C000288;39;Medell√≠n;223;1;650.01;15600.22;Dormido;0.7;0.3;34;9;76
C000289;67;Villavicencio;58;6;971.08;139836.19;En Riesgo;0.55;0.45;27;7;87
C000290;63;In√≠rida;81;3;1635.49;117755.04;En Riesgo;0.68;0.32;28;11;76
C000291;64;Quibd√≥;155;1;500.14;12003.32;Dormido;0.66;0.34;41;11;8
C000292;20;Medell√≠n;28;17;196.02;799759.91;Activo;0.68;0.32;59;7;55
C000293;29;Quibd√≥;314;1;1032.17;24771.99;Dormido;0.52;0.48;31;7;71
C000294;27;Tulu√°;58;7;1097.35;184354.01;En Riesgo;0.55;0.45;23;7;60
C000295;22;San Andr√©s;11;19;2340.45;1067243.89;Activo;0.43;0.57;53;11;99
C000296;54;Medell√≠n;65;3;1266.03;91154.26;En Riesgo;0.74;0.26;28;8;58
C000297;50;C√∫cuta;68;7;1195.31;200812.33;En Riesgo;0.57;0.43;48;8;80
C000298;21;Manizales;60;6;877.06;126296.12;En Riesgo;0.83;0.17;25;10;52
C000299;70;Florencia;40;6;1914.59;275701.64;En Riesgo;0.88;0.12;14;10;50
C000300;51;Tulu√°;10;10;2613.73;627296.07;Activo;0.47;0.53;54;7;20
C000301;58;Medell√≠n;188;2;841.91;40411.61;Dormido;0.91;0.09;21;3;3
C000302;62;Manizales;1;11;3246.13;856977.64;Activo;0.78;0.22;36;6;55
C000303;26;Medell√≠n;123;2;375.92;18044.18;Dormido;0.69;0.31;19;6;28
C000304;32;Cartagena;47;5;148.57;178283.53;En Riesgo;0.66;0.34;33;4;54
C000305;62;Popay√°n;86;4;1264.27;121369.52;En Riesgo;0.55;0.45;17;11;55
C000306;38;Barranquilla;84;3;1310.99;94391.08;En Riesgo;0.42;0.58;14;10;45
C000307;33;Villavicencio;28;11;2542.63;671254;Activo;0.74;0.26;12;11;94
C000308;73;Bucaramanga;71;4;1139.44;109386.35;En Riesgo;0.71;0.29;17;5;90
C000309;28;Quibd√≥;73;7;1927.62;323840.79;En Riesgo;0.76;0.24;23;7;5
C000310;37;Medell√≠n;14;19;2460.44;1121960.13;Activo;0.31;0.69;41;9;32
C000311;33;Ibagu√©;22;15;2544.11;915879.3;Activo;0.72;0.28;54;5;22
C000312;20;C√∫cuta;125;1;1021.34;24512.06;Dormido;0.87;0.13;28;10;1
C000313;74;In√≠rida;95;2;671.19;32217.13;Dormido;0.81;0.19;38;8;75
C000314;18;C√∫cuta;21;11;3644.87;962246.52;Activo;0.5;0.5;19;9;54
C000315;45;Santa Marta;166;1;67.04;16089.66;Dormido;0.67;0.33;56;8;68
C000316;26;In√≠rida;71;7;113.59;190830.67;En Riesgo;0.56;0.44;19;8;61
C000317;51;Mocoa;194;2;582.44;27957.04;Dormido;0.52;0.48;41;7;86
C000318;56;Puerto Carre√±o;28;18;3539.58;1529097.85;Activo;0.73;0.27;15;9;23
C000319;57;Armenia;148;1;645.17;15484.04;Dormido;0.53;0.47;42;4;87
C000320;52;Monter√≠a;362;2;329.69;15825.14;Dormido;0.72;0.28;50;8;63
C000321;46;Florencia;352;2;641.52;30792.8;Dormido;0.88;0.12;11;7;70
C000322;22;Bucaramanga;16;12;3413.97;983223.86;Activo;0.72;0.28;40;6;14
C000323;59;Ibagu√©;24;16;2820.16;1082941.43;Activo;0.65;0.35;6;10;82
C000324;42;Puerto Vallejo;338;1;455.83;10939.84;Dormido;0.89;0.11;27;11;46
C000325;37;Florencia;7;22;2977.64;1572195.27;Activo;0.52;0.48;50;9;80
C000326;39;Quibd√≥;43;6;1292.74;186155.07;En Riesgo;0.7;0.3;53;3;39
C000327;26;Armenia;35;7;131.99;221743.83;En Riesgo;0.72;0.28;22;11;76
C000328;26;San Andr√©s;57;4;935.85;89841.7;En Riesgo;0.55;0.45;47;5;28
C000329;28;Cali;330;1;846.65;20319.57;Dormido;0.59;0.41;22;9;26
C000330;38;Villavicencio;85;6;1559.49;224566.58;En Riesgo;0.6;0.4;13;4;89
C000331;22;Tulu√°;58;7;1838.94;308942.6;En Riesgo;0.52;0.48;51;11;31
C000332;37;Florencia;67;3;688.55;49575.78;En Riesgo;0.49;0.51;26;8;63
C000333;44;Armenia;22;22;200.84;1060433.24;Activo;0.54;0.46;7;8;83
C000334;52;Cali;11;12;3057.31;880505.14;Activo;0.43;0.57;59;6;70
C000335;35;Tulu√°;11;9;1946.27;420394.24;Activo;0.69;0.31;8;3;96
C000336;44;Tulu√°;49;7;1314.09;220767.21;En Riesgo;0.79;0.21;30;9;70
C000337;34;Yopal;302;1;860.46;20651.03;Dormido;0.51;0.49;14;8;0
C000338;40;Riohacha;23;22;2347.85;1239665.24;Activo;0.37;0.63;7;6;8
C000339;45;Popay√°n;236;1;621.31;14911.41;Dormido;0.58;0.42;19;6;1
C000340;44;San Andr√©s;34;6;1390.49;200230.4;En Riesgo;0.82;0.18;56;4;94
C000341;39;Riohacha;8;19;2406.05;1097160.12;Activo;0.54;0.46;33;5;70
C000342;44;Valledupar;9;11;2715.01;716762.91;Activo;0.33;0.67;18;3;84
C000343;49;Santa Marta;75;5;1280.23;153627.59;En Riesgo;0.49;0.51;31;10;92
C000344;20;Puerto Carre√±o;172;2;490.27;23532.96;Dormido;0.81;0.19;41;9;17
C000345;58;Armenia;8;19;2721.28;1240904.23;Activo;0.78;0.22;19;7;8
C000346;61;Leticia;56;5;1461.41;175368.73;En Riesgo;0.78;0.22;7;4;17
C000347;57;Pereira;41;4;949.22;91124.93;En Riesgo;0.6;0.4;12;5;80
C000348;21;Puerto Carre√±o;112;2;277.97;13342.37;Dormido;0.58;0.42;41;8;10
C000349;30;C√∫cuta;8;16;2325.95;893163.39;Activo;0.44;0.56;9;4;60
C000350;60;Sincelejo;159;1;556.89;13365.27;Dormido;0.54;0.46;18;6;77
C000351;43;Florencia;32;5;1725.66;207079.6;En Riesgo;0.67;0.33;16;4;82
C000352;43;Pereira;67;7;151.29;254166.88;En Riesgo;0.79;0.21;17;5;46
C000353;31;Santa Marta;15;10;1951.68;468403.5;Activo;0.7;0.3;59;5;56
C000354;41;Monter√≠a;65;7;833.22;139981.09;En Riesgo;0.81;0.19;57;6;60
C000355;59;Santa Marta;5;11;2486.06;656320.45;Activo;0.65;0.35;51;4;72
C000356;65;Cartagena;60;6;1462.32;210574.78;En Riesgo;0.89;0.11;25;9;84
C000357;46;In√≠rida;323;1;560.83;13459.8;Dormido;0.6;0.4;11;7;32
C000358;57;Sincelejo;71;4;1449.11;139114.57;En Riesgo;0.67;0.33;42;9;67
C000359;24;Manizales;83;3;1519.31;109390.47;En Riesgo;0.82;0.18;15;6;43
C000360;65;Cartagena;21;8;2725.87;523367.25;Activo;0.58;0.42;31;9;89
C000361;55;Quibd√≥;83;4;812.31;77981.66;En Riesgo;0.57;0.43;11;11;41
C000362;74;Sincelejo;9;16;2019.37;775439.71;Activo;0.33;0.67;15;5;4
C000363;48;Armenia;63;6;132.72;191117.23;En Riesgo;0.76;0.24;7;5;44
C000364;34;Cali;49;4;1630.41;156519.2;En Riesgo;0.45;0.55;12;11;35
C000365;27;Bogot√°;26;20;2185.35;1048968;Activo;0.79;0.21;25;7;84
C000366;54;Cali;64;6;665.39;95815.82;En Riesgo;0.46;0.54;29;3;64
C000367;66;Riohacha;219;1;623.57;14965.65;Dormido;0.59;0.41;8;8;19
C000368;48;Barranquilla;14;20;1980.02;950407.64;Activo;0.51;0.49;16;8;65
C000369;45;Leticia;19;22;2662.79;1405953;Activo;0.46;0.54;21;9;88
C000370;51;Yopal;35;3;690.37;49706.58;En Riesgo;0.55;0.45;34;4;78
C000371;70;Villavicencio;13;9;2240.93;484041.34;Activo;0.64;0.36;32;5;48
C000372;22;Medell√≠n;55;4;1289.83;123824.04;En Riesgo;0.55;0.45;35;3;28
C000373;45;Pereira;4;16;249.67;958732.05;Activo;0.51;0.49;45;5;95
C000374;43;Manizales;19;21;2488.08;1253991.37;Activo;0.73;0.27;29;3;51
C000375;53;Leticia;31;6;1273.66;183406.4;En Riesgo;0.87;0.13;26;10;72
C000376;67;Pasto;216;2;506.94;24332.9;Dormido;0.84;0.16;35;3;35
C000377;41;Leticia;83;4;968.32;92959.11;En Riesgo;0.4;0.6;38;6;8
C000378;20;Quibd√≥;213;2;521.76;25044.69;Dormido;0.59;0.41;46;11;41
C000379;71;Cartagena;87;5;1251.64;150197.23;En Riesgo;0.89;0.11;29;10;81
C000380;34;Arauca;89;4;1355.87;130163.99;En Riesgo;0.72;0.28;47;7;91
C000381;18;Ibagu√©;26;12;2565.88;738973.71;Activo;0.53;0.47;33;4;34
C000382;65;Puerto Vallejo;39;6;1527.69;219986.96;En Riesgo;0.84;0.16;45;9;24
C000383;56;In√≠rida;21;13;2300.81;717853.95;Activo;0.36;0.64;32;3;95
C000384;71;Florencia;29;16;1691.08;649373.73;Activo;0.64;0.36;14;10;22
C000385;34;Sincelejo;5;14;3034.87;1019717.05;Activo;0.52;0.48;36;9;35
C000386;42;Popay√°n;59;6;892.76;128557.21;En Riesgo;0.9;0.1;35;11;97
C000387;29;Sincelejo;74;5;1203.21;144385.36;En Riesgo;0.69;0.31;17;11;21
C000388;73;Pereira;46;6;1188.13;171090.67;En Riesgo;0.83;0.17;43;6;58
C000389;45;Medell√≠n;356;1;532.04;12768.86;Dormido;0.88;0.12;7;11;22
C000390;30;Tulu√°;51;3;1254.64;90334.11;En Riesgo;0.83;0.17;33;5;86
C000391;42;San Andr√©s;285;1;647.17;15532.15;Dormido;0.58;0.42;40;10;34
C000392;43;San Andr√©s;35;5;1545.45;185454.55;En Riesgo;0.43;0.57;40;4;35
C000393;55;Riohacha;24;13;2803.58;874718.36;Activo;0.78;0.22;42;5;77
C000394;61;Popay√°n;357;1;649.41;15585.92;Dormido;0.8;0.2;22;6;13
C000395;44;Leticia;312;2;473.05;22706.37;Dormido;0.55;0.45;58;11;85
C000396;47;Puerto Carre√±o;18;8;1980.85;380323.39;Activo;0.76;0.24;21;11;80
C000397;21;Arauca;80;6;1436.97;206924.01;En Riesgo;0.63;0.37;13;10;39
C000398;50;Bucaramanga;312;1;539.91;12957.87;Dormido;0.73;0.27;30;6;78
C000399;41;Cali;78;3;93.57;67370.4;En Riesgo;0.78;0.22;55;3;93
C000400;61;Santa Marta;132;1;227.14;5451.35;Dormido;0.89;0.11;33;10;84
C000401;48;In√≠rida;48;3;1003.67;72263.97;En Riesgo;0.65;0.35;46;6;66
C000402;54;In√≠rida;51;7;1388.84;233325.62;En Riesgo;0.7;0.3;46;7;7
C000403;21;In√≠rida;259;2;596.83;28647.79;Dormido;0.75;0.25;44;8;87
C000404;23;Bogot√°;88;7;128.46;215812.01;En Riesgo;0.68;0.32;25;11;35
C000405;22;San Andr√©s;32;5;1136.52;136381.89;En Riesgo;0.69;0.31;43;4;62
C000406;70;Arauca;17;21;1567.09;789811.12;Activo;0.33;0.67;28;3;56
C000407;21;Leticia;16;14;790.09;265471.05;Activo;0.4;0.6;17;8;0
C000408;30;Riohacha;207;2;713.63;34254.19;Dormido;0.51;0.49;46;4;32
C000409;39;Puerto Carre√±o;23;15;35.43;1275480.93;Activo;0.65;0.35;6;6;18
C000410;67;Medell√≠n;16;10;3168.71;760491.15;Activo;0.31;0.69;11;7;96
C000411;38;Medell√≠n;5;22;2757.04;1455715.72;Activo;0.62;0.38;31;6;98
C000412;44;Manizales;15;17;2824.97;1152586.48;Activo;0.41;0.59;42;6;51
C000413;49;Sincelejo;32;6;1481.12;213280.84;En Riesgo;0.56;0.44;20;9;32
C000414;71;Medell√≠n;20;11;2717.66;717461.45;Activo;0.74;0.26;23;9;82
C000415;61;Mocoa;80;6;15.87;228527.88;En Riesgo;0.5;0.5;43;10;92
C000416;21;Puerto Carre√±o;20;14;2555.25;858564.07;Activo;0.77;0.23;10;6;71
C000417;61;Valledupar;17;23;2557.67;1411833.78;Activo;0.63;0.37;46;9;5
C000418;18;Pasto;268;2;95.67;45921.6;Dormido;0.66;0.34;56;10;36
C000419;63;Tulu√°;294;1;838.32;20119.62;Dormido;0.93;0.07;44;6;16
C000420;57;Pasto;42;5;98.56;118272.34;En Riesgo;0.47;0.53;34;11;42
C000421;40;Arauca;59;7;1572.28;264143.34;En Riesgo;0.42;0.58;46;11;99
C000422;73;Yopal;26;22;2923.18;1543436.78;Activo;0.65;0.35;23;11;15
C000423;49;Monter√≠a;17;8;1739.28;333942.43;Activo;0.33;0.67;16;3;91
C000424;56;Armenia;9;11;276.63;730302.74;Activo;0.72;0.28;50;9;31
C000425;36;In√≠rida;89;5;65.75;78899.69;En Riesgo;0.84;0.16;48;8;78
C000426;22;Puerto Vallejo;5;10;2430.24;583258.32;Activo;0.61;0.39;18;4;46
C000427;52;C√∫cuta;46;6;139.94;201513.42;En Riesgo;0.43;0.57;54;10;29
C000428;73;Cartagena;31;4;1140.05;109445.14;En Riesgo;0.74;0.26;54;4;35
C000429;50;Florencia;321;1;891.76;21402.33;Dormido;0.81;0.19;50;5;12
C000430;29;Cali;14;16;2384.29;915567.73;Activo;0.78;0.22;44;9;31
C000431;41;Arauca;74;3;1335.51;96156.72;En Riesgo;0.6;0.4;22;5;94
C000432;61;Leticia;257;2;555.32;26655.38;Dormido;0.88;0.12;59;7;14
C000433;68;Barranquilla;29;17;3224.65;1315655.66;Activo;0.54;0.46;33;6;38
C000434;64;San Andr√©s;85;3;1166.05;83955.51;En Riesgo;0.62;0.38;26;4;79
C000435;55;Tulu√°;347;1;712.02;17088.54;Dormido;0.84;0.16;52;9;34
C000436;58;Pasto;9;10;2512.58;603019.79;Activo;0.7;0.3;37;6;25
C000437;32;Bogot√°;149;1;621.59;14918.17;Dormido;0.62;0.38;18;4;29
C000438;57;Pasto;156;1;602.48;14459.42;Dormido;0.56;0.44;29;4;0
C000439;43;In√≠rida;28;11;2407.16;635489.65;Activo;0.59;0.41;30;6;77
C000440;45;Riohacha;75;6;729.89;105103.59;En Riesgo;0.51;0.49;7;4;26
C000441;47;Bucaramanga;37;7;1267.34;212912.51;En Riesgo;0.55;0.45;7;3;74
C000442;68;Manizales;294;2;468.74;22499.57;Dormido;0.7;0.3;46;6;54
C000443;18;Bogot√°;40;3;857.01;61705.01;En Riesgo;0.62;0.38;26;9;86
C000444;64;Manizales;315;2;444.42;21331.94;Dormido;0.89;0.11;21;5;60
C000445;74;Puerto Carre√±o;174;2;544.54;26138.08;Dormido;0.54;0.46;48;5;55
C000446;25;Yopal;67;7;1269.62;213296.64;En Riesgo;0.7;0.3;49;4;34
C000447;63;C√∫cuta;235;2;627.34;30112.37;Dormido;0.88;0.12;14;3;68
C000448;32;Barranquilla;14;18;2473.02;1068344.07;Activo;0.39;0.61;8;10;22
C000449;19;Leticia;14;16;232.01;890917.97;Activo;0.73;0.27;32;9;95
C000450;56;Sincelejo;70;7;933.55;156837.17;En Riesgo;0.46;0.54;30;9;94
C000451;38;San Andr√©s;6;12;2377.84;684818.35;Activo;0.66;0.34;38;6;4
C000452;52;Arauca;28;12;3254.17;937200.4;Activo;0.54;0.46;35;4;72
C000453;32;Riohacha;42;7;869.09;146006.44;En Riesgo;0.86;0.14;8;10;69
C000454;29;Medell√≠n;47;4;911.65;87518.26;En Riesgo;0.79;0.21;15;7;22
C000455;58;Yopal;270;1;539.19;12940.63;Dormido;0.82;0.18;44;4;40
C000456;58;San Andr√©s;24;20;2887.51;1386003.39;Activo;0.49;0.51;8;9;15
C000457;26;Puerto Carre√±o;55;3;112.72;81158.35;En Riesgo;0.78;0.22;24;9;44
C000458;69;Sincelejo;60;7;1216.89;204437.35;En Riesgo;0.79;0.21;28;8;35
C000459;64;Puerto Vallejo;170;1;76.99;18477.71;Dormido;0.78;0.22;32;8;19
C000460;22;Tulu√°;54;5;939.98;112797.62;En Riesgo;0.76;0.24;26;10;99
C000461;26;Villavicencio;25;11;2927.68;772908.1;Activo;0.68;0.32;58;6;94
C000462;22;San Andr√©s;43;3;100.23;72165.69;En Riesgo;0.42;0.58;50;10;4
C000463;64;Mocoa;12;9;2071.15;447368.98;Activo;0.72;0.28;11;3;62
C000464;30;In√≠rida;16;8;2374.11;455830.05;Activo;0.36;0.64;48;10;44
C000465;63;Pereira;13;16;1941.59;745570.53;Activo;0.8;0.2;40;8;98
C000466;37;Medell√≠n;22;23;2084.34;1150557.96;Activo;0.71;0.29;49;6;31
C000467;66;Cartagena;357;2;427.48;20519.13;Dormido;0.79;0.21;53;10;77
C000468;28;Bucaramanga;157;1;834.24;20021.78;Dormido;0.67;0.33;31;3;79
C000469;60;Quibd√≥;77;7;969.81;162928.35;En Riesgo;0.71;0.29;58;8;76
C000470;20;Leticia;18;22;2873.64;1517282.07;Activo;0.44;0.56;6;6;5
C000471;70;Armenia;11;11;2853.62;753356.93;Activo;0.46;0.54;47;3;12
C000472;57;In√≠rida;326;1;703.57;16885.62;Dormido;0.52;0.48;19;7;85
C000473;66;San Andr√©s;58;3;1280.41;92189.87;En Riesgo;0.45;0.55;26;3;41
C000474;31;Manizales;14;13;2365.66;738084.86;Activo;0.79;0.21;38;11;17
C000475;58;Bucaramanga;363;2;698.27;33516.86;Dormido;0.72;0.28;27;3;41
C000476;41;In√≠rida;343;2;442.53;21241.2;Dormido;0.89;0.11;41;5;76
C000477;45;Bogot√°;19;22;2395.28;1264710.21;Activo;0.6;0.4;54;7;85
C000478;43;Manizales;49;5;142.95;171539.46;En Riesgo;0.85;0.15;40;8;42
C000479;36;Cartagena;16;16;1717.95;659692.46;Activo;0.42;0.58;58;6;51
C000480;60;Puerto Vallejo;204;2;644.96;30958.24;Dormido;0.76;0.24;34;5;24
C000481;63;Puerto Carre√±o;19;20;1788.81;858626.92;Activo;0.8;0.2;34;11;12
C000482;27;Pereira;68;5;1099.88;131985.6;En Riesgo;0.56;0.44;36;10;62
C000483;70;San Andr√©s;203;2;586.26;28140.68;Dormido;0.82;0.18;6;11;51
C000484;51;Cali;6;14;2723.13;914972.43;Activo;0.61;0.39;40;6;57
C000485;72;Arauca;72;5;811.48;97378.02;En Riesgo;0.45;0.55;14;10;75
C000486;22;Santa Marta;23;22;1719.62;907957.19;Activo;0.31;0.69;23;7;20
C000487;58;Arauca;136;2;765.08;36723.98;Dormido;0.89;0.11;54;5;24
C000488;54;Villavicencio;40;5;1789.42;214730.68;En Riesgo;0.49;0.51;12;7;37
C000489;72;C√∫cuta;38;4;1007.16;96687.4;En Riesgo;0.86;0.14;58;4;75
C000490;53;Villavicencio;69;7;1449.79;243564.06;En Riesgo;0.89;0.11;49;4;6
C000491;45;Pereira;27;21;2344.84;1181797.98;Activo;0.63;0.37;17;4;90
C000492;49;Yopal;26;17;2926.43;1193982.71;Activo;0.4;0.6;48;10;29
C000493;40;Bogot√°;245;1;340.75;8178.08;Dormido;0.78;0.22;24;3;21
C000494;49;Puerto Carre√±o;35;6;1310.64;188731.57;En Riesgo;0.82;0.18;32;4;86
C000495;24;Bucaramanga;54;6;1351.98;194685.8;En Riesgo;0.84;0.16;27;11;30
C000496;70;Sincelejo;334;1;64.88;15571.24;Dormido;0.69;0.31;28;4;71
C000497;55;Barranquilla;87;5;907.59;108911.29;En Riesgo;0.81;0.19;51;5;36
C000498;30;Santa Marta;182;2;1000.26;48012.65;Dormido;0.54;0.46;16;10;82
C000499;61;Riohacha;5;12;2594.35;747172.77;Activo;0.68;0.32;44;3;77
C000500;45;Tulu√°;65;5;1349.14;161896.6;En Riesgo;0.89;0.11;43;4;12
C000501;22;Bogot√°;15;15;2787.57;1003524.32;Activo;0.59;0.41;45;7;35
C000502;42;Medell√≠n;13;16;2905.65;1115770.66;Activo;0.34;0.66;17;5;93
C000503;45;Barranquilla;1;19;27.39;1248983.86;Activo;0.63;0.37;24;10;39
C000504;42;Bogot√°;3;15;2331.22;839238.01;Activo;0.46;0.54;44;10;10
C000505;65;Bucaramanga;8;8;3220.94;618419.82;Activo;0.74;0.26;18;3;66
C000506;50;Cartagena;43;7;1198.13;201286.45;En Riesgo;0.76;0.24;37;7;22
C000507;19;Monter√≠a;10;9;3084.38;666227.04;Activo;0.34;0.66;36;7;73
C000508;51;Riohacha;67;6;1216.57;175185.95;En Riesgo;0.77;0.23;41;8;17
C000509;57;Sincelejo;6;10;2946.31;707113.5;Activo;0.32;0.68;24;7;68
C000510;22;Arauca;79;6;1467.73;211353.06;En Riesgo;0.55;0.45;29;11;38
C000511;19;Popay√°n;328;2;917.93;44060.75;Dormido;0.85;0.15;42;9;89
C000512;26;Ibagu√©;201;1;56.73;13615.2;Dormido;0.67;0.33;42;8;29
C000513;33;Arauca;138;2;395.25;18971.91;Dormido;0.86;0.14;16;8;58
C000514;53;Puerto Vallejo;210;1;615.79;14778.89;Dormido;0.92;0.08;22;6;85
C000515;55;Cartagena;52;5;59.34;71208.23;En Riesgo;0.81;0.19;39;11;44
C000516;39;Arauca;14;10;2772.16;665318.72;Activo;0.66;0.34;9;10;44
C000517;54;Cartagena;263;2;65.73;31550.39;Dormido;0.71;0.29;30;11;91
C000518;61;Bucaramanga;125;1;459.94;11038.49;Dormido;0.88;0.12;15;10;16
C000519;59;Cartagena;250;1;667.72;16025.25;Dormido;0.88;0.12;48;8;31
C000520;31;Cartagena;27;12;2596.83;747886.37;Activo;0.72;0.28;32;10;63
C000521;27;Barranquilla;343;1;679.55;16309.24;Dormido;0.61;0.39;59;6;5
C000522;18;Puerto Carre√±o;46;6;125.56;180805.9;En Riesgo;0.74;0.26;24;4;16
C000523;45;Florencia;74;6;986.36;142036.48;En Riesgo;0.71;0.29;35;6;15
C000524;57;Santa Marta;75;3;1021.01;73512.48;En Riesgo;0.67;0.33;8;7;3
C000525;46;Monter√≠a;7;18;1268.06;547800.47;Activo;0.54;0.46;16;5;49
C000526;42;Bogot√°;5;20;1548.06;743066.51;Activo;0.67;0.33;22;3;96
C000527;33;Armenia;23;13;2119.15;661174.29;Activo;0.44;0.56;19;8;84
C000528;70;Pereira;85;3;1216.22;87567.64;En Riesgo;0.73;0.27;56;3;17
C000529;64;Puerto Vallejo;19;13;1895.97;591543.48;Activo;0.33;0.67;42;6;97
C000530;38;In√≠rida;18;23;257.01;1418693.04;Activo;0.69;0.31;18;9;23
C000531;53;Mocoa;11;22;2109.33;1113727.3;Activo;0.32;0.68;28;10;13
C000532;61;Pasto;111;1;481.85;11564.45;Dormido;0.78;0.22;39;9;72
C000533;19;Arauca;66;3;1194.26;85986.65;En Riesgo;0.64;0.36;58;10;77
C000534;73;Florencia;10;15;2850.97;1026349.38;Activo;0.68;0.32;37;5;78
C000535;45;Monter√≠a;22;12;2660.92;766344.27;Activo;0.78;0.22;11;6;43
C000536;35;Mocoa;231;2;443.73;21298.97;Dormido;0.68;0.32;9;7;5
C000537;72;Cali;50;7;1166.21;195923.95;En Riesgo;0.81;0.19;35;6;24
C000538;43;In√≠rida;12;23;2840.96;1568210.75;Activo;0.55;0.45;15;8;52
C000539;41;Quibd√≥;37;4;672.86;64594.54;En Riesgo;0.52;0.48;15;10;87
C000540;57;Ibagu√©;70;6;1428.73;205737.21;En Riesgo;0.52;0.48;31;3;29
C000541;61;Florencia;18;17;2860.31;1167004.55;Activo;0.47;0.53;47;5;15
C000542;64;Florencia;19;16;1357.46;521263.78;Activo;0.78;0.22;34;10;7
C000543;56;Mocoa;271;2;744.12;35717.7;Dormido;0.76;0.24;11;7;3
C000544;68;Manizales;94;2;381.68;18320.73;Dormido;0.91;0.09;20;5;49
C000545;68;Cartagena;3;18;218.33;943183.9;Activo;0.77;0.23;53;6;12
C000546;65;Sincelejo;22;12;2611.23;752034.12;Activo;0.36;0.64;52;4;95
C000547;46;Armenia;65;6;1492.86;214971.89;En Riesgo;0.46;0.54;40;11;33
C000548;32;Sincelejo;20;22;23.98;1266141.85;Activo;0.78;0.22;36;11;15
C000549;43;Mocoa;6;21;2708.86;1365266.05;Activo;0.48;0.52;14;11;39
C000550;52;Puerto Vallejo;350;2;341.89;16410.6;Dormido;0.62;0.38;46;11;59
C000551;18;Florencia;94;1;829.48;19907.43;Dormido;0.5;0.5;46;11;94
C000552;68;Leticia;68;7;1013.34;170240.68;En Riesgo;0.66;0.34;6;8;55
C000553;60;Pasto;8;15;2128.32;766195.2;Activo;0.7;0.3;21;6;34
C000554;62;Tulu√°;70;4;1075.03;103202.51;En Riesgo;0.43;0.57;50;10;90
C000555;71;Bogot√°;10;19;1752.31;799052.86;Activo;0.55;0.45;26;10;37
C000556;29;Cali;121;1;27.53;6607.3;Dormido;0.7;0.3;46;8;53
C000557;64;Villavicencio;32;6;1725.69;248499.79;En Riesgo;0.63;0.37;57;6;3
C000558;32;Ibagu√©;24;9;2550.78;550968.73;Activo;0.47;0.53;32;10;48
C000559;65;Arauca;305;1;929.26;22302.16;Dormido;0.86;0.14;17;3;40
C000560;41;Santa Marta;19;23;1949.95;1076373.24;Activo;0.78;0.22;49;11;21
C000561;51;Tulu√°;64;5;665.64;79876.89;En Riesgo;0.4;0.6;13;5;87
C000562;36;Tulu√°;28;14;2691.45;904327.58;Activo;0.48;0.52;35;7;75
C000563;67;Bucaramanga;97;2;677.97;32542.54;Dormido;0.9;0.1;47;9;51
C000564;66;Tulu√°;50;5;1091.03;130923.03;En Riesgo;0.7;0.3;59;9;59
C000565;61;In√≠rida;84;7;1720.24;289001.06;En Riesgo;0.65;0.35;10;6;52
C000566;37;Ibagu√©;12;12;2196.42;632569.97;Activo;0.7;0.3;52;5;45
C000567;64;Florencia;71;4;796.26;76440.91;En Riesgo;0.9;0.1;12;7;63
C000568;70;C√∫cuta;58;6;1057.21;152238.85;En Riesgo;0.66;0.34;26;3;80
C000569;54;Pereira;25;18;3339.75;1442772.4;Activo;0.44;0.56;38;3;9
C000570;27;Monter√≠a;25;17;2349.75;958698.7;Activo;0.34;0.66;8;7;18
C000571;28;Ibagu√©;22;10;3129.43;751062.85;Activo;0.34;0.66;17;10;47
C000572;70;Puerto Vallejo;8;15;2652.23;954803.25;Activo;0.62;0.38;41;3;44
C000573;43;Pasto;99;2;654.97;31438.55;Dormido;0.86;0.14;30;3;17
C000574;30;Quibd√≥;1;18;1843.54;796407.28;Activo;0.7;0.3;39;6;98
C000575;69;Ibagu√©;55;6;910.16;131063.33;En Riesgo;0.88;0.12;14;5;68
C000576;56;Popay√°n;143;1;949.18;22780.34;Dormido;0.54;0.46;45;9;92
C000577;58;Manizales;5;18;2354.02;1016937.11;Activo;0.37;0.63;15;5;74
C000578;64;Villavicencio;237;2;712.51;34200.5;Dormido;0.83;0.17;8;6;31
C000579;34;Pasto;40;6;1377.89;198415.47;En Riesgo;0.67;0.33;22;10;15
C000580;63;Quibd√≥;3;10;2123.88;509731.86;Activo;0.36;0.64;46;5;25
C000581;73;Manizales;334;1;654.76;15714.35;Dormido;0.67;0.33;29;6;42
C000582;35;Sincelejo;19;10;3263.47;783232.09;Activo;0.53;0.47;49;3;37
C000583;30;Barranquilla;65;3;1754.58;126330.09;En Riesgo;0.77;0.23;11;3;71
C000584;59;Cartagena;8;11;2417.68;638267.09;Activo;0.54;0.46;47;7;19
C000585;51;Medell√≠n;3;18;3094.84;1336969.84;Activo;0.5;0.5;22;7;31
C000586;62;Puerto Vallejo;243;1;890.84;21380.16;Dormido;0.55;0.45;31;7;81
C000587;33;Mocoa;19;15;2586.21;931035.57;Activo;0.38;0.62;33;8;54
C000588;20;C√∫cuta;260;1;649.31;15583.45;Dormido;0.62;0.38;53;8;63
C000589;60;Medell√≠n;4;22;2643.43;1395732.05;Activo;0.31;0.69;59;8;82
C000590;58;Riohacha;124;2;865.05;41522.53;Dormido;0.57;0.43;54;8;25
C000591;27;Pasto;20;15;2902.95;1045062.17;Activo;0.76;0.24;38;8;61
C000592;40;Santa Marta;47;4;1226.96;117788.52;En Riesgo;0.88;0.12;15;4;9
C000593;41;Villavicencio;34;3;1694.16;121979.22;En Riesgo;0.83;0.17;46;3;45
C000594;30;Florencia;4;19;2618.09;1193849.03;Activo;0.76;0.24;55;7;96
C000595;58;Cali;86;4;1316.52;126386.08;En Riesgo;0.75;0.25;22;3;27
C000596;26;Santa Marta;83;4;1079.49;103630.6;En Riesgo;0.85;0.15;40;7;12
C000597;29;Puerto Carre√±o;8;9;3312.01;715394.14;Activo;0.51;0.49;18;10;55
C000598;26;Bogot√°;19;23;2489.92;1374437.13;Activo;0.71;0.29;29;5;74
C000599;58;Santa Marta;13;14;2813.31;945271.45;Activo;0.43;0.57;24;5;58
C000600;57;Valledupar;210;1;858.47;20603.25;Dormido;0.81;0.19;45;7;61
C000601;35;Pasto;214;2;446.45;21429.8;Dormido;0.61;0.39;51;6;22
C000602;18;Pasto;13;21;3222.82;1624300.03;Activo;0.42;0.58;24;8;21
C000603;20;Cartagena;12;21;2852.77;1437798.24;Activo;0.44;0.56;41;3;43
C000604;55;Barranquilla;59;6;1246.66;179518.68;En Riesgo;0.71;0.29;18;6;17
C000605;39;Mocoa;319;2;608.83;29223.69;Dormido;0.78;0.22;54;8;79
C000606;19;San Andr√©s;76;4;1001.24;96119.46;En Riesgo;0.43;0.57;30;3;94
C000607;34;In√≠rida;4;10;3819.05;916572.32;Activo;0.59;0.41;40;4;3
C000608;59;Pereira;61;3;1277.54;91982.97;En Riesgo;0.67;0.33;21;6;29
C000609;37;Cali;61;7;1069.67;179704.7;En Riesgo;0.44;0.56;28;9;88
C000610;37;Cali;329;2;751.93;36092.85;Dormido;0.93;0.07;42;5;59
C000611;36;Pasto;163;2;506.33;24303.85;Dormido;0.57;0.43;21;9;32
C000612;60;Mocoa;23;17;2910.77;1187593.92;Activo;0.73;0.27;27;8;65
C000613;29;Leticia;22;10;2892.65;694236.86;Activo;0.44;0.56;40;11;66
C000614;25;Puerto Vallejo;24;13;162.65;507469.38;Activo;0.34;0.66;20;4;44
C000615;55;Cartagena;332;1;991.46;23795;Dormido;0.73;0.27;49;5;53
C000616;41;C√∫cuta;28;13;3001.12;936349.09;Activo;0.45;0.55;47;11;35
C000617;47;Cartagena;38;5;1396.39;167567.11;En Riesgo;0.65;0.35;8;6;92
C000618;33;Puerto Carre√±o;23;15;2301.65;828594.69;Activo;0.62;0.38;28;10;0
C000619;63;Arauca;3;22;2414.85;1275041.52;Activo;0.52;0.48;49;3;90
C000620;61;In√≠rida;39;4;1267.68;121697.41;En Riesgo;0.61;0.39;26;9;96
C000621;32;Armenia;263;2;670.69;32193.26;Dormido;0.75;0.25;58;3;71
C000622;68;Valledupar;319;2;67.16;32236.96;Dormido;0.93;0.07;28;4;76
C000623;42;Riohacha;213;2;639.53;30697.62;Dormido;0.5;0.5;22;11;32
C000624;61;Popay√°n;23;18;2698.74;1165857.15;Activo;0.76;0.24;35;8;90
C000625;37;C√∫cuta;77;7;971.58;163225.81;En Riesgo;0.52;0.48;49;7;79
C000626;49;Armenia;38;6;776.74;111851.24;En Riesgo;0.89;0.11;10;7;50
C000627;61;Barranquilla;11;12;2153.86;620311.32;Activo;0.49;0.51;10;10;36
C000628;42;Quibd√≥;196;2;592.22;28426.34;Dormido;0.75;0.25;40;8;69
C000629;62;Tulu√°;5;8;2467.01;473666.29;Activo;0.33;0.67;22;7;85
C000630;47;C√∫cuta;58;5;1356.65;162797.92;En Riesgo;0.51;0.49;10;6;21
C000631;64;Cali;19;10;2085.14;500434.19;Activo;0.4;0.6;28;9;55
C000632;26;In√≠rida;76;3;1105.43;79591.14;En Riesgo;0.8;0.2;58;6;48
C000633;52;In√≠rida;138;1;408.53;9804.64;Dormido;0.57;0.43;33;7;29
C000634;28;Riohacha;286;2;384.04;18433.96;Dormido;0.91;0.09;13;10;4
C000635;43;C√∫cuta;4;9;231.28;499564.75;Activo;0.43;0.57;50;8;86
C000636;68;Florencia;360;2;567.55;27242.41;Dormido;0.6;0.4;19;10;30
C000637;22;Pasto;68;5;167.98;201576.42;En Riesgo;0.68;0.32;54;4;9
C000638;30;Armenia;50;7;1353.72;227424.76;En Riesgo;0.73;0.27;21;8;52
C000639;46;Cartagena;27;14;3295.47;1107278.15;Activo;0.71;0.29;8;3;39
C000640;58;Leticia;20;19;2169.83;989444.47;Activo;0.47;0.53;46;7;68
C000641;29;Pereira;14;22;3729.34;1969092.67;Activo;0.47;0.53;24;9;76
C000642;25;Bucaramanga;20;14;2811.55;944681;Activo;0.49;0.51;42;5;34
C000643;64;Leticia;180;1;831.55;19957.26;Dormido;0.69;0.31;48;8;28
C000644;44;Villavicencio;19;10;2876.89;690452.84;Activo;0.47;0.53;36;5;34
C000645;51;Valledupar;7;10;2095.43;502903.1;Activo;0.6;0.4;30;3;49
C000646;32;Arauca;59;4;1386.77;133130.05;En Riesgo;0.52;0.48;8;5;0
C000647;57;Pasto;41;4;1538.17;147664.64;En Riesgo;0.63;0.37;40;7;94
C000648;40;Manizales;12;15;267.69;963685.58;Activo;0.5;0.5;38;9;59
C000649;38;Cali;16;19;2931.84;1336920.42;Activo;0.49;0.51;53;9;80
C000650;21;Mocoa;284;1;378.89;9093.27;Dormido;0.67;0.33;31;8;46
C000651;44;Monter√≠a;61;5;962.32;115478.07;En Riesgo;0.66;0.34;45;10;53
C000652;39;Sincelejo;22;22;2293.97;1211218.2;Activo;0.31;0.69;59;8;44
C000653;38;Florencia;15;9;3386.56;731497.43;Activo;0.68;0.32;36;9;20
C000654;25;In√≠rida;7;13;2208.36;689006.82;Activo;0.45;0.55;49;9;37
C000655;63;Arauca;12;8;2757.98;529531.86;Activo;0.63;0.37;14;7;27
C000656;55;Monter√≠a;27;17;264.67;1079854.68;Activo;0.52;0.48;59;6;84
C000657;54;Ibagu√©;53;7;1028.69;172819.25;En Riesgo;0.52;0.48;27;8;88
C000658;43;Santa Marta;110;2;1009.53;48457.46;Dormido;0.88;0.12;7;3;73
C000659;28;Santa Marta;288;2;602.82;28935.2;Dormido;0.53;0.47;51;3;1
C000660;29;Cartagena;20;8;253.27;486277.9;Activo;0.75;0.25;34;9;43
C000661;70;Valledupar;44;5;1208.54;145024.26;En Riesgo;0.84;0.16;7;6;9
C000662;24;Cali;28;20;2482.34;1191521.16;Activo;0.75;0.25;28;10;20
C000663;20;Mocoa;1;19;3158.53;1440289.38;Activo;0.59;0.41;9;11;75
C000664;25;Valledupar;3;11;2409.13;636011.08;Activo;0.51;0.49;21;7;5
C000665;68;Bogot√°;58;3;1389.28;100027.84;En Riesgo;0.47;0.53;58;7;67
C000666;20;Barranquilla;8;10;1960.63;470551.43;Activo;0.78;0.22;11;11;25
C000667;32;Ibagu√©;80;7;1201.74;201891.57;En Riesgo;0.59;0.41;15;6;13
C000668;37;Riohacha;208;1;618.02;14832.53;Dormido;0.73;0.27;39;3;42
C000669;30;Bucaramanga;8;22;2520.58;1330864.43;Activo;0.63;0.37;48;10;19
C000670;69;Cartagena;234;1;58.49;14037.64;Dormido;0.54;0.46;57;11;34
C000671;28;Sincelejo;72;4;146.09;140246.83;En Riesgo;0.82;0.18;57;9;80
C000672;33;Manizales;31;6;947.04;136373.75;En Riesgo;0.63;0.37;12;8;66
C000673;28;Pereira;215;1;749.26;17982.32;Dormido;0.92;0.08;12;10;66
C000674;59;Pasto;7;18;2883.25;1245564.81;Activo;0.58;0.42;59;5;37
C000675;36;Santa Marta;10;16;2903.47;1114931.75;Activo;0.43;0.57;59;6;4
C000676;60;Yopal;211;1;27.46;6590.47;Dormido;0.85;0.15;10;10;90
C000677;20;Pasto;26;20;2418.07;1160672.98;Activo;0.33;0.67;28;6;49
C000678;33;Medell√≠n;217;2;662.44;31796.93;Dormido;0.91;0.09;56;7;10
C000679;29;Pereira;21;20;2976.99;1428956.11;Activo;0.56;0.44;40;8;20
C000680;67;Medell√≠n;86;3;1146.84;82572.46;En Riesgo;0.69;0.31;41;3;9
C000681;25;Cali;67;7;943.17;158452.17;En Riesgo;0.79;0.21;54;11;88
C000682;44;Barranquilla;104;2;618.02;29664.8;Dormido;0.6;0.4;55;9;74
C000683;34;Ibagu√©;157;1;689.03;16536.61;Dormido;0.53;0.47;36;6;3
C000684;49;Tulu√°;132;1;500.62;12014.87;Dormido;0.63;0.37;23;9;68
C000685;48;Ibagu√©;63;4;998.51;95856.66;En Riesgo;0.8;0.2;55;10;67
C000686;73;Popay√°n;234;2;609.44;29253.34;Dormido;0.78;0.22;29;5;27
C000687;52;C√∫cuta;183;1;69.43;16663.15;Dormido;0.77;0.23;55;8;4
C000688;44;Puerto Carre√±o;3;21;23.48;1183390.68;Activo;0.54;0.46;11;11;27
C000689;67;Cartagena;34;4;1071.47;102861.26;En Riesgo;0.5;0.5;50;8;57
C000690;46;Villavicencio;12;22;1858.46;981265.44;Activo;0.53;0.47;56;6;54
C000691;73;Cali;24;13;3296.43;1028484.92;Activo;0.66;0.34;31;6;83
C000692;52;Pasto;16;18;2585.28;1116842.26;Activo;0.63;0.37;32;3;97
C000693;27;Arauca;12;14;237.97;799579.48;Activo;0.67;0.33;38;9;44
C000694;39;Cartagena;29;21;2899.11;1461149.02;Activo;0.54;0.46;16;8;31
C000695;45;Santa Marta;41;3;1579.25;113706.1;En Riesgo;0.4;0.6;57;11;38
C000696;31;Leticia;1;20;2474.52;1187767.45;Activo;0.51;0.49;23;6;77
C000697;22;Riohacha;54;7;13.15;220920.44;En Riesgo;0.73;0.27;35;9;37
C000698;66;Bogot√°;202;2;940.79;45158.15;Dormido;0.64;0.36;9;4;69
C000699;45;Medell√≠n;74;3;350.18;25212.98;En Riesgo;0.59;0.41;54;9;9
C000700;60;Barranquilla;223;1;507.42;12178.11;Dormido;0.69;0.31;47;3;97
C000701;21;Tulu√°;23;17;2456.86;1002398.24;Activo;0.77;0.23;40;8;48
C000702;44;C√∫cuta;51;4;1138.05;109252.34;En Riesgo;0.78;0.22;10;7;60
C000703;63;Villavicencio;108;2;497.03;23857.3;Dormido;0.58;0.42;53;8;3
C000704;22;Popay√°n;87;5;179.36;215231.45;En Riesgo;0.51;0.49;30;5;25
C000705;73;Cali;59;7;1538.39;258449.8;En Riesgo;0.75;0.25;18;8;58
C000706;18;Valledupar;19;16;2110.89;810583.32;Activo;0.76;0.24;22;11;8
C000707;32;Puerto Carre√±o;174;1;392.67;9424.15;Dormido;0.71;0.29;14;11;90
C000708;42;Manizales;61;3;1425.08;102605.93;En Riesgo;0.41;0.59;47;8;37
C000709;64;Pasto;19;20;351.59;1687630.42;Activo;0.76;0.24;15;10;7
C000710;33;Tulu√°;116;1;314.51;7548.23;Dormido;0.94;0.06;30;3;13
C000711;66;Cali;41;5;1380.67;165680.61;En Riesgo;0.73;0.27;24;10;54
C000712;19;Arauca;10;15;2158.64;777110.59;Activo;0.47;0.53;45;11;6
C000713;73;Cali;18;18;2423.64;1047012.64;Activo;0.75;0.25;35;3;50
C000714;60;Popay√°n;11;14;2050.19;688862.37;Activo;0.32;0.68;43;10;51
C000715;52;Manizales;303;2;545.79;26197.81;Dormido;0.55;0.45;23;6;59
C000716;21;Florencia;19;19;3179.53;1449864.35;Activo;0.31;0.69;53;8;36
C000717;70;Riohacha;321;1;789.26;18942.32;Dormido;0.59;0.41;23;7;88
C000718;71;C√∫cuta;264;1;719.21;17261.07;Dormido;0.69;0.31;18;7;31
C000719;32;In√≠rida;87;4;1039.64;99805.45;En Riesgo;0.87;0.13;22;10;25
C000720;25;Leticia;42;4;157.42;151123.45;En Riesgo;0.68;0.32;37;11;27
C000721;40;Arauca;291;1;481.36;11552.62;Dormido;0.65;0.35;23;6;25
C000722;61;Sincelejo;18;20;2398.55;1151305.29;Activo;0.73;0.27;17;8;59
C000723;49;Quibd√≥;8;19;2562.44;1168472.11;Activo;0.68;0.32;33;10;2
C000724;34;Florencia;83;7;1322.39;222162.07;En Riesgo;0.74;0.26;29;8;27
C000725;41;Bucaramanga;4;10;2335.51;560522.97;Activo;0.64;0.36;53;6;78
C000726;26;Pasto;16;9;3002.94;648635.09;Activo;0.67;0.33;34;10;32
C000727;53;Cali;18;13;3341.71;1042612.72;Activo;0.31;0.69;49;4;87
C000728;38;Santa Marta;165;2;40.08;19238.43;Dormido;0.59;0.41;20;8;95
C000729;28;Sincelejo;58;6;713.44;102735.38;En Riesgo;0.43;0.57;31;10;18
C000730;38;In√≠rida;48;7;697.29;117145.01;En Riesgo;0.49;0.51;34;4;90
C000731;70;Quibd√≥;15;19;2372.77;1081983.84;Activo;0.45;0.55;15;8;38
C000732;33;Villavicencio;58;7;1317.16;221283.55;En Riesgo;0.5;0.5;52;6;94
C000733;51;Puerto Carre√±o;16;12;1938.76;558362.73;Activo;0.47;0.53;36;8;88
C000734;43;Florencia;65;3;75.86;54619.52;En Riesgo;0.71;0.29;32;4;93
C000735;49;C√∫cuta;200;1;555.51;13332.13;Dormido;0.73;0.27;30;5;2
C000736;54;Armenia;65;4;1311.37;125891.78;En Riesgo;0.41;0.59;32;7;89
C000737;65;San Andr√©s;17;13;2555.57;797338.81;Activo;0.32;0.68;48;3;14
C000738;28;Ibagu√©;78;7;1015.88;170667.94;En Riesgo;0.84;0.16;53;10;25
C000739;57;In√≠rida;17;20;2937.38;1409944.8;Activo;0.67;0.33;16;9;29
C000740;42;Armenia;4;17;26.42;1077937.8;Activo;0.77;0.23;18;7;43
C000741;56;Leticia;84;3;1169.22;84183.67;En Riesgo;0.74;0.26;36;4;15
C000742;24;Leticia;179;1;844.16;20259.85;Dormido;0.64;0.36;13;4;20
C000743;25;Florencia;359;2;482.94;23181.21;Dormido;0.56;0.44;30;7;44
C000744;55;Puerto Vallejo;26;13;2337.76;729381.88;Activo;0.78;0.22;45;3;31
C000745;71;Monter√≠a;86;4;1702.26;163417.39;En Riesgo;0.66;0.34;26;3;95
C000746;41;Florencia;6;15;2654.83;955739.63;Activo;0.57;0.43;25;7;36
C000747;40;Pereira;83;4;1681.02;161378.32;En Riesgo;0.62;0.38;20;4;69
C000748;32;Sincelejo;25;9;2536.66;547917.55;Activo;0.56;0.44;10;6;80
C000749;62;Cartagena;12;12;2395.53;689911.81;Activo;0.49;0.51;10;6;89
C000750;51;Barranquilla;321;2;897.42;43076.24;Dormido;0.67;0.33;46;7;32
C000751;30;Ibagu√©;25;14;2426.28;815228.58;Activo;0.44;0.56;51;8;86
C000752;41;Puerto Carre√±o;21;14;2613.79;878231.81;Activo;0.79;0.21;13;4;58
C000753;71;Monter√≠a;149;1;702.89;16869.25;Dormido;0.89;0.11;36;3;13
C000754;37;Ibagu√©;4;21;2271.84;1145005.33;Activo;0.48;0.52;53;7;93
C000755;23;Manizales;60;7;100.01;168017.61;En Riesgo;0.89;0.11;47;8;9
C000756;66;Popay√°n;77;7;1697.78;285227.24;En Riesgo;0.67;0.33;38;11;59
C000757;68;Armenia;10;10;1811.19;434684.92;Activo;0.73;0.27;37;8;46
C000758;47;Medell√≠n;38;3;734.89;52911.86;En Riesgo;0.86;0.14;22;11;3
C000759;18;Santa Marta;38;7;1201.13;201790.2;En Riesgo;0.67;0.33;18;6;69
C000760;27;Bogot√°;78;3;1273.27;91675.61;En Riesgo;0.51;0.49;14;3;51
C000761;48;Villavicencio;39;7;1572.63;264201.85;En Riesgo;0.88;0.12;18;6;25
C000762;36;Medell√≠n;227;1;483.31;11599.49;Dormido;0.8;0.2;7;11;35
C000763;41;Villavicencio;87;5;1155.01;138600.9;En Riesgo;0.83;0.17;45;7;93
C000764;20;Puerto Carre√±o;21;16;2277.26;874468.3;Activo;0.49;0.51;38;7;53
C000765;56;San Andr√©s;25;14;2407.66;808973.99;Activo;0.73;0.27;22;11;35
C000766;36;Armenia;3;9;2405.39;519564.24;Activo;0.35;0.65;21;10;26
C000767;27;Pereira;72;3;1395.09;100446.72;En Riesgo;0.46;0.54;53;9;88
C000768;35;Ibagu√©;6;21;2929.23;1476331.63;Activo;0.61;0.39;38;7;55
C000769;21;Leticia;35;6;1474.99;212398.32;En Riesgo;0.63;0.37;53;10;85
C000770;42;Medell√≠n;24;14;2642.26;887798.01;Activo;0.35;0.65;26;11;88
C000771;56;Medell√≠n;25;21;2783.94;1403103.33;Activo;0.39;0.61;30;6;76
C000772;27;Sincelejo;163;1;761.82;18283.75;Dormido;0.94;0.06;58;7;6
C000773;64;Leticia;20;18;2182.35;942773.79;Activo;0.49;0.51;31;7;30
C000774;54;Leticia;55;6;910.95;131176.84;En Riesgo;0.84;0.16;50;9;98
C000775;70;Riohacha;10;16;2551.61;979817.52;Activo;0.55;0.45;22;8;13
C000776;61;Manizales;47;7;986.34;165705.07;En Riesgo;0.6;0.4;31;5;47
C000777;43;Leticia;60;6;1306.05;188071.8;En Riesgo;0.88;0.12;22;5;43
C000778;19;Manizales;115;2;637.91;30619.77;Dormido;0.61;0.39;39;11;73
C000779;20;Riohacha;31;7;867.28;145702.72;En Riesgo;0.7;0.3;47;10;73
C000780;30;Mocoa;101;2;63.15;30311.77;Dormido;0.73;0.27;41;7;61
C000781;24;Valledupar;14;18;2328.52;1005921.71;Activo;0.43;0.57;36;9;72
C000782;39;Barranquilla;42;7;1276.25;214410.7;En Riesgo;0.44;0.56;53;9;59
C000783;36;Medell√≠n;28;19;2874.82;1310919.07;Activo;0.78;0.22;49;10;29
C000784;59;Mocoa;85;7;105.67;177525.21;En Riesgo;0.5;0.5;35;7;92
C000785;70;Puerto Carre√±o;22;16;2419.53;929100.49;Activo;0.73;0.27;50;5;83
C000786;64;Tulu√°;209;1;534.87;12836.96;Dormido;0.79;0.21;55;8;70
C000787;70;Cali;8;16;2511.29;964335.71;Activo;0.39;0.61;52;3;49
C000788;52;Armenia;167;2;573.58;27531.68;Dormido;0.71;0.29;25;10;56
C000789;32;Puerto Vallejo;25;23;2298.45;1268746.53;Activo;0.78;0.22;23;9;76
C000790;65;Cartagena;11;17;2543.81;1037875.53;Activo;0.62;0.38;30;11;29
C000791;42;In√≠rida;19;18;1316.52;568734.71;Activo;0.72;0.28;36;5;91
C000792;45;Quibd√≥;148;2;615.24;29531.45;Dormido;0.62;0.38;36;9;77
C000793;59;Tulu√°;31;5;820.64;98476.44;En Riesgo;0.42;0.58;47;6;35
C000794;60;Medell√≠n;68;5;1416.69;170002.47;En Riesgo;0.82;0.18;40;10;76
C000795;62;Leticia;67;5;1216.57;145988.77;En Riesgo;0.76;0.24;8;11;71
C000796;18;Santa Marta;63;4;1392.99;133727.26;En Riesgo;0.88;0.12;10;8;80
C000797;24;Leticia;18;12;2643.25;761255.13;Activo;0.76;0.24;19;10;30
C000798;49;Pasto;4;17;2722.06;1110598.72;Activo;0.4;0.6;57;6;62
C000799;50;Arauca;336;2;431.51;20712.67;Dormido;0.91;0.09;11;9;8
C000800;44;Florencia;4;23;3167.06;1748219.73;Activo;0.4;0.6;14;3;4
C000801;36;Cartagena;21;8;2277.13;437209.82;Activo;0.76;0.24;10;9;47
C000802;45;Pereira;6;11;1999.19;527787.28;Activo;0.45;0.55;44;4;73
C000803;32;Armenia;6;18;3159.15;1364751.96;Activo;0.46;0.54;55;8;19
C000804;22;Ibagu√©;268;1;752.73;18065.49;Dormido;0.62;0.38;50;5;64
C000805;31;Ibagu√©;300;2;794.16;38119.87;Dormido;0.86;0.14;47;8;12
C000806;46;Barranquilla;12;8;2046.18;392866.04;Activo;0.57;0.43;11;4;91
C000807;63;Santa Marta;281;1;378.95;9094.88;Dormido;0.8;0.2;49;9;23
C000808;39;Florencia;66;7;1457.66;244886.58;En Riesgo;0.69;0.31;22;3;46
C000809;65;Valledupar;29;23;1752.51;967386.01;Activo;0.48;0.52;26;10;5
C000810;38;C√∫cuta;20;9;298.66;645105.46;Activo;0.55;0.45;37;8;12
C000811;21;Sincelejo;21;15;2846.85;1024864.6;Activo;0.44;0.56;21;3;20
C000812;27;Mocoa;9;14;2007.03;674360.99;Activo;0.68;0.32;15;10;51
C000813;20;Riohacha;89;3;1096.16;78923.57;En Riesgo;0.49;0.51;42;10;59
C000814;68;San Andr√©s;266;2;497.52;23880.81;Dormido;0.91;0.09;28;11;92
C000815;18;Florencia;24;17;193.23;788380.17;Activo;0.65;0.35;50;10;62
C000816;53;Arauca;130;1;1;2400;Dormido;0.79;0.21;18;3;74
C000817;20;Puerto Carre√±o;3;18;3646.81;1575421.74;Activo;0.39;0.61;29;8;66
C000818;31;San Andr√©s;1;13;2909.95;907904.58;Activo;0.34;0.66;17;9;62
C000819;25;Cartagena;24;13;153.77;479763.35;Activo;0.53;0.47;20;9;87
C000820;19;Medell√≠n;24;18;2803.96;1211309.76;Activo;0.7;0.3;43;5;0
C000821;53;Arauca;174;2;711.02;34129.14;Dormido;0.92;0.08;20;7;4
C000822;54;Cali;28;20;2828.59;1357721.71;Activo;0.51;0.49;25;5;98
C000823;56;Florencia;148;1;460.28;11046.66;Dormido;0.66;0.34;57;8;92
C000824;45;Manizales;224;1;222.82;5347.61;Dormido;0.85;0.15;15;11;62
C000825;28;San Andr√©s;169;1;549.76;13194.23;Dormido;0.87;0.13;24;6;32
C000826;49;Sincelejo;60;4;1224.82;117582.85;En Riesgo;0.85;0.15;8;8;91
C000827;60;Manizales;22;13;3019.14;941972.23;Activo;0.43;0.57;40;8;87
C000828;60;Florencia;28;16;3312.73;1272087.14;Activo;0.68;0.32;10;9;6
C000829;63;Quibd√≥;21;17;1464.38;597466.21;Activo;0.49;0.51;34;5;79
C000830;48;Manizales;70;5;1091.52;130982.68;En Riesgo;0.78;0.22;49;8;92
C000831;71;Mocoa;2;15;2591.88;933078.18;Activo;0.75;0.25;23;7;24
C000832;50;Monter√≠a;10;17;2685.05;1095498.6;Activo;0.62;0.38;20;4;74
C000833;70;Barranquilla;334;1;865.44;20770.52;Dormido;0.89;0.11;34;10;29
C000834;44;Puerto Carre√±o;50;4;1102.04;105795.75;En Riesgo;0.51;0.49;46;6;64
C000835;30;Tulu√°;79;5;8.8;105600.48;En Riesgo;0.61;0.39;30;6;24
C000836;71;Armenia;89;5;1158.87;139064.38;En Riesgo;0.56;0.44;21;6;19
C000837;56;Sincelejo;71;5;627.13;75255.02;En Riesgo;0.75;0.25;45;3;16
C000838;55;Bogot√°;52;4;96.29;92438.46;En Riesgo;0.66;0.34;35;9;7
C000839;55;Ibagu√©;39;3;109.99;79192.99;En Riesgo;0.77;0.23;10;6;3
C000840;36;Valledupar;29;10;2774.94;665986.74;Activo;0.32;0.68;38;6;58
C000841;64;Medell√≠n;54;5;1074.21;128904.73;En Riesgo;0.86;0.14;11;9;33
C000842;39;Florencia;228;2;500.26;24012.62;Dormido;0.86;0.14;44;8;18
C000843;24;C√∫cuta;49;4;1134.52;108913.51;En Riesgo;0.56;0.44;38;3;24
C000844;19;Santa Marta;236;1;497.56;11941.54;Dormido;0.66;0.34;26;9;65
C000845;70;Bogot√°;337;1;669.23;16061.51;Dormido;0.91;0.09;52;8;6
C000846;44;Mocoa;44;7;967.04;162462.22;En Riesgo;0.43;0.57;28;7;43
C000847;57;Sincelejo;27;19;3262.74;1487807.26;Activo;0.66;0.34;52;4;74
C000848;38;Villavicencio;9;19;3276.82;1494228.49;Activo;0.67;0.33;39;7;63
C000849;22;Medell√≠n;80;5;1483.41;178009.14;En Riesgo;0.79;0.21;27;8;1
C000850;50;Bogot√°;151;2;438.53;21049.23;Dormido;0.75;0.25;19;8;54
C000851;53;Bogot√°;61;6;1201.22;172975.7;En Riesgo;0.55;0.45;32;10;4
C000852;36;Barranquilla;8;19;2835.08;1292796.55;Activo;0.62;0.38;32;9;19
C000853;50;C√∫cuta;166;2;1222.95;58701.59;Dormido;0.67;0.33;13;10;53
C000854;30;Puerto Carre√±o;19;21;2861.08;1441983;Activo;0.54;0.46;27;7;64
C000855;47;Popay√°n;72;6;1353.11;194848.4;En Riesgo;0.81;0.19;20;10;19
C000856;44;Popay√°n;5;10;2725.87;654208.43;Activo;0.79;0.21;51;4;94
C000857;74;Cali;8;10;1862.07;446897.62;Activo;0.49;0.51;52;11;60
C000858;48;Florencia;41;6;1462.23;210560.83;En Riesgo;0.9;0.1;35;5;12
C000859;68;Pasto;70;7;1245.43;209232.26;En Riesgo;0.67;0.33;51;7;88
C000860;44;Valledupar;26;22;3200.53;1689882.31;Activo;0.38;0.62;50;10;45
C000861;36;Cartagena;7;19;1956.48;892157.09;Activo;0.38;0.62;10;10;32
C000862;20;Bucaramanga;333;2;642.62;30845.67;Dormido;0.5;0.5;59;7;87
C000863;61;Mocoa;19;9;2047.71;442305.72;Activo;0.67;0.33;30;8;61
C000864;64;Leticia;22;17;2848.41;1162152.08;Activo;0.7;0.3;31;10;53
C000865;62;C√∫cuta;132;1;782.86;18788.67;Dormido;0.5;0.5;45;5;79
C000866;41;Medell√≠n;47;4;690.06;66245.91;En Riesgo;0.62;0.38;57;6;90
C000867;43;San Andr√©s;344;1;217.34;5216.26;Dormido;0.8;0.2;58;3;87
C000868;24;Tulu√°;23;17;3056.22;1246938.79;Activo;0.34;0.66;22;9;90
C000869;22;Cartagena;10;12;1871.87;539097.24;Activo;0.45;0.55;9;6;52
C000870;58;Pasto;60;5;808.56;97027.42;En Riesgo;0.65;0.35;35;6;91
C000871;47;Pasto;189;1;81.64;19593.66;Dormido;0.5;0.5;31;5;91
C000872;39;Villavicencio;6;10;1912.92;459101.13;Activo;0.31;0.69;52;4;26
C000873;27;Puerto Vallejo;206;1;554.27;13302.55;Dormido;0.92;0.08;22;8;80
C000874;38;Barranquilla;56;5;668.23;80187.76;En Riesgo;0.82;0.18;43;9;43
C000875;27;Leticia;236;2;393.12;18869.96;Dormido;0.74;0.26;30;11;73
C000876;68;In√≠rida;28;19;2083.86;950239.38;Activo;0.46;0.54;50;7;60
C000877;36;Puerto Vallejo;26;10;236.25;567000.58;Activo;0.8;0.2;11;6;72
C000878;51;Puerto Vallejo;15;16;3096.02;1188870.26;Activo;0.32;0.68;51;6;1
C000879;70;C√∫cuta;169;1;665.11;15962.56;Dormido;0.54;0.46;48;9;38
C000880;69;Leticia;26;22;2763.28;1459011.63;Activo;0.71;0.29;45;9;59
C000881;31;Villavicencio;9;14;2027.82;681348.34;Activo;0.79;0.21;51;7;74
C000882;47;Tulu√°;5;11;2561.85;676327.83;Activo;0.71;0.29;35;10;87
C000883;20;In√≠rida;42;6;1343.72;193496.13;En Riesgo;0.85;0.15;59;11;90
C000884;41;Santa Marta;22;13;1913.91;597141;Activo;0.55;0.45;53;8;38
C000885;65;Pasto;3;9;3191.66;689399.61;Activo;0.41;0.59;43;7;40
C000886;68;C√∫cuta;86;6;532.84;76729.55;En Riesgo;0.82;0.18;53;9;70
C000887;36;Tulu√°;58;5;1338.99;160679.11;En Riesgo;0.77;0.23;40;11;59
C000888;29;Monter√≠a;50;7;1407.14;236399.94;En Riesgo;0.57;0.43;20;6;78
C000889;37;Medell√≠n;41;6;1030.89;148447.9;En Riesgo;0.74;0.26;15;4;51
C000890;38;Popay√°n;19;18;2553.41;1103071.48;Activo;0.71;0.29;22;3;53
C000891;72;Valledupar;82;3;1390.11;100088.26;En Riesgo;0.59;0.41;31;3;74
C000892;44;Cartagena;146;1;722.62;17342.99;Dormido;0.89;0.11;27;10;66
C000893;73;Tulu√°;8;19;2201.85;1004043.45;Activo;0.54;0.46;59;5;49
C000894;57;Arauca;82;3;1993.94;143563.61;En Riesgo;0.79;0.21;43;5;15
C000895;42;Puerto Vallejo;2;21;2409.64;1214458.71;Activo;0.64;0.36;21;4;23
C000896;51;Yopal;67;4;1252.07;120198.65;En Riesgo;0.41;0.59;38;4;26
C000897;30;Sincelejo;57;4;1275.34;122432.9;En Riesgo;0.66;0.34;30;10;48
C000898;67;Villavicencio;14;18;2937.56;1269025.05;Activo;0.55;0.45;6;6;48
C000899;37;Bogot√°;4;23;3665.74;2023490.16;Activo;0.56;0.44;35;7;79
C000900;50;Cartagena;6;12;3362.76;968474.67;Activo;0.65;0.35;6;9;61
C000901;49;Quibd√≥;88;5;1305.83;156699.01;En Riesgo;0.52;0.48;9;3;37
C000902;44;C√∫cuta;39;3;1328.73;95668.31;En Riesgo;0.89;0.11;34;3;27
C000903;57;Puerto Vallejo;16;17;2077.05;847436.88;Activo;0.57;0.43;53;10;39
C000904;45;Valledupar;283;1;627.99;15071.8;Dormido;0.64;0.36;9;4;92
C000905;60;Arauca;57;7;1132.33;190232.01;En Riesgo;0.46;0.54;51;10;23
C000906;68;Valledupar;6;11;2008.68;530291.12;Activo;0.6;0.4;10;9;82
C000907;71;Armenia;229;1;821.56;19717.35;Dormido;0.62;0.38;38;7;80
C000908;18;Barranquilla;67;3;1352.55;97383.87;En Riesgo;0.7;0.3;8;10;4
C000909;52;Florencia;23;18;307.41;1328012.23;Activo;0.33;0.67;16;3;30
C000910;54;Cartagena;204;2;936.88;44970.08;Dormido;0.61;0.39;12;8;75
C000911;48;San Andr√©s;18;19;2733.57;1246507.68;Activo;0.43;0.57;11;9;60
C000912;32;Armenia;4;10;1982.63;475830.67;Activo;0.51;0.49;24;10;81
C000913;43;Yopal;21;14;3174.15;1066516.01;Activo;0.51;0.49;44;10;53
C000914;28;Puerto Vallejo;84;5;1312.58;157509.57;En Riesgo;0.5;0.5;44;5;21
C000915;30;Leticia;77;7;923.44;155138.32;En Riesgo;0.52;0.48;16;11;42
C000916;44;Pasto;32;7;1481.52;248894.92;En Riesgo;0.63;0.37;34;8;43
C000917;22;Quibd√≥;294;2;1038.76;49860.59;Dormido;0.58;0.42;52;5;0
C000918;73;Yopal;28;17;2028.24;827523.27;Activo;0.67;0.33;15;10;86
C000919;63;Yopal;47;5;1293.49;155218.64;En Riesgo;0.43;0.57;30;5;25
C000920;52;Puerto Carre√±o;22;12;284.72;819993.51;Activo;0.32;0.68;55;11;23
C000921;33;Cali;144;1;586.04;14064.9;Dormido;0.92;0.08;30;5;62
C000922;67;Armenia;55;3;589.63;42453.37;En Riesgo;0.88;0.12;51;9;52
C000923;59;Barranquilla;2;15;3200.33;1152117.44;Activo;0.47;0.53;9;10;69
C000924;44;Bucaramanga;137;2;496.07;23811.38;Dormido;0.86;0.14;28;6;63
C000925;23;Pereira;64;7;1186.69;199364.61;En Riesgo;0.81;0.19;27;4;55
C000926;44;Puerto Carre√±o;87;4;1554.96;149276.47;En Riesgo;0.79;0.21;46;11;71
C000927;68;C√∫cuta;56;3;729.04;52491.02;En Riesgo;0.65;0.35;34;6;45
C000928;27;Bogot√°;277;2;420.61;20189.52;Dormido;0.73;0.27;51;4;75
C000929;47;Popay√°n;74;3;1435.59;103362.34;En Riesgo;0.69;0.31;43;9;87
C000930;46;Bucaramanga;67;5;1059.11;127093.12;En Riesgo;0.83;0.17;18;7;86
C000931;74;Bogot√°;25;16;1234.21;473936.04;Activo;0.33;0.67;23;7;61
C000932;45;Tulu√°;47;4;1369.84;131504.28;En Riesgo;0.87;0.13;18;7;80
C000933;52;Manizales;24;12;2560.74;737492.13;Activo;0.5;0.5;40;3;77
C000934;41;Barranquilla;70;6;1025.54;147678.24;En Riesgo;0.45;0.55;32;7;12
C000935;60;Bucaramanga;5;23;1623.07;895934.13;Activo;0.35;0.65;43;6;89
C000936;70;Popay√°n;73;7;1642.64;275963.04;En Riesgo;0.65;0.35;10;5;92
C000937;58;Armenia;17;19;2885.15;1315628.23;Activo;0.4;0.6;35;8;2
C000938;64;Santa Marta;9;16;2064.92;792929.35;Activo;0.46;0.54;36;3;26
C000939;74;Popay√°n;57;5;1173.01;140760.72;En Riesgo;0.67;0.33;50;9;28
C000940;46;Armenia;25;14;1026.32;344842.47;Activo;0.69;0.31;51;4;5
C000941;25;Santa Marta;302;2;472.12;22661.96;Dormido;0.61;0.39;26;9;42
C000942;31;Bogot√°;8;16;292.37;1122701.61;Activo;0.52;0.48;32;10;21
C000943;57;Pereira;8;18;3103.25;1340602.41;Activo;0.6;0.4;50;11;95
C000944;44;Ibagu√©;11;12;2706.53;779479.78;Activo;0.79;0.21;43;3;53
C000945;59;Cartagena;29;16;1642.78;630827.04;Activo;0.43;0.57;38;11;4
C000946;72;Medell√≠n;5;8;3098.12;594839.85;Activo;0.3;0.7;45;7;67
C000947;72;Puerto Carre√±o;217;2;444.63;21342.2;Dormido;0.62;0.38;17;6;51
C000948;57;Cali;32;3;1549.88;111591.27;En Riesgo;0.54;0.46;39;6;81
C000949;54;Santa Marta;21;17;2179.88;889391.96;Activo;0.54;0.46;45;4;29
C000950;63;Florencia;76;6;929.59;133861.12;En Riesgo;0.44;0.56;27;7;31
C000951;25;Pasto;339;2;728.81;34982.65;Dormido;0.8;0.2;6;11;39
C000952;69;Tulu√°;135;2;429.02;20592.96;Dormido;0.6;0.4;25;6;65
C000953;19;Valledupar;75;6;938.74;135177.87;En Riesgo;0.72;0.28;6;8;21
C000954;63;San Andr√©s;17;13;2705.91;844242.63;Activo;0.31;0.69;11;3;98
C000955;72;Manizales;80;7;107.56;180701.47;En Riesgo;0.42;0.58;24;9;94
C000956;46;Tulu√°;2;19;2945.97;1343364.35;Activo;0.41;0.59;23;4;70
C000957;71;Quibd√≥;80;6;1434.14;206516.17;En Riesgo;0.82;0.18;20;10;82
C000958;51;San Andr√©s;9;12;2470.25;711432.72;Activo;0.49;0.51;45;9;56
C000959;57;Sincelejo;325;1;976.23;23429.58;Dormido;0.71;0.29;21;10;67
C000960;64;Puerto Carre√±o;37;6;849.73;122361.75;En Riesgo;0.85;0.15;44;6;25
C000961;20;Armenia;70;4;779.04;74787.93;En Riesgo;0.78;0.22;53;4;34
C000962;40;Ibagu√©;82;6;1892.59;272532.91;En Riesgo;0.56;0.44;28;5;31
C000963;25;Yopal;12;23;1852.97;1022840.3;Activo;0.45;0.55;52;10;52
C000964;21;Puerto Carre√±o;22;12;2442.88;703549.89;Activo;0.45;0.55;36;8;78
C000965;58;Cartagena;28;18;2726.85;1177998.55;Activo;0.79;0.21;47;6;13
C000966;60;Popay√°n;24;23;294.93;1628012.62;Activo;0.5;0.5;44;4;24
C000967;71;Arauca;21;22;2391.92;1262935.94;Activo;0.62;0.38;22;3;88
C000968;49;Santa Marta;36;6;1352.82;194805.79;En Riesgo;0.84;0.16;50;3;17
C000969;52;Pereira;172;1;658.13;15795.21;Dormido;0.83;0.17;48;10;67
C000970;25;Barranquilla;50;7;1050.51;176485.77;En Riesgo;0.69;0.31;38;8;36
C000971;55;Valledupar;66;4;1186.23;113878.42;En Riesgo;0.4;0.6;27;5;14
C000972;27;Sincelejo;10;11;3611.42;953413.81;Activo;0.37;0.63;22;3;12
C000973;69;Monter√≠a;26;17;2958.73;1207162.28;Activo;0.65;0.35;10;3;74
C000974;18;Puerto Carre√±o;53;3;820.74;59093.55;En Riesgo;0.43;0.57;33;4;6
C000975;26;Medell√≠n;6;21;1697.93;855756.99;Activo;0.63;0.37;23;7;89
C000976;32;Cali;14;19;231.32;1054818.14;Activo;0.63;0.37;57;5;78
C000977;39;Puerto Carre√±o;38;7;1026.33;172423.21;En Riesgo;0.61;0.39;24;11;40
C000978;30;Yopal;40;6;1323.47;190579.28;En Riesgo;0.74;0.26;51;4;63
C000979;33;Villavicencio;47;4;1117.11;107242.94;En Riesgo;0.58;0.42;8;4;58
C000980;74;San Andr√©s;125;1;555.12;13322.9;Dormido;0.82;0.18;42;3;9
C000981;41;Ibagu√©;327;2;841.09;40372.47;Dormido;0.79;0.21;36;7;38
C000982;39;Riohacha;19;11;381.79;1007925.95;Activo;0.74;0.26;33;9;52
C000983;40;Bogot√°;7;22;3462.56;1828229.86;Activo;0.63;0.37;6;6;4
C000984;48;Monter√≠a;141;2;757.78;36373.39;Dormido;0.79;0.21;40;9;2
C000985;21;Puerto Carre√±o;75;4;1222.46;117356.09;En Riesgo;0.56;0.44;30;6;49
C000986;41;Puerto Vallejo;69;6;1037.48;149397.32;En Riesgo;0.68;0.32;14;6;68
C000987;61;Ibagu√©;32;7;1671.92;280883.34;En Riesgo;0.59;0.41;15;11;47
C000988;60;Medell√≠n;22;8;2405.38;461833.63;Activo;0.61;0.39;12;6;82
C000989;42;Medell√≠n;312;2;569.95;27357.69;Dormido;0.63;0.37;44;5;68
C000990;54;Florencia;190;2;549.12;26357.86;Dormido;0.55;0.45;10;3;61
C000991;58;Puerto Vallejo;71;6;1577.62;227177.9;En Riesgo;0.48;0.52;45;8;95
C000992;46;Armenia;73;7;1377.32;231388.95;En Riesgo;0.85;0.15;13;6;70
C000993;48;Leticia;25;17;2153.44;878605.16;Activo;0.4;0.6;54;5;4
C000994;53;Ibagu√©;65;4;694.28;66650.42;En Riesgo;0.4;0.6;42;11;70
C000995;39;Florencia;50;4;825.52;79249.69;En Riesgo;0.81;0.19;22;8;13
C000996;46;San Andr√©s;42;7;1063.19;178615.5;En Riesgo;0.47;0.53;50;6;15
C000997;62;Pereira;53;6;1361.54;196061.88;En Riesgo;0.53;0.47;39;10;53
C000998;58;Medell√≠n;60;5;770.64;92477.28;En Riesgo;0.44;0.56;53;6;44
C000999;63;Quibd√≥;85;4;871.29;83644.14;En Riesgo;0.68;0.32;17;5;27
C001000;68;San Andr√©s;11;11;2886.73;762096.77;Activo;0.59;0.41;58;5;40
C001001;72;Pasto;9;21;3123.29;1574138.15;Activo;0.76;0.24;24;6;68
C001002;65;Popay√°n;27;16;1458.41;560028.54;Activo;0.7;0.3;51;4;18
C001003;18;Yopal;70;7;1357.28;228022.47;En Riesgo;0.78;0.22;23;6;83
C001004;61;Tulu√°;268;1;897.63;21543.02;Dormido;0.85;0.15;45;7;80
C001005;58;Valledupar;261;2;220.75;10596.01;Dormido;0.84;0.16;25;8;74
C001006;43;Yopal;9;16;2414.55;927187.21;Activo;0.37;0.63;59;4;83
C001007;52;Puerto Carre√±o;170;2;1113.34;53440.11;Dormido;0.53;0.47;59;4;20
C001008;44;Yopal;35;7;1347.74;226419.81;En Riesgo;0.84;0.16;20;11;13
C001009;65;Barranquilla;64;4;1618.67;155391.9;En Riesgo;0.73;0.27;29;5;74
C001010;52;Pasto;303;2;660.77;31716.87;Dormido;0.89;0.11;52;9;68
C001011;41;Riohacha;119;2;839.45;40293.64;Dormido;0.62;0.38;42;7;3
C001012;65;Mocoa;118;2;449.53;21577.47;Dormido;0.67;0.33;30;4;29
C001013;48;Puerto Carre√±o;53;7;1264.38;212415.44;En Riesgo;0.88;0.12;6;3;53
C001014;46;Pereira;10;9;2724.14;588414.35;Activo;0.73;0.27;8;10;61
C001015;56;In√≠rida;8;16;1775.82;681915.66;Activo;0.78;0.22;14;7;49
C001016;71;Mocoa;87;6;1112.29;160169.38;En Riesgo;0.6;0.4;41;3;5
C001017;47;Bogot√°;12;14;2882.15;968402.45;Activo;0.47;0.53;37;11;19
C001018;44;Cartagena;60;4;1011.68;97121.13;En Riesgo;0.55;0.45;31;5;30
C001019;28;Florencia;144;2;493.31;23678.67;Dormido;0.78;0.22;57;6;61
C001020;23;Bucaramanga;174;1;756.26;18150.2;Dormido;0.73;0.27;34;7;86
C001021;24;Puerto Carre√±o;22;16;28.79;1105537.31;Activo;0.44;0.56;48;5;37
C001022;51;Pereira;76;6;1481.46;213330.72;En Riesgo;0.63;0.37;28;4;19
C001023;25;Tulu√°;72;7;1199.86;201576.23;En Riesgo;0.73;0.27;13;5;64
C001024;33;Puerto Carre√±o;33;7;899.32;151086.42;En Riesgo;0.83;0.17;54;11;50
C001025;31;Valledupar;25;9;1751.28;378275.95;Activo;0.66;0.34;21;10;12
C001026;23;C√∫cuta;44;3;1186.71;85442.79;En Riesgo;0.5;0.5;35;7;56
C001027;68;Monter√≠a;44;6;894.25;128771.83;En Riesgo;0.63;0.37;59;9;72
C001028;49;San Andr√©s;4;21;2574.79;1297696.25;Activo;0.39;0.61;56;3;56
C001029;32;Puerto Carre√±o;14;22;3061.77;1616616.34;Activo;0.69;0.31;30;5;53
C001030;23;Popay√°n;118;1;767.23;18413.63;Dormido;0.73;0.27;37;8;76
C001031;18;Bucaramanga;12;20;2414.77;1159091.29;Activo;0.34;0.66;18;7;80
C001032;42;Mocoa;15;20;3761.21;1805379.39;Activo;0.57;0.43;49;5;72
C001033;32;Puerto Vallejo;26;13;2659.64;829807.91;Activo;0.41;0.59;11;5;42
C001034;43;Villavicencio;59;4;1258.17;120784.37;En Riesgo;0.75;0.25;24;7;20
C001035;63;Ibagu√©;340;1;541.24;12989.76;Dormido;0.71;0.29;34;8;80
C001036;26;Cali;78;4;1246.96;119707.79;En Riesgo;0.47;0.53;15;4;7
C001037;72;Valledupar;18;11;211.95;559547.65;Activo;0.52;0.48;28;7;79
C001038;24;C√∫cuta;21;17;2592.86;1057887.78;Activo;0.34;0.66;12;9;85
C001039;21;In√≠rida;211;1;884.43;21226.28;Dormido;0.81;0.19;12;8;69
C001040;26;Arauca;337;1;522.86;12548.57;Dormido;0.7;0.3;43;5;45
C001041;30;Villavicencio;16;16;2323.79;892333.89;Activo;0.35;0.65;12;4;57
C001042;54;Puerto Carre√±o;23;8;2241.05;430282.39;Activo;0.31;0.69;9;5;13
C001043;29;Bogot√°;305;1;721.69;17320.49;Dormido;0.72;0.28;21;10;45
C001044;70;Ibagu√©;269;2;589.81;28311.02;Dormido;0.64;0.36;19;9;58
C001045;45;Armenia;50;6;1437.32;206973.38;En Riesgo;0.45;0.55;52;4;12
C001046;33;Villavicencio;342;2;68.93;33086.56;Dormido;0.71;0.29;58;4;48
C001047;19;Barranquilla;11;20;2617.29;1256296.8;Activo;0.7;0.3;50;8;6
C001048;50;Sincelejo;317;2;720.22;34570.39;Dormido;0.87;0.13;26;8;47
C001049;71;Villavicencio;126;1;688.55;16525.25;Dormido;0.72;0.28;11;11;51
C001050;18;Manizales;83;6;989.27;142454.7;En Riesgo;0.8;0.2;48;5;30
C001051;18;Popay√°n;11;16;2759.57;1059676.64;Activo;0.58;0.42;11;11;74
C001052;42;Arauca;17;14;2436.37;818621.7;Activo;0.38;0.62;27;8;8
C001053;74;Monter√≠a;18;13;291.18;908482.28;Activo;0.67;0.33;8;11;61
C001054;50;Ibagu√©;8;16;2890.83;1110077.7;Activo;0.73;0.27;50;7;97
C001055;39;Medell√≠n;20;10;2349.46;563870.67;Activo;0.58;0.42;47;7;59
C001056;23;Puerto Vallejo;95;1;489.03;11736.67;Dormido;0.79;0.21;24;11;12
C001057;18;Tulu√°;3;15;329.88;1187566.66;Activo;0.64;0.36;55;6;2
C001058;56;Arauca;89;6;1314.48;189284.95;En Riesgo;0.82;0.18;45;5;17
C001059;51;Valledupar;78;4;1582.25;151895.96;En Riesgo;0.55;0.45;32;6;16
C001060;42;Manizales;11;12;2817.95;811568.22;Activo;0.36;0.64;46;6;84
C001061;70;Pereira;38;3;926.52;66709.29;En Riesgo;0.54;0.46;10;10;55
C001062;34;Pereira;15;15;2249.61;809859.18;Activo;0.63;0.37;39;3;21
C001063;64;Sincelejo;361;1;892.91;21429.91;Dormido;0.81;0.19;54;4;31
C001064;48;San Andr√©s;41;7;1175.72;197521.33;En Riesgo;0.89;0.11;44;10;7
C001065;36;Armenia;5;10;2515.17;603641.7;Activo;0.71;0.29;51;10;79
C001066;36;Monter√≠a;28;13;2240.33;698982.43;Activo;0.45;0.55;29;9;91
C001067;56;Leticia;52;7;1301.02;218571.41;En Riesgo;0.59;0.41;23;9;21
C001068;38;San Andr√©s;357;2;428.44;20565.09;Dormido;0.65;0.35;40;11;36
C001069;62;Popay√°n;60;3;1152.95;83012.67;En Riesgo;0.76;0.24;6;3;59
C001070;72;Puerto Carre√±o;32;4;874.89;83989.5;En Riesgo;0.57;0.43;23;7;68
C001071;51;Pereira;62;7;1720.16;288987.71;En Riesgo;0.57;0.43;35;7;0
C001072;46;Armenia;89;5;1583.21;189985.47;En Riesgo;0.75;0.25;43;9;29
C001073;44;C√∫cuta;148;1;396.23;9509.54;Dormido;0.75;0.25;43;7;5
C001074;72;Manizales;63;3;2079.34;149712.29;En Riesgo;0.58;0.42;43;11;17
C001075;59;San Andr√©s;64;3;1517.43;109255.08;En Riesgo;0.53;0.47;54;4;9
C001076;57;Pasto;51;6;1306.45;188129.09;En Riesgo;0.63;0.37;22;11;56
C001077;58;Mocoa;86;6;1270.48;182948.68;En Riesgo;0.87;0.13;34;6;10
C001078;32;Arauca;68;4;1293.92;124215.84;En Riesgo;0.75;0.25;46;8;70
C001079;47;Santa Marta;78;6;1046.23;150656.73;En Riesgo;0.62;0.38;40;5;98
C001080;63;Medell√≠n;60;5;1007.11;120853.22;En Riesgo;0.68;0.32;17;5;62
C001081;46;Tulu√°;82;7;1371.14;230351.53;En Riesgo;0.61;0.39;55;9;41
C001082;22;Bogot√°;47;6;1357.97;195548.4;En Riesgo;0.68;0.32;8;10;28
C001083;45;C√∫cuta;12;8;2441.61;468788.69;Activo;0.67;0.33;21;10;38
C001084;34;Monter√≠a;12;9;2717.15;586903.48;Activo;0.41;0.59;9;7;36
C001085;71;Tulu√°;22;17;2484.29;1013589.93;Activo;0.56;0.44;54;4;2
C001086;20;San Andr√©s;171;1;4.68;11232.1;Dormido;0.94;0.06;12;5;82
C001087;58;C√∫cuta;21;17;2196.34;896105.31;Activo;0.71;0.29;29;4;73
C001088;72;Florencia;75;5;1022.18;122661.23;En Riesgo;0.72;0.28;30;5;20
C001089;72;Medell√≠n;18;12;2254.84;649392.7;Activo;0.45;0.55;32;11;70
C001090;49;Pereira;74;6;116.52;167788.86;En Riesgo;0.55;0.45;31;11;15
C001091;20;Puerto Carre√±o;62;4;1072.61;102970.27;En Riesgo;0.64;0.36;20;5;54
C001092;25;Florencia;6;14;2706.11;909253.08;Activo;0.56;0.44;43;6;69
C001093;66;Tulu√°;10;10;3127.92;750700.03;Activo;0.68;0.32;34;9;25
C001094;67;C√∫cuta;3;10;2677.81;642673.31;Activo;0.47;0.53;19;5;32
C001095;20;Sincelejo;119;1;632.95;15190.7;Dormido;0.7;0.3;38;9;25
C001096;31;Puerto Carre√±o;2;13;3238.13;1010295.29;Activo;0.56;0.44;28;6;82
C001097;30;C√∫cuta;254;2;1047.84;50296.18;Dormido;0.66;0.34;42;4;16
C001098;26;Villavicencio;74;4;1159.81;111341.55;En Riesgo;0.66;0.34;58;3;24
C001099;29;C√∫cuta;13;20;3030.72;1454747.68;Activo;0.58;0.42;8;5;54
C001100;53;Puerto Vallejo;83;7;1280.08;215053;En Riesgo;0.9;0.1;33;11;95
C001101;35;Santa Marta;70;7;10.59;177911.72;En Riesgo;0.69;0.31;32;4;98
C001102;49;Pasto;5;23;2487.96;1373355.3;Activo;0.49;0.51;7;8;25
C001103;22;Armenia;287;1;671.12;16106.84;Dormido;0.89;0.11;24;4;36
C001104;22;Tulu√°;88;7;1080.97;181602.23;En Riesgo;0.48;0.52;38;5;34
C001105;23;Quibd√≥;317;2;700.07;33603.42;Dormido;0.74;0.26;58;5;93
C001106;60;Yopal;57;3;1285.21;92535.4;En Riesgo;0.8;0.2;11;4;19
C001107;72;Villavicencio;9;18;2946.32;1272809.07;Activo;0.76;0.24;51;10;76
C001108;19;Yopal;71;3;869.57;62609.22;En Riesgo;0.53;0.47;17;7;60
C001109;55;Pereira;2;21;2743.41;1382680.56;Activo;0.52;0.48;38;3;12
C001110;26;Arauca;354;1;702.81;16867.49;Dormido;0.67;0.33;12;7;0
C001111;36;Cartagena;92;2;641.51;30792.27;Dormido;0.79;0.21;34;9;65
C001112;62;Santa Marta;11;12;1881.81;541960.97;Activo;0.38;0.62;48;10;73
C001113;45;Quibd√≥;11;19;2210.32;1007906.49;Activo;0.45;0.55;12;5;65
C001114;25;Barranquilla;22;17;2344.93;956730.42;Activo;0.79;0.21;20;6;38
C001115;40;Valledupar;59;3;1047.03;75385.85;En Riesgo;0.71;0.29;57;8;87
C001116;19;Valledupar;68;6;1575.34;226849.63;En Riesgo;0.74;0.26;44;8;78
C001117;31;Quibd√≥;51;5;1147.08;137649.35;En Riesgo;0.49;0.51;13;3;7
C001118;44;Quibd√≥;167;2;670.74;32195.32;Dormido;0.61;0.39;43;8;49
C001119;57;Puerto Carre√±o;295;1;624.47;14987.25;Dormido;0.56;0.44;7;4;27
C001120;49;Florencia;24;13;2891.33;902094.03;Activo;0.59;0.41;59;10;30
C001121;47;Pasto;65;3;1201.06;86476.51;En Riesgo;0.68;0.32;20;6;29
C001122;65;Manizales;192;2;657.22;31546.74;Dormido;0.87;0.13;27;9;10
C001123;26;Tulu√°;260;1;4.19;10056.03;Dormido;0.75;0.25;44;4;67
C001124;39;Quibd√≥;48;5;1035.95;124314.13;En Riesgo;0.77;0.23;10;4;4
C001125;49;Tulu√°;326;1;428.68;10288.26;Dormido;0.81;0.19;58;3;43
C001126;62;Puerto Carre√±o;54;5;1465.57;175868.52;En Riesgo;0.51;0.49;11;10;44
C001127;32;Monter√≠a;29;22;2627.33;1387228.49;Activo;0.72;0.28;43;10;93
C001128;24;Popay√°n;21;14;2481.61;833821.25;Activo;0.54;0.46;29;3;90
C001129;48;Valledupar;5;20;2356.82;1131274.24;Activo;0.74;0.26;50;8;94
C001130;19;In√≠rida;106;1;767.74;18425.7;Dormido;0.61;0.39;39;9;17
C001131;37;Sincelejo;68;4;155.41;149193.17;En Riesgo;0.76;0.24;57;8;84
C001132;47;Bogot√°;15;9;2687.16;580425.81;Activo;0.35;0.65;32;9;55
C001133;39;Pereira;144;1;599.73;14393.62;Dormido;0.74;0.26;36;6;81
C001134;66;Yopal;73;5;1388.21;166585.42;En Riesgo;0.86;0.14;18;6;90
C001135;25;Manizales;38;4;1329.79;127660.26;En Riesgo;0.48;0.52;59;3;58
C001136;55;Cali;69;4;1094.74;105095.12;En Riesgo;0.67;0.33;13;3;4
C001137;19;Riohacha;57;7;773.82;130002.29;En Riesgo;0.82;0.18;56;11;86
C001138;27;Villavicencio;99;1;500.31;12007.33;Dormido;0.88;0.12;41;10;61
C001139;64;Sincelejo;9;23;2442.61;1348323.46;Activo;0.36;0.64;40;7;83
C001140;43;Quibd√≥;9;12;2491.88;717661.83;Activo;0.79;0.21;49;6;19
C001141;57;Ibagu√©;60;4;1075.58;103255.84;En Riesgo;0.69;0.31;26;7;25
C001142;72;Tulu√°;47;7;1295.32;217613.43;En Riesgo;0.78;0.22;45;10;26
C001143;18;Villavicencio;14;18;2183.53;943284.7;Activo;0.72;0.28;25;6;72
C001144;35;Monter√≠a;212;1;773.25;18558.07;Dormido;0.63;0.37;58;9;9
C001145;20;Valledupar;28;20;2284.02;1096329.99;Activo;0.8;0.2;43;8;58
C001146;19;San Andr√©s;51;3;1465.83;105539.81;En Riesgo;0.66;0.34;46;5;37
C001147;18;Pasto;94;1;224.23;5381.49;Dormido;0.76;0.24;25;6;24
C001148;38;Tulu√°;46;5;1253.09;150370.53;En Riesgo;0.84;0.16;15;8;10
C001149;46;Bogot√°;1;20;2149.14;1031585.44;Activo;0.46;0.54;26;5;32
C001150;23;Pasto;4;19;2338.37;1066297.41;Activo;0.33;0.67;20;3;0
C001151;69;Bogot√°;32;6;88.61;127597.9;En Riesgo;0.5;0.5;53;9;69
C001152;74;Sincelejo;173;2;680.18;32648.73;Dormido;0.85;0.15;8;6;66
C001153;71;Puerto Carre√±o;17;9;2394.28;517164.24;Activo;0.35;0.65;32;11;71
C001154;54;In√≠rida;287;1;658.91;15813.77;Dormido;0.77;0.23;27;5;22
C001155;38;Pereira;5;19;2425.16;1105874.01;Activo;0.47;0.53;34;3;54
C001156;51;Cartagena;4;10;2596.81;623235.39;Activo;0.4;0.6;23;9;5
C001157;19;Barranquilla;77;6;982.95;141544.17;En Riesgo;0.58;0.42;7;3;37
C001158;50;San Andr√©s;27;22;3509.29;1852905.21;Activo;0.72;0.28;45;8;47
C001159;74;Santa Marta;270;2;466.25;22379.96;Dormido;0.65;0.35;38;7;77
C001160;32;Puerto Carre√±o;29;18;1796.93;776273.23;Activo;0.51;0.49;21;10;17
C001161;50;Cartagena;88;4;163.23;156700.6;En Riesgo;0.83;0.17;44;7;61
C001162;50;Florencia;41;4;1408.27;135193.59;En Riesgo;0.57;0.43;6;7;45
C001163;21;San Andr√©s;9;9;2614.71;564777.69;Activo;0.68;0.32;46;11;66
C001164;41;Arauca;16;16;1779.03;683146.94;Activo;0.7;0.3;42;11;99
C001165;36;Pereira;338;2;700.92;33644.29;Dormido;0.61;0.39;45;9;6
C001166;37;Barranquilla;42;6;1065.38;153414.21;En Riesgo;0.52;0.48;7;9;5
C001167;48;Yopal;52;7;1171.25;196770.16;En Riesgo;0.62;0.38;47;5;74
C001168;45;Cali;66;4;60.17;57763.62;En Riesgo;0.58;0.42;34;6;53
C001169;65;Puerto Vallejo;22;20;2197.04;1054580.65;Activo;0.42;0.58;31;8;3
C001170;73;Yopal;157;2;378.03;18145.22;Dormido;0.67;0.33;24;8;71
C001171;19;Bogot√°;16;17;2726.41;1112373.52;Activo;0.79;0.21;17;7;73
C001172;40;Riohacha;83;5;1325.51;159061.12;En Riesgo;0.84;0.16;41;7;86
C001173;72;Leticia;69;3;693.67;49944.41;En Riesgo;0.73;0.27;56;10;10
C001174;62;Manizales;4;9;2461.68;531722.66;Activo;0.46;0.54;18;9;41
C001175;74;Mocoa;3;11;1967.93;519534.41;Activo;0.59;0.41;41;9;75
C001176;68;In√≠rida;42;6;804.64;115867.99;En Riesgo;0.53;0.47;24;8;87
C001177;29;Monter√≠a;13;15;2104.11;757480;Activo;0.75;0.25;12;5;91
C001178;45;Bogot√°;16;16;240.97;925324.86;Activo;0.65;0.35;29;8;84
C001179;48;Barranquilla;34;3;1169.23;84184.9;En Riesgo;0.54;0.46;25;10;26
C001180;43;Barranquilla;11;15;2546.28;916659.46;Activo;0.61;0.39;57;3;19
C001181;59;Popay√°n;24;19;2079.42;948217.6;Activo;0.38;0.62;13;11;66
C001182;71;Armenia;17;18;2868.32;1239114.9;Activo;0.44;0.56;43;5;45
C001183;73;Bucaramanga;33;7;1158.04;194550.11;En Riesgo;0.54;0.46;46;5;91
C001184;18;Tulu√°;195;1;697.73;16745.58;Dormido;0.55;0.45;59;3;44
C001185;71;Pasto;2;10;3139.76;753542.9;Activo;0.48;0.52;44;6;53
C001186;39;Bucaramanga;74;6;1090.41;157018.89;En Riesgo;0.58;0.42;27;4;77
C001187;22;In√≠rida;24;14;320.05;1075368.35;Activo;0.71;0.29;8;10;25
C001188;31;Popay√°n;190;1;687.07;16489.79;Dormido;0.51;0.49;10;6;28
C001189;66;Tulu√°;318;1;956.44;22954.45;Dormido;0.67;0.33;58;10;58
C001190;60;Popay√°n;65;6;801.05;115351.22;En Riesgo;0.82;0.18;27;9;44
C001191;39;San Andr√©s;140;1;1026.72;24641.27;Dormido;0.79;0.21;58;3;55
C001192;70;Cartagena;327;1;502.33;12056.01;Dormido;0.53;0.47;7;11;58
C001193;58;Yopal;2;10;2126.72;510412.79;Activo;0.48;0.52;43;5;94
C001194;33;Tulu√°;52;6;1399.76;201565.06;En Riesgo;0.54;0.46;11;6;9
C001195;69;Tulu√°;37;5;1483.41;178009.25;En Riesgo;0.44;0.56;41;4;76
C001196;50;Bogot√°;63;6;1189.01;171217.8;En Riesgo;0.62;0.38;26;7;0
C001197;66;In√≠rida;51;3;1405.51;101196.68;En Riesgo;0.81;0.19;41;9;23
C001198;62;Barranquilla;78;5;1041.74;125009.33;En Riesgo;0.67;0.33;6;7;72
C001199;42;Sincelejo;46;6;1376.79;198257.04;En Riesgo;0.71;0.29;20;9;46
C001200;21;Medell√≠n;46;3;1047.92;75449.91;En Riesgo;0.58;0.42;54;3;30
C001201;57;Riohacha;32;7;1408.37;236605.33;En Riesgo;0.89;0.11;35;10;43
C001202;42;Pasto;14;15;2127.94;766059.49;Activo;0.51;0.49;46;10;19
C001203;64;Sincelejo;353;1;499.17;11980.06;Dormido;0.56;0.44;27;10;33
C001204;61;In√≠rida;49;6;929.39;133831.75;En Riesgo;0.42;0.58;6;9;45
C001205;60;Riohacha;325;1;696.25;16710.12;Dormido;0.87;0.13;14;11;35
C001206;67;Popay√°n;25;16;278.98;1071284.61;Activo;0.32;0.68;7;3;97
C001207;49;Tulu√°;309;1;963.93;23134.43;Dormido;0.66;0.34;25;5;90
C001208;19;Medell√≠n;120;1;574.07;13777.72;Dormido;0.76;0.24;46;8;30
C001209;51;Puerto Vallejo;83;7;986.42;165718.52;En Riesgo;0.89;0.11;33;3;63
C001210;72;Monter√≠a;8;21;224.84;1133195.34;Activo;0.56;0.44;18;5;92
C001211;59;Valledupar;21;20;1076.81;516870.16;Activo;0.41;0.59;16;10;91
C001212;67;Monter√≠a;321;2;386.42;18548.39;Dormido;0.64;0.36;8;5;91
C001213;62;Bogot√°;25;19;2847.46;1298440.58;Activo;0.41;0.59;55;7;69
C001214;28;Villavicencio;333;2;499.85;23992.76;Dormido;0.6;0.4;49;11;93
C001215;30;Yopal;25;14;1591.01;534578.86;Activo;0.46;0.54;17;11;72
C001216;23;Bogot√°;4;13;215.08;671049.31;Activo;0.48;0.52;30;8;16
C001217;51;C√∫cuta;3;8;2676.32;513852.49;Activo;0.44;0.56;34;4;44
C001218;24;Medell√≠n;20;14;2668.18;896509.72;Activo;0.63;0.37;48;3;20
C001219;68;Quibd√≥;13;19;3254.29;1483955.98;Activo;0.74;0.26;13;4;5
C001220;64;Puerto Vallejo;71;4;1306.51;125424.52;En Riesgo;0.72;0.28;17;11;47
C001221;20;Puerto Carre√±o;20;19;1688.66;770029.79;Activo;0.77;0.23;17;11;64
C001222;59;Bucaramanga;21;23;2900.06;1600831.6;Activo;0.63;0.37;15;11;93
C001223;32;Valledupar;4;11;1672.59;441563.67;Activo;0.62;0.38;11;4;68
C001224;41;Villavicencio;71;4;1259.65;120926.52;En Riesgo;0.53;0.47;36;10;14
C001225;40;Bucaramanga;222;2;365.34;17536.26;Dormido;0.86;0.14;17;9;71
C001226;62;Pereira;34;6;1506.73;216969.08;En Riesgo;0.84;0.16;35;4;29
C001227;70;Pereira;16;14;2822.69;948424.62;Activo;0.57;0.43;50;3;48
C001228;29;Arauca;338;1;403.21;9677.05;Dormido;0.72;0.28;22;9;23
C001229;19;Valledupar;28;12;2696.02;776454;Activo;0.39;0.61;10;10;5
C001230;29;Armenia;355;2;697.18;33464.72;Dormido;0.72;0.28;23;9;42
C001231;65;Barranquilla;31;5;1337.89;160546.54;En Riesgo;0.61;0.39;59;8;88
C001232;50;Santa Marta;68;4;1714.96;164636.36;En Riesgo;0.64;0.36;51;7;44
C001233;19;Yopal;71;5;1683.15;201977.45;En Riesgo;0.78;0.22;10;3;53
C001234;36;Pereira;186;1;762.74;18305.71;Dormido;0.51;0.49;53;9;29
C001235;25;Sincelejo;12;11;2605.29;687795.34;Activo;0.78;0.22;58;5;93
C001236;25;Cartagena;16;13;2526.24;788186.58;Activo;0.39;0.61;17;4;68
C001237;27;Popay√°n;84;7;1388.72;233305.76;En Riesgo;0.61;0.39;56;7;99
C001238;44;Arauca;70;5;1365.47;163856.65;En Riesgo;0.7;0.3;29;7;2
C001239;39;Bogot√°;22;19;1970.97;898761.93;Activo;0.64;0.36;49;10;66
C001240;60;Popay√°n;14;8;2228.03;427781.78;Activo;0.74;0.26;36;10;82
C001241;74;Pasto;25;22;1775.31;937366.21;Activo;0.68;0.32;53;5;25
C001242;54;Mocoa;46;6;1250.15;180021.74;En Riesgo;0.74;0.26;33;11;88
C001243;45;Yopal;8;11;2766.97;730479.74;Activo;0.57;0.43;58;5;1
C001244;64;Valledupar;87;4;1822.74;174982.64;En Riesgo;0.62;0.38;34;4;74
C001245;63;Puerto Vallejo;17;20;3011.18;1445364.17;Activo;0.7;0.3;36;5;23
C001246;29;Bogot√°;25;15;1923.84;692583.78;Activo;0.37;0.63;58;9;89
C001247;20;Puerto Carre√±o;177;1;693.47;16643.35;Dormido;0.72;0.28;37;8;74
C001248;52;Quibd√≥;64;3;1384.39;99676.38;En Riesgo;0.66;0.34;10;6;72
C001249;43;Pereira;5;14;2291.92;770085.99;Activo;0.77;0.23;11;3;8
C001250;20;Yopal;6;13;1495.04;466451.03;Activo;0.39;0.61;23;7;47
C001251;28;Bucaramanga;55;6;1940.58;279442.87;En Riesgo;0.61;0.39;24;5;42
C001252;27;Medell√≠n;8;8;2615.64;502202.53;Activo;0.32;0.68;41;8;56
C001253;46;Villavicencio;110;2;57.82;27753.41;Dormido;0.87;0.13;10;10;25
C001254;32;Arauca;75;4;596.15;57230.85;En Riesgo;0.68;0.32;8;8;50
C001255;52;Popay√°n;57;5;1507.89;180946.57;En Riesgo;0.89;0.11;40;3;55
C001256;37;Ibagu√©;74;4;98.35;94416.48;En Riesgo;0.75;0.25;35;9;13
C001257;42;Mocoa;12;11;1737.24;458630.45;Activo;0.53;0.47;32;6;62
C001258;47;Bogot√°;27;11;1862.25;491633.16;Activo;0.68;0.32;59;6;86
C001259;25;Cartagena;56;3;1155.15;83171.05;En Riesgo;0.51;0.49;6;6;70
C001260;35;Santa Marta;21;18;3016.83;1303269.04;Activo;0.53;0.47;7;8;93
C001261;45;Yopal;43;3;832.26;59922.9;En Riesgo;0.8;0.2;24;3;12
C001262;20;Yopal;24;22;3359.99;1774075.92;Activo;0.64;0.36;30;11;91
C001263;21;Ibagu√©;161;2;233.24;11195.61;Dormido;0.84;0.16;31;3;59
C001264;26;C√∫cuta;42;7;113.34;190411.01;En Riesgo;0.61;0.39;49;3;77
C001265;27;Pereira;48;7;114.62;192561.77;En Riesgo;0.67;0.33;22;8;47
C001266;38;Villavicencio;20;14;2087.19;701296.83;Activo;0.78;0.22;30;3;60
C001267;32;Quibd√≥;20;14;2506.85;842302.88;Activo;0.44;0.56;13;4;4
C001268;69;Barranquilla;52;3;788.76;56791.04;En Riesgo;0.48;0.52;54;4;25
C001269;42;San Andr√©s;9;10;2032.78;487867.15;Activo;0.73;0.27;55;3;53
C001270;50;Pereira;359;2;744.97;35758.41;Dormido;0.83;0.17;34;6;54
C001271;42;Florencia;126;1;395.18;9484.24;Dormido;0.62;0.38;59;8;72
C001272;63;Arauca;3;11;2592.84;684510.72;Activo;0.31;0.69;35;8;0
C001273;36;C√∫cuta;20;14;2142.97;720038.71;Activo;0.71;0.29;43;3;93
C001274;27;Villavicencio;57;4;1228.12;117899.24;En Riesgo;0.46;0.54;57;11;74
C001275;50;Bogot√°;86;5;733.62;88034.27;En Riesgo;0.83;0.17;11;5;55
C001276;69;Leticia;13;17;2656.83;1083988.21;Activo;0.67;0.33;44;7;38
C001277;68;San Andr√©s;56;4;1421.99;136510.99;En Riesgo;0.73;0.27;55;8;79
C001278;35;Puerto Vallejo;62;4;772.33;74143.33;En Riesgo;0.59;0.41;16;5;35
C001279;61;Armenia;29;19;27.97;1275434.26;Activo;0.72;0.28;31;6;91
C001280;73;C√∫cuta;14;22;2421.57;1278588.27;Activo;0.62;0.38;21;7;99
C001281;66;Pereira;72;7;1579.01;265273.55;En Riesgo;0.69;0.31;13;7;2
C001282;65;San Andr√©s;51;3;1442.23;103840.25;En Riesgo;0.7;0.3;51;4;7
C001283;30;Yopal;20;9;2052.96;443439.16;Activo;0.63;0.37;33;11;63
C001284;73;Santa Marta;36;7;1304.98;219236.51;En Riesgo;0.76;0.24;22;9;56
C001285;45;Puerto Vallejo;60;5;1519.25;182309.78;En Riesgo;0.78;0.22;47;5;45
C001286;59;Yopal;56;5;998.15;119777.62;En Riesgo;0.67;0.33;51;3;62
C001287;60;Pasto;6;9;2558.44;552622.71;Activo;0.59;0.41;37;9;19
C001288;64;Cartagena;8;20;2397.29;1150696.96;Activo;0.42;0.58;22;9;3
C001289;40;Cali;26;19;3053.43;1392363.54;Activo;0.38;0.62;40;9;49
C001290;56;Medell√≠n;84;4;865.44;83082.57;En Riesgo;0.4;0.6;44;10;89
C001291;65;Popay√°n;51;5;1756.33;210759.51;En Riesgo;0.53;0.47;26;5;65
C001292;65;Yopal;9;16;173.35;665663.7;Activo;0.53;0.47;55;3;97
C001293;22;Ibagu√©;28;11;2058.14;543348.52;Activo;0.7;0.3;50;5;82
C001294;71;Santa Marta;41;7;1331.36;223668.76;En Riesgo;0.73;0.27;39;10;83
C001295;73;Tulu√°;78;7;1338.99;224951.11;En Riesgo;0.61;0.39;10;7;3
C001296;56;Manizales;69;5;1309.87;157184.49;En Riesgo;0.83;0.17;51;7;53
C001297;53;Armenia;38;5;88.73;106475.75;En Riesgo;0.41;0.59;12;3;72
C001298;46;Cartagena;66;3;1131.08;81437.44;En Riesgo;0.87;0.13;6;5;68
C001299;26;Puerto Vallejo;59;3;1131.13;81441.17;En Riesgo;0.65;0.35;43;7;12
C001300;33;Armenia;41;3;1046.95;75380.31;En Riesgo;0.62;0.38;49;11;10
C001301;59;Bogot√°;342;2;545.55;26186.24;Dormido;0.67;0.33;49;11;68
C001302;56;Medell√≠n;201;1;686.99;16487.72;Dormido;0.85;0.15;39;7;67
C001303;29;Bucaramanga;78;5;1429.06;171486.82;En Riesgo;0.45;0.55;51;3;73
C001304;71;Mocoa;172;1;791.98;19007.4;Dormido;0.63;0.37;50;9;66
C001305;24;Puerto Carre√±o;257;2;1014.73;48707.18;Dormido;0.76;0.24;10;11;3
C001306;69;Tulu√°;6;11;2314.89;611131.75;Activo;0.35;0.65;58;11;19
C001307;57;Mocoa;79;4;1044.33;100255.97;En Riesgo;0.9;0.1;52;3;92
C001308;47;Sincelejo;154;2;808.79;38821.79;Dormido;0.59;0.41;15;11;45
C001309;71;Valledupar;88;6;1548.03;222915.94;En Riesgo;0.86;0.14;27;11;93
C001310;26;Mocoa;3;9;2418.78;522457.15;Activo;0.5;0.5;13;7;7
C001311;54;Arauca;37;7;1237.98;207980.49;En Riesgo;0.59;0.41;56;6;85
C001312;48;Armenia;135;2;450.33;21615.63;Dormido;0.68;0.32;10;9;17
C001313;70;Santa Marta;23;9;2297.55;496270.59;Activo;0.5;0.5;21;3;37
C001314;47;Barranquilla;233;1;568.09;13634.12;Dormido;0.59;0.41;54;8;28
C001315;39;Bogot√°;29;13;1917.01;598108.19;Activo;0.77;0.23;31;8;39
C001316;58;Sincelejo;314;2;585.66;28111.83;Dormido;0.85;0.15;44;8;82
C001317;60;Florencia;27;16;3112.86;1195338.85;Activo;0.36;0.64;59;8;78
C001318;61;Pereira;84;7;1207.58;202873.96;En Riesgo;0.85;0.15;47;3;79
C001319;19;Bogot√°;8;22;2004.88;1058578.82;Activo;0.53;0.47;57;8;57
C001320;44;Puerto Carre√±o;67;3;1048.99;75527.13;En Riesgo;0.89;0.11;56;11;45
C001321;39;Armenia;17;22;2625.26;1386136.95;Activo;0.66;0.34;42;9;56
C001322;63;Bogot√°;3;16;274.82;1055310.23;Activo;0.32;0.68;47;6;97
C001323;33;Manizales;23;15;3172.99;1142276.42;Activo;0.62;0.38;11;6;55
C001324;25;Puerto Carre√±o;41;6;1405.47;202387.39;En Riesgo;0.8;0.2;19;5;1
C001325;44;Riohacha;325;1;369.43;8866.24;Dormido;0.6;0.4;56;10;68
C001326;30;Riohacha;55;6;1082.39;155863.88;En Riesgo;0.66;0.34;58;7;62
C001327;33;Florencia;130;2;839.08;40275.9;Dormido;0.8;0.2;35;6;38
C001328;44;Medell√≠n;7;12;3057.56;880577.9;Activo;0.49;0.51;11;6;20
C001329;73;Riohacha;42;5;748.29;89794.45;En Riesgo;0.88;0.12;23;7;47
C001330;37;Armenia;338;2;633.74;30419.34;Dormido;0.57;0.43;45;5;60
C001331;61;Manizales;56;5;1559.86;187183.36;En Riesgo;0.65;0.35;57;3;2
C001332;36;Villavicencio;331;1;769.17;18460.05;Dormido;0.93;0.07;42;5;49
C001333;18;Valledupar;26;18;2061.02;890359.77;Activo;0.71;0.29;13;11;41
C001334;59;Santa Marta;29;8;225.74;433420.93;Activo;0.56;0.44;37;7;48
C001335;38;Pereira;39;6;1363.36;196323.71;En Riesgo;0.88;0.12;58;11;53
C001336;74;Mocoa;96;1;642.24;15413.73;Dormido;0.59;0.41;32;8;80
C001337;35;Sincelejo;278;2;702.28;33709.44;Dormido;0.94;0.06;48;4;58
C001338;18;In√≠rida;2;11;2137.98;564426.3;Activo;0.46;0.54;27;7;76
C001339;40;Barranquilla;344;2;604.93;29036.56;Dormido;0.55;0.45;11;9;28
C001340;47;Leticia;9;15;2448.88;881597.84;Activo;0.46;0.54;45;6;67
C001341;49;Arauca;17;8;206.96;397363.95;Activo;0.7;0.3;13;8;55
C001342;66;C√∫cuta;267;2;493.61;23693.17;Dormido;0.71;0.29;45;6;78
C001343;37;Puerto Vallejo;93;1;354.19;8500.61;Dormido;0.61;0.39;12;10;77
C001344;66;Florencia;99;1;537.83;12907.81;Dormido;0.78;0.22;33;10;96
C001345;18;Medell√≠n;46;5;1025.45;123054.47;En Riesgo;0.73;0.27;56;8;16
C001346;31;Santa Marta;18;12;240.38;692293.95;Activo;0.56;0.44;35;8;86
C001347;34;Barranquilla;43;6;848.12;122129.79;En Riesgo;0.42;0.58;11;3;68
C001348;20;Puerto Carre√±o;114;1;750.91;18021.83;Dormido;0.95;0.05;48;8;5
C001349;40;In√≠rida;52;3;1190.09;85686.69;En Riesgo;0.43;0.57;21;5;71
C001350;39;Villavicencio;63;4;121.43;116573.22;En Riesgo;0.53;0.47;43;6;21
C001351;64;Florencia;63;7;97.71;164152.52;En Riesgo;0.55;0.45;53;11;70
C001352;70;Santa Marta;11;18;3305.31;1427892.92;Activo;0.38;0.62;32;6;0
C001353;61;Bucaramanga;61;3;1385.33;99743.72;En Riesgo;0.56;0.44;20;5;54
C001354;23;Armenia;42;5;1176.13;141135.48;En Riesgo;0.63;0.37;18;6;99
C001355;40;Bogot√°;39;3;1701.96;122541.28;En Riesgo;0.62;0.38;46;8;17
C001356;25;Medell√≠n;7;17;2083.63;850121.67;Activo;0.35;0.65;14;11;26
C001357;64;Bogot√°;62;3;850.71;61250.87;En Riesgo;0.58;0.42;26;3;98
C001358;47;Valledupar;19;11;2928.45;773109.83;Activo;0.37;0.63;51;8;65
C001359;59;Yopal;11;17;2682.56;1094483.78;Activo;0.68;0.32;10;5;67
C001360;73;Bogot√°;24;20;2561.78;1229654.04;Activo;0.76;0.24;16;5;48
C001361;24;Tulu√°;16;9;3205.63;692416.89;Activo;0.62;0.38;35;7;47
C001362;71;Cali;3;23;2891.38;1596044.46;Activo;0.37;0.63;53;9;78
C001363;54;San Andr√©s;2;13;2439.26;761048.16;Activo;0.58;0.42;58;8;24
C001364;53;Mocoa;252;2;84.93;40766.21;Dormido;0.73;0.27;6;10;52
C001365;42;Pereira;188;1;755.56;18133.41;Dormido;0.8;0.2;45;4;84
C001366;30;Leticia;24;14;3046.95;1023776.37;Activo;0.46;0.54;26;5;68
C001367;47;Cali;32;5;1340.29;160834.73;En Riesgo;0.84;0.16;47;7;53
C001368;28;Tulu√°;165;2;596.61;28637.46;Dormido;0.67;0.33;13;3;89
C001369;65;Cali;5;20;239.68;1150464.23;Activo;0.71;0.29;49;10;32
C001370;42;Manizales;21;13;256.05;798875.29;Activo;0.77;0.23;24;4;57
C001371;22;Leticia;15;15;2275.74;819265.58;Activo;0.52;0.48;46;11;97
C001372;29;C√∫cuta;1;11;1969.94;520065.27;Activo;0.56;0.44;25;5;79
C001373;66;Valledupar;300;1;710.37;17048.87;Dormido;0.61;0.39;58;9;81
C001374;60;Cartagena;15;13;2789.52;870331;Activo;0.53;0.47;19;4;62
C001375;64;Puerto Carre√±o;35;6;805.69;116019.94;En Riesgo;0.68;0.32;49;6;66
C001376;24;Bucaramanga;139;1;39.22;9412.88;Dormido;0.78;0.22;54;11;14
C001377;70;C√∫cuta;206;2;925.68;44432.69;Dormido;0.85;0.15;32;7;59
C001378;65;Manizales;89;7;1158.02;194546.68;En Riesgo;0.62;0.38;37;3;23
C001379;73;Quibd√≥;225;1;78.89;18933.6;Dormido;0.8;0.2;19;4;49
C001380;25;Yopal;86;3;1328.54;95654.62;En Riesgo;0.45;0.55;25;6;20
C001381;34;Leticia;53;3;590.45;42512.61;En Riesgo;0.75;0.25;8;3;71
C001382;69;Yopal;23;14;2414.76;811360.01;Activo;0.34;0.66;58;8;19
C001383;27;Manizales;7;19;2439.78;1112539.03;Activo;0.78;0.22;17;5;2
C001384;64;Pereira;249;1;671.56;16117.54;Dormido;0.81;0.19;58;8;5
C001385;66;Popay√°n;73;5;1588.43;190611.48;En Riesgo;0.63;0.37;25;7;27
C001386;26;Yopal;18;15;3455.88;1244116.4;Activo;0.8;0.2;41;9;15
C001387;25;Barranquilla;29;22;2403.95;1269284.4;Activo;0.47;0.53;57;10;86
C001388;74;Cartagena;16;9;2922.74;631312.09;Activo;0.52;0.48;42;9;36
C001389;65;Popay√°n;314;2;369.72;17746.72;Dormido;0.9;0.1;53;8;14
C001390;74;San Andr√©s;63;5;1094.54;131344.46;En Riesgo;0.49;0.51;55;7;11
C001391;50;Monter√≠a;7;16;2833.49;1088059.34;Activo;0.33;0.67;27;3;93
C001392;56;Riohacha;9;13;1817.32;567003.96;Activo;0.66;0.34;11;10;32
C001393;74;Bucaramanga;343;1;658.88;15813.07;Dormido;0.69;0.31;53;10;53
C001394;36;Florencia;16;9;2437.39;526475.61;Activo;0.53;0.47;54;6;20
C001395;73;Leticia;82;5;89.64;107568.44;En Riesgo;0.65;0.35;19;10;47
C001396;45;Barranquilla;13;14;1753.58;589203.41;Activo;0.8;0.2;19;8;63
C001397;31;Pasto;67;4;590.18;56657.14;En Riesgo;0.68;0.32;50;6;44
C001398;69;Armenia;111;1;694.59;16670.07;Dormido;0.71;0.29;57;11;29
C001399;51;Villavicencio;2;8;2366.27;454323.64;Activo;0.44;0.56;22;7;85
C001400;54;Santa Marta;16;17;2497.54;1018997.99;Activo;0.75;0.25;11;11;34
C001401;64;Valledupar;57;5;1400.64;168076.71;En Riesgo;0.73;0.27;58;5;18
C001402;66;Pereira;18;18;2605.03;1125373.74;Activo;0.33;0.67;31;7;0
C001403;66;Pasto;158;1;670.78;16098.71;Dormido;0.86;0.14;20;5;46
C001404;43;Pereira;81;5;926.06;111126.76;En Riesgo;0.88;0.12;8;3;20
C001405;54;Pasto;3;12;2838.45;817473.78;Activo;0.44;0.56;19;5;72
C001406;44;Riohacha;246;2;463.99;22271.37;Dormido;0.68;0.32;55;11;2
C001407;64;Santa Marta;124;2;591.36;28385.06;Dormido;0.66;0.34;47;9;18
C001408;31;Florencia;32;5;1303.12;156374.97;En Riesgo;0.65;0.35;45;4;38
C001409;58;Puerto Carre√±o;9;16;2928.76;1124642.13;Activo;0.57;0.43;52;8;69
C001410;23;Barranquilla;36;6;1741.99;250846.95;En Riesgo;0.7;0.3;21;9;86
C001411;37;Monter√≠a;34;4;1090.14;104653.68;En Riesgo;0.79;0.21;25;8;27
C001412;71;Cali;263;2;912.52;43801.11;Dormido;0.93;0.07;50;9;63
C001413;18;Monter√≠a;177;2;306.78;14725.33;Dormido;0.6;0.4;42;3;34
C001414;59;Tulu√°;65;7;1428.69;240020.15;En Riesgo;0.65;0.35;30;8;70
C001415;60;Riohacha;193;2;3.74;17952.23;Dormido;0.76;0.24;11;10;73
C001416;32;Cartagena;44;6;131.39;189201.87;En Riesgo;0.86;0.14;53;9;91
C001417;61;Monter√≠a;32;6;798.65;115006.17;En Riesgo;0.88;0.12;34;8;69
C001418;34;Florencia;8;18;3123.92;1349535.56;Activo;0.69;0.31;29;4;84
C001419;21;Florencia;363;2;705.25;33851.95;Dormido;0.77;0.23;24;8;24
C001420;74;Monter√≠a;81;4;1176.91;112983.12;En Riesgo;0.79;0.21;8;8;14
C001421;25;Florencia;56;4;1189.83;114224.15;En Riesgo;0.73;0.27;47;7;19
C001422;46;Arauca;15;15;2888.82;1039975.28;Activo;0.55;0.45;40;10;90
C001423;38;C√∫cuta;230;2;431.01;20688.48;Dormido;0.71;0.29;38;10;32
C001424;28;Cali;32;7;1191.95;200247.2;En Riesgo;0.48;0.52;28;3;62
C001425;26;San Andr√©s;89;4;1029.61;98842.81;En Riesgo;0.87;0.13;16;3;77
C001426;43;Mocoa;12;9;3118.37;673568.76;Activo;0.65;0.35;13;6;71
C001427;39;Puerto Vallejo;85;3;1327.62;95588.87;En Riesgo;0.57;0.43;33;4;5
C001428;59;Puerto Vallejo;18;15;3151.13;1134407.81;Activo;0.35;0.65;46;4;66
C001429;47;C√∫cuta;23;18;2297.08;992340.34;Activo;0.65;0.35;16;3;90
C001430;60;Leticia;11;8;1828.81;351131.23;Activo;0.43;0.57;30;3;5
C001431;49;Sincelejo;3;22;285.18;1505751.42;Activo;0.49;0.51;10;8;62
C001432;74;Ibagu√©;235;1;248.06;5953.43;Dormido;0.93;0.07;39;7;65
C001433;60;Florencia;278;1;694.01;16656.27;Dormido;0.69;0.31;34;6;31
C001434;51;Valledupar;26;21;2713.06;1367380.84;Activo;0.7;0.3;44;6;9
C001435;61;Tulu√°;18;23;3426.77;1891577.87;Activo;0.79;0.21;34;10;5
C001436;51;Arauca;2;9;3481.33;751967.72;Activo;0.61;0.39;24;6;51
C001437;37;Villavicencio;27;13;3408.53;1063462.67;Activo;0.42;0.58;59;4;91
C001438;56;Santa Marta;7;23;2903.72;1602855.57;Activo;0.73;0.27;44;5;18
C001439;35;Barranquilla;29;9;1858.89;401521.11;Activo;0.56;0.44;41;10;42
C001440;39;In√≠rida;9;13;2715.63;847276.77;Activo;0.34;0.66;14;6;16
C001441;51;Santa Marta;33;6;119.48;172051.88;En Riesgo;0.88;0.12;44;3;1
C001442;24;Cali;135;1;671.17;16108.09;Dormido;0.61;0.39;27;10;5
C001443;37;Pereira;41;7;1330.84;223580.6;En Riesgo;0.54;0.46;32;3;44
C001444;66;Manizales;221;2;449.67;21584.29;Dormido;0.83;0.17;48;6;61
C001445;23;Manizales;143;2;916.38;43986.06;Dormido;0.51;0.49;42;3;90
C001446;54;Cartagena;55;5;1097.29;131674.29;En Riesgo;0.7;0.3;22;7;55
C001447;44;Manizales;301;2;205.28;9853.47;Dormido;0.57;0.43;16;11;57
C001448;72;Popay√°n;47;4;1385.78;133035.15;En Riesgo;0.65;0.35;16;8;3
C001449;19;Sincelejo;15;19;2865.64;1306730.88;Activo;0.39;0.61;44;4;32
C001450;44;Mocoa;8;15;2203.64;793309.6;Activo;0.37;0.63;16;9;0
C001451;32;Santa Marta;57;3;1150.45;82832.67;En Riesgo;0.5;0.5;34;9;34
C001452;52;Florencia;14;23;3268.16;1804023.65;Activo;0.41;0.59;6;8;65
C001453;42;Yopal;13;20;2846.94;1366529.34;Activo;0.45;0.55;58;3;39
C001454;68;Barranquilla;7;23;2130.35;1175953.61;Activo;0.42;0.58;32;8;41
C001455;39;Riohacha;26;16;1992.19;765002.68;Activo;0.8;0.2;40;7;14
C001456;72;Valledupar;75;4;1206.48;115821.63;En Riesgo;0.41;0.59;40;11;71
C001457;30;In√≠rida;28;15;2172.37;782054.77;Activo;0.35;0.65;59;7;51
C001458;20;Mocoa;55;5;1391.62;166994.61;En Riesgo;0.49;0.51;9;3;37
C001459;48;Mocoa;13;22;2181.44;1151798.54;Activo;0.38;0.62;6;4;32
C001460;64;Popay√°n;34;4;959.67;92128.53;En Riesgo;0.59;0.41;26;5;96
C001461;31;Ibagu√©;13;21;2004.49;1010263.63;Activo;0.44;0.56;59;11;57
C001462;73;Quibd√≥;7;8;2062.86;396068.45;Activo;0.79;0.21;41;7;12
C001463;25;San Andr√©s;17;13;3169.79;988975.63;Activo;0.74;0.26;20;3;39
C001464;53;Popay√°n;350;2;830.74;39875.34;Dormido;0.85;0.15;35;11;10
C001465;43;Bucaramanga;85;5;99.38;119255.89;En Riesgo;0.76;0.24;11;3;90
C001466;71;Santa Marta;8;16;2876.24;1104477.42;Activo;0.47;0.53;29;10;43
C001467;71;Florencia;245;1;754.45;18106.69;Dormido;0.73;0.27;43;6;77
C001468;24;Cartagena;200;2;735.44;35301.06;Dormido;0.66;0.34;36;11;76
C001469;65;Cartagena;15;15;2545.41;916349.04;Activo;0.44;0.56;9;10;21
C001470;63;Florencia;55;7;1112.48;186896.44;En Riesgo;0.76;0.24;24;8;91
C001471;45;Ibagu√©;319;2;877.76;42132.56;Dormido;0.79;0.21;19;10;79
C001472;44;Monter√≠a;12;16;3015.32;1157883.06;Activo;0.39;0.61;55;11;25
C001473;40;Valledupar;3;22;3793.62;2003033.77;Activo;0.47;0.53;34;10;90
C001474;38;Mocoa;21;17;3165.94;1291703.58;Activo;0.58;0.42;42;9;42
C001475;58;Riohacha;20;12;2027.73;583985.34;Activo;0.5;0.5;53;10;34
C001476;71;Cartagena;233;1;724.93;17398.43;Dormido;0.59;0.41;35;5;93
C001477;57;Florencia;46;4;127.46;122361.36;En Riesgo;0.59;0.41;10;11;10
C001478;56;Pereira;47;5;1591.53;190983.47;En Riesgo;0.8;0.2;23;9;17
C001479;31;Arauca;74;4;1507.43;144712.88;En Riesgo;0.56;0.44;15;5;25
C001480;69;Sincelejo;252;2;422.09;20260.09;Dormido;0.75;0.25;29;10;69
C001481;40;Valledupar;87;7;1223.31;205516.51;En Riesgo;0.8;0.2;19;4;60
C001482;19;Arauca;351;1;575.47;13811.26;Dormido;0.81;0.19;29;4;67
C001483;71;Pereira;89;5;1209.84;145180.47;En Riesgo;0.78;0.22;17;10;62
C001484;48;Mocoa;9;19;2482.89;1132199.78;Activo;0.69;0.31;21;3;85
C001485;60;Medell√≠n;112;2;660.91;31723.56;Dormido;0.72;0.28;49;4;48
C001486;34;C√∫cuta;246;2;449.08;21555.9;Dormido;0.87;0.13;20;8;40
C001487;47;Valledupar;83;7;1416.86;238032.75;En Riesgo;0.48;0.52;29;7;12
C001488;58;Leticia;18;10;2665.41;639699.22;Activo;0.6;0.4;49;11;72
C001489;35;In√≠rida;46;4;1452.11;139403.03;En Riesgo;0.87;0.13;33;6;64
C001490;42;C√∫cuta;309;2;70.52;33849.55;Dormido;0.86;0.14;59;11;44
C001491;40;Monter√≠a;75;6;963.41;138731.42;En Riesgo;0.79;0.21;28;4;84
C001492;24;In√≠rida;89;6;120.73;173851.82;En Riesgo;0.46;0.54;8;11;13
C001493;38;Monter√≠a;27;16;2917.25;1120224.3;Activo;0.64;0.36;16;5;54
C001494;48;Armenia;20;9;2400.43;518493.85;Activo;0.42;0.58;21;9;13
C001495;69;Manizales;12;17;2614.29;1066628.71;Activo;0.61;0.39;23;5;76
C001496;68;Cartagena;29;9;2112.06;456205.88;Activo;0.7;0.3;44;11;4
C001497;38;Tulu√°;22;15;3068.33;1104598.42;Activo;0.73;0.27;23;4;58
C001498;67;Mocoa;5;19;1309.45;597109.22;Activo;0.64;0.36;43;8;43
C001499;39;Barranquilla;63;6;1276.66;183838.57;En Riesgo;0.82;0.18;15;10;98
C001500;43;Arauca;351;2;206.25;9900.1;Dormido;0.84;0.16;44;8;98
C001501;65;Pasto;89;4;1014.03;97347.11;En Riesgo;0.59;0.41;32;4;69
C001502;56;Ibagu√©;17;15;2613.19;940747.48;Activo;0.57;0.43;28;7;91
C001503;43;C√∫cuta;12;10;2187.48;524994.94;Activo;0.55;0.45;33;5;40
C001504;67;Pasto;2;14;1574.32;528971.74;Activo;0.36;0.64;58;9;98
C001505;61;In√≠rida;10;9;3647.52;787864.77;Activo;0.75;0.25;7;9;33
C001506;18;Bogot√°;312;2;569.61;27341.28;Dormido;0.51;0.49;30;3;86
C001507;72;C√∫cuta;105;2;413.32;19839.47;Dormido;0.56;0.44;45;6;24
C001508;65;Sincelejo;323;2;71.98;34550.38;Dormido;0.84;0.16;46;3;58
C001509;37;Mocoa;239;1;800.56;19213.45;Dormido;0.93;0.07;11;8;38
C001510;38;Puerto Vallejo;150;2;454.81;21830.86;Dormido;0.75;0.25;12;6;66
C001511;30;Yopal;25;16;2953.04;1133969.13;Activo;0.69;0.31;38;8;65
C001512;47;Tulu√°;53;4;1361.21;130676.16;En Riesgo;0.62;0.38;7;11;3
C001513;42;Villavicencio;38;6;938.88;135198.31;En Riesgo;0.89;0.11;33;9;15
C001514;64;Tulu√°;294;2;566.67;27200.38;Dormido;0.7;0.3;27;10;2
C001515;65;Armenia;74;5;1095.48;131457.71;En Riesgo;0.8;0.2;7;4;42
C001516;72;Puerto Carre√±o;28;23;292.76;1616032.77;Activo;0.74;0.26;38;4;13
C001517;30;Puerto Carre√±o;39;6;1004.31;144620.86;En Riesgo;0.65;0.35;58;5;41
C001518;18;Bogot√°;35;5;1197.09;143651.22;En Riesgo;0.76;0.24;56;8;74
C001519;38;Popay√°n;76;3;1207.08;86910.05;En Riesgo;0.41;0.59;57;8;0
C001520;58;Quibd√≥;35;6;1211.37;174436.95;En Riesgo;0.65;0.35;45;4;94
C001521;21;Santa Marta;19;17;3436.93;1402267.76;Activo;0.41;0.59;41;7;96
C001522;73;San Andr√©s;7;18;2984.24;1289193.62;Activo;0.31;0.69;42;9;41
C001523;46;Tulu√°;15;13;1941.47;605740.06;Activo;0.33;0.67;33;6;70
C001524;62;In√≠rida;29;8;1754.99;336958.66;Activo;0.37;0.63;14;4;61
C001525;27;Florencia;300;2;138.28;6637.65;Dormido;0.88;0.12;30;3;82
C001526;47;Sincelejo;44;7;1059.17;177940.26;En Riesgo;0.81;0.19;37;8;19
C001527;60;Mocoa;66;3;1127.34;81168.22;En Riesgo;0.56;0.44;34;4;51
C001528;42;Valledupar;13;14;3035.93;1020072.08;Activo;0.32;0.68;54;5;78
C001529;56;Popay√°n;11;15;1177.65;423954.74;Activo;0.34;0.66;35;6;92
C001530;38;Tulu√°;56;3;523.85;37717.44;En Riesgo;0.76;0.24;40;8;74
C001531;55;Sincelejo;7;16;2879.01;1105541.26;Activo;0.45;0.55;20;4;72
C001532;74;Cartagena;278;1;350.32;8407.74;Dormido;0.85;0.15;12;4;13
C001533;40;Bucaramanga;51;4;633.82;60846.83;En Riesgo;0.79;0.21;59;7;50
C001534;54;Barranquilla;83;5;1253.97;150476.63;En Riesgo;0.46;0.54;18;11;27
C001535;60;Cali;46;5;1331.99;159838.73;En Riesgo;0.59;0.41;12;3;3
C001536;26;Santa Marta;8;11;2657.98;701706.59;Activo;0.41;0.59;12;7;99
C001537;21;Quibd√≥;38;7;1819.35;305650.52;En Riesgo;0.59;0.41;33;11;57
C001538;54;Cartagena;157;2;732.76;35172.51;Dormido;0.53;0.47;9;11;41
C001539;34;Riohacha;84;3;1244.62;89612.52;En Riesgo;0.56;0.44;27;4;9
C001540;53;Florencia;12;11;2444.45;645333.66;Activo;0.57;0.43;21;7;25
C001541;49;Ibagu√©;36;7;1099.59;184731.05;En Riesgo;0.61;0.39;19;6;21
C001542;43;Mocoa;65;7;955.94;160597.45;En Riesgo;0.51;0.49;25;6;5
C001543;39;Santa Marta;34;4;1347.25;129336.24;En Riesgo;0.74;0.26;57;4;29
C001544;63;Mocoa;179;1;574.77;13794.42;Dormido;0.52;0.48;7;7;48
C001545;49;Bucaramanga;23;22;3057.66;1614442.93;Activo;0.58;0.42;27;7;21
C001546;68;Pereira;31;3;953.46;68649.47;En Riesgo;0.41;0.59;18;8;3
C001547;42;Quibd√≥;36;4;819.96;78716.52;En Riesgo;0.41;0.59;22;5;2
C001548;45;Florencia;86;3;837.46;60297.46;En Riesgo;0.46;0.54;18;5;20
C001549;27;Santa Marta;18;20;269.71;1294610.35;Activo;0.49;0.51;36;8;82
C001550;69;Valledupar;102;1;703.01;16872.19;Dormido;0.84;0.16;8;11;5
C001551;50;Barranquilla;267;1;425.99;10223.75;Dormido;0.5;0.5;19;6;19
C001552;42;Cartagena;23;11;1719.15;453856.33;Activo;0.56;0.44;23;6;34
C001553;48;Manizales;27;19;2923.43;1333082.64;Activo;0.61;0.39;12;7;88
C001554;66;Monter√≠a;17;17;2841.81;1159458.43;Activo;0.54;0.46;38;10;33
C001555;30;C√∫cuta;27;10;2571.59;617181.82;Activo;0.63;0.37;17;11;78
C001556;54;Riohacha;79;7;1103.53;185393.63;En Riesgo;0.86;0.14;36;4;40
C001557;31;Bucaramanga;77;6;677.29;97529.65;En Riesgo;0.7;0.3;51;4;31
C001558;43;C√∫cuta;71;5;841.26;100950.61;En Riesgo;0.45;0.55;6;7;53
C001559;67;Santa Marta;25;23;2098.99;1158644.29;Activo;0.57;0.43;28;11;95
C001560;70;Tulu√°;335;2;708.36;34001.49;Dormido;0.64;0.36;34;11;22
C001561;30;Quibd√≥;25;13;2453.46;765478.07;Activo;0.54;0.46;33;11;61
C001562;26;Pereira;78;5;1847.82;221738.92;En Riesgo;0.55;0.45;53;3;56
C001563;42;Arauca;50;7;1411.87;237193.95;En Riesgo;0.51;0.49;12;7;41
C001564;53;Medell√≠n;28;13;2643.04;824627.83;Activo;0.44;0.56;36;3;2
C001565;18;Pasto;61;7;1301.22;218605.01;En Riesgo;0.64;0.36;42;3;1
C001566;19;Pereira;213;1;245.65;5895.58;Dormido;0.5;0.5;47;10;62
C001567;21;Mocoa;68;7;1207.73;202898.07;En Riesgo;0.88;0.12;35;6;54
C001568;64;Arauca;9;19;226.45;1032612.13;Activo;0.3;0.7;56;6;64
C001569;41;Riohacha;23;17;2927.93;1194594.19;Activo;0.66;0.34;53;10;91
C001570;31;Florencia;76;3;1217.88;87687.7;En Riesgo;0.49;0.51;30;10;45
C001571;53;Sincelejo;18;14;1846.82;620531.03;Activo;0.74;0.26;7;6;97
C001572;72;Villavicencio;79;5;1343.58;161229.56;En Riesgo;0.6;0.4;22;6;65
C001573;48;Cartagena;8;21;3481.48;1754666.24;Activo;0.74;0.26;19;8;6
C001574;20;Mocoa;204;2;473.78;22741.41;Dormido;0.52;0.48;28;6;56
C001575;50;Villavicencio;13;20;2536.04;1217299.82;Activo;0.31;0.69;29;8;51
C001576;29;Leticia;82;5;1654.87;198583.86;En Riesgo;0.62;0.38;34;3;29
C001577;25;Mocoa;1;8;2142.52;411364.42;Activo;0.77;0.23;53;7;66
C001578;74;C√∫cuta;4;10;1920.36;460886.03;Activo;0.63;0.37;9;3;93
C001579;24;Armenia;150;2;561.22;26938.38;Dormido;0.72;0.28;8;10;10
C001580;72;C√∫cuta;141;1;841.85;20204.47;Dormido;0.67;0.33;8;6;71
C001581;31;Arauca;70;5;925.23;111027.12;En Riesgo;0.58;0.42;31;11;63
C001582;44;Florencia;20;15;1829.74;658706.43;Activo;0.5;0.5;24;5;72
C001583;61;Cali;39;6;1240.05;178566.53;En Riesgo;0.55;0.45;16;9;29
C001584;27;Mocoa;20;15;224.18;807048.45;Activo;0.31;0.69;41;8;62
C001585;66;Villavicencio;5;14;2445.63;821731.62;Activo;0.61;0.39;16;7;44
C001586;64;Quibd√≥;26;23;2786.94;1538392.96;Activo;0.37;0.63;18;6;85
C001587;65;Medell√≠n;237;2;925.98;44446.92;Dormido;0.88;0.12;19;6;2
C001588;40;Sincelejo;35;7;992.73;166778.55;En Riesgo;0.81;0.19;46;8;63
C001589;64;Arauca;27;17;3508.31;1431388.93;Activo;0.33;0.67;49;11;43
C001590;33;C√∫cuta;41;6;105.48;151891.92;En Riesgo;0.41;0.59;14;11;37
C001591;44;Pereira;3;22;2349.01;1240279.53;Activo;0.51;0.49;33;9;28
C001592;20;San Andr√©s;45;5;1612.46;193494.61;En Riesgo;0.77;0.23;21;3;95
C001593;63;Quibd√≥;87;6;1351.71;194645.92;En Riesgo;0.46;0.54;8;6;96
C001594;68;Pereira;10;11;3597.99;949868.44;Activo;0.6;0.4;53;10;78
C001595;23;In√≠rida;78;6;113.76;163814.12;En Riesgo;0.65;0.35;11;8;65
C001596;64;Pereira;37;5;96.71;116052.24;En Riesgo;0.45;0.55;57;4;19
C001597;61;Villavicencio;276;1;649.37;15584.88;Dormido;0.53;0.47;11;10;38
C001598;56;Santa Marta;183;1;43.36;10406.32;Dormido;0.71;0.29;6;5;62
C001599;53;Monter√≠a;80;5;135.74;162888.11;En Riesgo;0.69;0.31;44;3;58
C001600;48;Mocoa;77;3;1166.23;83968.77;En Riesgo;0.41;0.59;56;10;80
C001601;51;Mocoa;66;4;618.78;59402.75;En Riesgo;0.88;0.12;49;11;92
C001602;20;Quibd√≥;362;1;910.45;21850.74;Dormido;0.67;0.33;10;5;37
C001603;28;Barranquilla;86;3;1513.41;108965.76;En Riesgo;0.8;0.2;52;6;93
C001604;62;Puerto Carre√±o;20;11;2016.03;532231.89;Activo;0.58;0.42;25;7;63
C001605;30;Pereira;4;12;1708.53;492057.4;Activo;0.71;0.29;22;10;41
C001606;25;Cartagena;49;4;1698.32;163038.35;En Riesgo;0.88;0.12;52;6;88
C001607;46;Armenia;5;8;2934.09;563345.21;Activo;0.53;0.47;57;10;29
C001608;45;Manizales;23;19;2103.82;959339.81;Activo;0.72;0.28;9;3;55
C001609;43;C√∫cuta;87;3;1104.35;79513.18;En Riesgo;0.52;0.48;22;9;89
C001610;28;Arauca;20;15;21.07;758521.65;Activo;0.35;0.65;38;9;85
C001611;21;In√≠rida;31;7;1510.69;253795.88;En Riesgo;0.64;0.36;44;5;23
C001612;19;Florencia;83;7;1547.11;259914.69;En Riesgo;0.88;0.12;21;7;11
C001613;45;Tulu√°;15;10;1988.61;477266.61;Activo;0.69;0.31;26;11;93
C001614;49;Riohacha;275;1;597.77;14346.39;Dormido;0.53;0.47;50;4;16
C001615;19;Yopal;85;5;90.61;108732.39;En Riesgo;0.49;0.51;47;7;49
C001616;65;Monter√≠a;7;10;2561.79;614830.03;Activo;0.66;0.34;36;4;79
C001617;62;Bogot√°;82;3;1489.89;107272.26;En Riesgo;0.85;0.15;27;9;81
C001618;54;Pasto;35;6;953.47;137299.75;En Riesgo;0.74;0.26;24;11;26
C001619;25;Barranquilla;10;19;2984.37;1360871.48;Activo;0.75;0.25;37;3;99
C001620;45;Bucaramanga;88;5;1084.77;130172.73;En Riesgo;0.76;0.24;17;3;63
C001621;40;Popay√°n;16;14;2137.69;718264.28;Activo;0.6;0.4;6;7;93
C001622;65;Pereira;2;23;2590.44;1429923.88;Activo;0.68;0.32;44;9;93
C001623;59;Quibd√≥;295;1;501.06;12025.51;Dormido;0.74;0.26;32;6;14
C001624;35;Medell√≠n;68;5;1067.41;128089.24;En Riesgo;0.63;0.37;44;7;98
C001625;57;Sincelejo;31;5;1548.84;185861.18;En Riesgo;0.4;0.6;43;8;72
C001626;37;Mocoa;53;4;101.31;97257.35;En Riesgo;0.71;0.29;27;6;46
C001627;45;Tulu√°;32;3;1853.62;133460.64;En Riesgo;0.6;0.4;50;7;22
C001628;67;Valledupar;307;2;434.16;20839.77;Dormido;0.64;0.36;40;4;80
C001629;71;Santa Marta;336;1;675.49;16211.83;Dormido;0.87;0.13;26;7;57
C001630;57;Monter√≠a;47;4;1449.09;139112.6;En Riesgo;0.46;0.54;56;3;12
C001631;30;Monter√≠a;63;4;515.14;49453.23;En Riesgo;0.88;0.12;37;4;55
C001632;32;Bucaramanga;82;3;1563.21;112551.05;En Riesgo;0.57;0.43;11;7;82
C001633;33;Puerto Carre√±o;51;4;1468.05;140932.71;En Riesgo;0.71;0.29;24;4;23
C001634;59;Tulu√°;7;14;1806.53;606992.97;Activo;0.34;0.66;19;10;11
C001635;61;Villavicencio;8;14;2432.97;817479.36;Activo;0.41;0.59;16;5;91
C001636;31;Sincelejo;288;1;64.23;15415.22;Dormido;0.6;0.4;36;9;26
C001637;31;Florencia;249;1;614.82;14755.63;Dormido;0.86;0.14;25;8;51
C001638;73;San Andr√©s;5;15;2277.85;820026.04;Activo;0.36;0.64;13;6;51
C001639;22;Puerto Carre√±o;265;1;326.39;7833.46;Dormido;0.58;0.42;49;3;87
C001640;48;C√∫cuta;55;5;2006.29;240755.32;En Riesgo;0.53;0.47;18;6;25
C001641;72;Leticia;77;5;1312.21;157464.65;En Riesgo;0.82;0.18;34;6;49
C001642;55;In√≠rida;70;6;110.48;159091.74;En Riesgo;0.71;0.29;41;4;26
C001643;23;Florencia;39;5;601.18;72141.59;En Riesgo;0.49;0.51;48;10;21
C001644;35;Popay√°n;24;21;2472.15;1245961.51;Activo;0.42;0.58;41;6;12
C001645;44;Bogot√°;82;7;985.93;165636.75;En Riesgo;0.9;0.1;35;6;23
C001646;36;Bogot√°;2;22;2622.34;1384592.97;Activo;0.64;0.36;50;5;69
C001647;28;Barranquilla;56;6;1340.85;193082.51;En Riesgo;0.57;0.43;25;6;90
C001648;29;Ibagu√©;87;4;1065.09;102249.1;En Riesgo;0.89;0.11;57;5;20
C001649;27;Popay√°n;2;20;2858.37;1372016.82;Activo;0.34;0.66;7;10;82
C001650;27;Monter√≠a;13;14;2727.04;916286.74;Activo;0.4;0.6;26;6;80
C001651;43;Barranquilla;310;1;240.66;5775.8;Dormido;0.72;0.28;20;7;18
C001652;19;Quibd√≥;6;11;2607.29;688323.64;Activo;0.58;0.42;7;7;2
C001653;33;Puerto Carre√±o;11;12;2311.84;665808.71;Activo;0.77;0.23;53;6;39
C001654;71;Florencia;8;16;227.09;872025.94;Activo;0.36;0.64;7;9;19
C001655;70;Mocoa;20;10;2372.01;569281.93;Activo;0.44;0.56;33;7;27
C001656;46;C√∫cuta;231;2;699.63;33582.12;Dormido;0.71;0.29;6;10;29
C001657;32;Monter√≠a;25;18;2710.57;1170965.35;Activo;0.38;0.62;40;11;14
C001658;38;Pasto;24;13;1798.67;561184.11;Activo;0.56;0.44;27;7;78
C001659;72;Pasto;10;13;867.58;270686.29;Activo;0.31;0.69;6;4;34
C001660;41;Santa Marta;60;6;840.13;120979.26;En Riesgo;0.42;0.58;36;3;36
C001661;65;Pasto;45;7;14.76;247968.05;En Riesgo;0.72;0.28;30;8;86
C001662;61;Ibagu√©;287;1;673.53;16164.75;Dormido;0.5;0.5;9;4;38
C001663;62;Armenia;278;2;740.01;35520.53;Dormido;0.53;0.47;58;5;92
C001664;58;Riohacha;80;7;971.15;163152.96;En Riesgo;0.79;0.21;53;6;71
C001665;66;Ibagu√©;29;16;2479.96;952305.25;Activo;0.46;0.54;15;11;1
C001666;56;Puerto Carre√±o;187;2;1066.06;51171.03;Dormido;0.75;0.25;12;3;25
C001667;22;Cartagena;3;20;2118.68;1016967.45;Activo;0.35;0.65;7;8;70
C001668;49;Popay√°n;20;9;2418.98;522499.63;Activo;0.37;0.63;25;4;94
C001669;67;Puerto Vallejo;114;2;451.44;21669.08;Dormido;0.87;0.13;44;8;74
C001670;61;Leticia;28;20;1956.28;939013.93;Activo;0.53;0.47;33;8;39
C001671;20;Ibagu√©;33;3;1634.01;117648.42;En Riesgo;0.8;0.2;22;10;83
C001672;73;Pereira;82;3;851.03;61274.02;En Riesgo;0.61;0.39;45;3;7
C001673;61;Bucaramanga;339;1;775.04;18600.94;Dormido;0.53;0.47;46;7;92
C001674;27;Mocoa;2;9;2427.82;524409.03;Activo;0.67;0.33;33;7;45
C001675;55;Popay√°n;304;2;882.85;42376.59;Dormido;0.56;0.44;15;7;73
C001676;44;San Andr√©s;115;2;478.58;22971.94;Dormido;0.55;0.45;47;7;43
C001677;53;Armenia;77;4;1086.03;104258.8;En Riesgo;0.55;0.45;19;5;39
C001678;56;Pasto;60;7;874.35;146890.14;En Riesgo;0.69;0.31;39;8;15
C001679;18;Mocoa;89;5;109.98;131976.33;En Riesgo;0.4;0.6;43;4;97
C001680;73;Popay√°n;64;5;8.17;98039.66;En Riesgo;0.72;0.28;26;10;28
C001681;33;Barranquilla;2;14;268.61;902528.77;Activo;0.79;0.21;48;10;5
C001682;53;Yopal;282;1;741.63;17799.12;Dormido;0.75;0.25;11;3;1
C001683;46;Medell√≠n;6;14;2758.64;926902.1;Activo;0.49;0.51;25;6;27
C001684;26;C√∫cuta;65;4;1416.82;136015.13;En Riesgo;0.46;0.54;6;5;38
C001685;41;Quibd√≥;28;12;3411.04;982378.49;Activo;0.63;0.37;11;7;11
C001686;43;Santa Marta;9;17;2716.22;1108218.39;Activo;0.73;0.27;48;5;82
C001687;66;Arauca;16;22;276.59;1460394.59;Activo;0.31;0.69;40;6;97
C001688;20;Florencia;60;5;149.98;179975.52;En Riesgo;0.73;0.27;58;5;3
C001689;52;Riohacha;62;5;818.06;98167.02;En Riesgo;0.5;0.5;51;9;36
C001690;60;Yopal;64;5;182.28;218736.1;En Riesgo;0.76;0.24;20;5;1
C001691;59;Medell√≠n;21;20;1843.84;885044.35;Activo;0.6;0.4;15;9;42
C001692;50;Bogot√°;23;10;3079.32;739036.5;Activo;0.71;0.29;22;8;12
C001693;57;Puerto Vallejo;210;1;1099.65;26391.71;Dormido;0.85;0.15;6;3;9
C001694;20;Medell√≠n;238;2;605.92;29084.02;Dormido;0.81;0.19;39;7;67
C001695;67;Pereira;175;2;386.28;18541.39;Dormido;0.87;0.13;34;11;58
C001696;68;Mocoa;58;5;790.86;94903.74;En Riesgo;0.69;0.31;40;10;40
C001697;63;Florencia;84;4;2005.59;192536.79;En Riesgo;0.86;0.14;36;4;75
C001698;40;Pereira;84;3;1328.01;95616.61;En Riesgo;0.83;0.17;25;9;0
C001699;50;Puerto Carre√±o;53;4;1259.46;120907.83;En Riesgo;0.62;0.38;10;4;64
C001700;19;Puerto Carre√±o;43;5;660.71;79284.97;En Riesgo;0.52;0.48;58;8;39
C001701;56;Popay√°n;97;1;863.62;20726.92;Dormido;0.61;0.39;14;3;11
C001702;21;Armenia;108;2;606.28;29101.5;Dormido;0.55;0.45;21;8;59
C001703;58;Manizales;4;11;2155.41;569027.78;Activo;0.68;0.32;43;8;38
C001704;31;Tulu√°;17;15;2100.86;756310.54;Activo;0.65;0.35;41;11;71
C001705;34;Popay√°n;52;3;126.23;90885.58;En Riesgo;0.82;0.18;53;9;14
C001706;40;Cartagena;3;8;2278.38;437448.18;Activo;0.46;0.54;52;9;73
C001707;19;In√≠rida;53;4;182.39;175094.75;En Riesgo;0.65;0.35;55;11;58
C001708;48;Cali;74;6;1184.28;170536.94;En Riesgo;0.84;0.16;46;7;54
C001709;42;Riohacha;11;20;1916.65;919993.55;Activo;0.51;0.49;41;10;45
C001710;68;Manizales;76;6;1076.68;155042.27;En Riesgo;0.46;0.54;10;10;31
C001711;69;Popay√°n;203;1;583.71;14009.11;Dormido;0.94;0.06;28;9;52
C001712;70;Valledupar;2;16;1982.43;761251.29;Activo;0.68;0.32;34;9;60
C001713;39;Puerto Vallejo;53;6;1166.37;167956.71;En Riesgo;0.46;0.54;16;3;68
C001714;74;C√∫cuta;11;21;1841.85;928293.86;Activo;0.6;0.4;32;5;12
C001715;64;Pasto;6;17;2578.73;1052123.73;Activo;0.57;0.43;14;7;1
C001716;21;Puerto Carre√±o;180;1;423.81;10171.43;Dormido;0.53;0.47;52;4;93
C001717;45;Barranquilla;270;1;699.56;16789.5;Dormido;0.5;0.5;39;3;57
C001718;72;Leticia;268;1;9.78;23471.9;Dormido;0.77;0.23;11;4;5
C001719;73;Monter√≠a;18;16;2407.49;924477.91;Activo;0.69;0.31;14;8;32
C001720;38;Leticia;7;17;1317.74;537638.86;Activo;0.47;0.53;20;8;29
C001721;20;Pereira;38;7;1143.17;192052.48;En Riesgo;0.67;0.33;15;9;62
C001722;56;Mocoa;24;17;1779.26;725939.97;Activo;0.8;0.2;10;6;25
C001723;30;Bogot√°;40;3;977.22;70359.94;En Riesgo;0.59;0.41;41;6;49
C001724;46;Cartagena;48;4;154.64;148454.09;En Riesgo;0.47;0.53;16;6;33
C001725;73;Arauca;80;3;1459.08;105053.5;En Riesgo;0.57;0.43;43;4;95
C001726;73;Santa Marta;254;1;544.89;13077.38;Dormido;0.66;0.34;50;10;57
C001727;49;Leticia;11;22;1648.54;870430.34;Activo;0.64;0.36;6;4;69
C001728;35;Villavicencio;44;6;1632.09;235020.83;En Riesgo;0.67;0.33;39;10;11
C001729;52;Armenia;63;7;1110.12;186500.82;En Riesgo;0.59;0.41;14;3;58
C001730;36;Santa Marta;14;12;2368.38;682093.59;Activo;0.7;0.3;50;11;49
C001731;68;Barranquilla;95;1;726.83;17443.91;Dormido;0.88;0.12;37;11;82
C001732;25;Leticia;19;11;2320.93;612724.55;Activo;0.64;0.36;50;3;1
C001733;55;Medell√≠n;21;18;3562.76;1539111.77;Activo;0.3;0.7;31;7;82
C001734;67;Mocoa;28;8;2956.03;567557.3;Activo;0.39;0.61;17;5;67
C001735;25;Manizales;41;4;1413.03;135651.1;En Riesgo;0.5;0.5;25;4;83
C001736;60;Armenia;27;23;2456.21;1355828.59;Activo;0.74;0.26;57;10;15
C001737;63;Yopal;69;6;1468.57;211474.16;En Riesgo;0.59;0.41;37;11;98
C001738;31;Puerto Carre√±o;357;2;850.71;40833.93;Dormido;0.52;0.48;6;7;77
C001739;28;Cartagena;47;4;1286.67;123519.91;En Riesgo;0.87;0.13;43;6;31
C001740;35;Cali;74;4;641.05;61541;En Riesgo;0.55;0.45;8;3;16
C001741;70;Santa Marta;36;3;94.24;67852.79;En Riesgo;0.5;0.5;57;6;63
C001742;67;Pereira;6;10;3340.17;801641.99;Activo;0.78;0.22;53;10;58
C001743;41;Riohacha;23;19;3052.95;1392145.78;Activo;0.57;0.43;7;9;50
C001744;62;Medell√≠n;116;2;66.33;31838.53;Dormido;0.87;0.13;40;6;76
C001745;73;Medell√≠n;340;2;42.86;20572.61;Dormido;0.62;0.38;55;3;86
C001746;60;Valledupar;194;1;216.52;5196.57;Dormido;0.76;0.24;54;8;37
C001747;43;Bucaramanga;64;3;1504.78;108343.9;En Riesgo;0.58;0.42;23;6;40
C001748;58;Monter√≠a;242;2;1003.81;48183.03;Dormido;0.6;0.4;59;6;66
C001749;20;Florencia;41;5;1774.95;212994.12;En Riesgo;0.87;0.13;50;6;36
C001750;50;Leticia;58;4;1272.61;122170.52;En Riesgo;0.48;0.52;22;10;92
C001751;73;Barranquilla;332;1;958.77;23010.52;Dormido;0.55;0.45;18;5;69
C001752;52;Villavicencio;39;4;969.36;93058.87;En Riesgo;0.83;0.17;11;5;14
C001753;45;Yopal;141;1;687.81;16507.36;Dormido;0.69;0.31;9;9;2
C001754;57;Valledupar;88;3;739.39;53235.87;En Riesgo;0.83;0.17;29;4;0
C001755;60;Leticia;11;15;1910.85;687904.45;Activo;0.63;0.37;6;11;26
C001756;27;Monter√≠a;84;5;70.92;85103.69;En Riesgo;0.57;0.43;36;3;17
C001757;48;Riohacha;132;1;430.98;10343.5;Dormido;0.53;0.47;24;7;57
C001758;20;Tulu√°;37;7;632.44;106250.63;En Riesgo;0.85;0.15;44;7;73
C001759;48;Armenia;44;6;1157.29;166649.16;En Riesgo;0.46;0.54;13;11;40
C001760;34;Pasto;18;9;2069.28;446964.66;Activo;0.35;0.65;21;9;91
C001761;72;Medell√≠n;81;7;1586.52;266535.13;En Riesgo;0.54;0.46;48;7;88
C001762;74;San Andr√©s;200;1;502.58;12061.81;Dormido;0.53;0.47;47;5;48
C001763;41;Bogot√°;48;5;1440.66;172878.9;En Riesgo;0.5;0.5;36;4;21
C001764;49;Bogot√°;4;19;2114.52;964222.49;Activo;0.73;0.27;15;11;24
C001765;37;Ibagu√©;18;17;3120.01;1272963.64;Activo;0.41;0.59;27;7;11
C001766;44;Santa Marta;355;1;86.02;20644.89;Dormido;0.69;0.31;49;5;73
C001767;26;Leticia;24;19;2331.91;1063349.64;Activo;0.61;0.39;18;11;89
C001768;62;Monter√≠a;8;20;2595.54;1245859.3;Activo;0.49;0.51;27;11;72
C001769;27;Florencia;50;4;111.02;106579.09;En Riesgo;0.54;0.46;49;4;24
C001770;33;Bucaramanga;7;19;2738.82;1248900.24;Activo;0.48;0.52;34;5;10
C001771;55;Florencia;8;14;3760.05;1263378.13;Activo;0.56;0.44;26;3;34
C001772;37;Quibd√≥;318;1;218.13;5235.15;Dormido;0.65;0.35;31;7;22
C001773;43;Santa Marta;23;20;2053.28;985575.49;Activo;0.58;0.42;56;7;61
C001774;28;Santa Marta;13;16;1768.73;679190.94;Activo;0.5;0.5;27;8;41
C001775;48;Popay√°n;89;5;98.43;118115.83;En Riesgo;0.48;0.52;14;7;75
C001776;45;C√∫cuta;328;2;752.55;36122.24;Dormido;0.51;0.49;35;9;27
C001777;63;Bucaramanga;85;6;1001.22;144176.17;En Riesgo;0.73;0.27;7;5;71
C001778;37;Leticia;47;6;1366.31;196749.22;En Riesgo;0.41;0.59;47;9;87
C001779;64;Santa Marta;15;20;2871.81;1378469.3;Activo;0.35;0.65;20;8;95
C001780;64;In√≠rida;326;2;761.43;36548.88;Dormido;0.73;0.27;57;7;32
C001781;56;Florencia;101;1;808.96;19415;Dormido;0.63;0.37;53;11;8
C001782;63;Puerto Carre√±o;254;1;318.13;7635.08;Dormido;0.89;0.11;41;6;87
C001783;50;Tulu√°;55;6;840.46;121026.1;En Riesgo;0.68;0.32;42;8;88
C001784;26;Mocoa;341;2;930.09;44644.2;Dormido;0.81;0.19;40;5;10
C001785;51;Barranquilla;22;21;2137.26;1077177.11;Activo;0.55;0.45;29;6;57
C001786;53;Pereira;7;9;2192.61;473603.5;Activo;0.64;0.36;44;11;26
C001787;51;Barranquilla;10;14;2766.35;929494.68;Activo;0.44;0.56;14;10;93
C001788;73;Barranquilla;4;9;2252.52;486544.01;Activo;0.34;0.66;36;10;20
C001789;56;Bogot√°;60;3;1423.18;102469.07;En Riesgo;0.7;0.3;38;8;4
C001790;62;Ibagu√©;29;10;1884.79;452348.66;Activo;0.38;0.62;31;4;28
C001791;39;Riohacha;12;11;2641.69;697406.54;Activo;0.7;0.3;6;9;64
C001792;68;Barranquilla;16;11;2319.66;612390.15;Activo;0.45;0.55;9;10;89
C001793;23;Barranquilla;19;8;2739.21;525928.92;Activo;0.63;0.37;44;4;77
C001794;36;Manizales;317;1;353.34;8480.07;Dormido;0.89;0.11;49;9;74
C001795;56;Monter√≠a;87;7;1830.79;307573.55;En Riesgo;0.74;0.26;43;6;2
C001796;34;Florencia;59;3;1371.98;98782.34;En Riesgo;0.46;0.54;54;9;74
C001797;44;Valledupar;7;22;258.18;1363191.96;Activo;0.43;0.57;27;5;49
C001798;33;Leticia;23;15;206.85;744658.95;Activo;0.35;0.65;58;11;50
C001799;55;Arauca;86;4;860.96;82651.98;En Riesgo;0.56;0.44;8;7;44
C001800;53;Tulu√°;2;14;2934.35;985942.06;Activo;0.57;0.43;9;7;81
C001801;62;Leticia;28;18;2695.87;1164616.73;Activo;0.42;0.58;33;3;35
C001802;19;In√≠rida;89;6;1037.79;149442.18;En Riesgo;0.84;0.16;35;6;24
C001803;39;Yopal;10;22;3357.08;1772540.17;Activo;0.67;0.33;21;10;93
C001804;70;Riohacha;32;4;150.73;144701.01;En Riesgo;0.87;0.13;48;6;57
C001805;49;In√≠rida;3;18;299.27;1292846.79;Activo;0.48;0.52;50;7;66
C001806;72;Quibd√≥;85;5;1557.34;186881.16;En Riesgo;0.82;0.18;12;11;40
C001807;32;Sincelejo;75;6;976.12;140560.89;En Riesgo;0.79;0.21;44;7;45
C001808;58;Villavicencio;3;13;3265.73;1018907.15;Activo;0.48;0.52;58;7;7
C001809;39;Arauca;336;2;689.01;33072.59;Dormido;0.54;0.46;13;5;61
C001810;36;Barranquilla;79;6;1055.36;151971.53;En Riesgo;0.89;0.11;10;7;24
C001811;49;Valledupar;80;6;102.71;147902.57;En Riesgo;0.61;0.39;37;10;36
C001812;21;Armenia;356;1;434.99;10439.66;Dormido;0.73;0.27;11;8;90
C001813;37;In√≠rida;1;21;2058.27;1037367.65;Activo;0.55;0.45;36;3;40
C001814;65;Arauca;16;11;1964.29;518572.97;Activo;0.75;0.25;57;3;76
C001815;65;Pereira;190;2;641.98;30815.12;Dormido;0.52;0.48;37;10;12
C001816;50;Yopal;11;16;2393.78;919213.29;Activo;0.66;0.34;17;7;24
C001817;70;Villavicencio;84;5;1070.09;128410.8;En Riesgo;0.67;0.33;57;5;23
C001818;38;Florencia;14;13;2871.66;895957.21;Activo;0.7;0.3;10;5;52
C001819;46;Pasto;21;10;2090.15;501634.94;Activo;0.58;0.42;28;3;79
C001820;55;Arauca;9;10;176.66;423982.86;Activo;0.79;0.21;26;5;23
C001821;28;Mocoa;5;8;2846.25;546479.97;Activo;0.8;0.2;15;10;1
C001822;50;C√∫cuta;69;5;1230.84;147700.92;En Riesgo;0.86;0.14;38;5;31
C001823;33;Sincelejo;34;3;1644.45;118400.06;En Riesgo;0.76;0.24;12;3;47
C001824;38;Medell√≠n;14;11;2516.57;664374.15;Activo;0.74;0.26;48;5;67
C001825;36;Tulu√°;112;2;678.47;32566.46;Dormido;0.9;0.1;30;8;26
C001826;48;Barranquilla;74;6;17.48;251711.82;En Riesgo;0.75;0.25;15;5;86
C001827;33;Barranquilla;14;17;2909.38;1187027.48;Activo;0.35;0.65;19;8;16
C001828;66;Puerto Carre√±o;26;17;2520.45;1028345.49;Activo;0.71;0.29;57;7;19
C001829;24;Puerto Carre√±o;209;2;379.82;18231.54;Dormido;0.79;0.21;15;9;49
C001830;18;Tulu√°;44;6;142.27;204869.09;En Riesgo;0.47;0.53;14;8;81
C001831;43;Ibagu√©;40;4;1166.12;111947.91;En Riesgo;0.62;0.38;30;4;58
C001832;64;Bogot√°;344;1;720.41;17289.79;Dormido;0.74;0.26;29;4;35
C001833;21;Cartagena;254;1;879.09;21098.04;Dormido;0.87;0.13;15;10;35
C001834;66;C√∫cuta;31;4;844.33;81056.01;En Riesgo;0.86;0.14;11;5;95
C001835;27;Puerto Vallejo;26;10;2506.09;601462.6;Activo;0.53;0.47;59;5;80
C001836;68;Santa Marta;222;1;262.34;6296.22;Dormido;0.64;0.36;6;10;7
C001837;62;Sincelejo;9;11;2108.12;556543.66;Activo;0.76;0.24;42;4;63
C001838;43;Puerto Vallejo;80;5;1549.21;185905.24;En Riesgo;0.45;0.55;41;6;42
C001839;21;Santa Marta;61;4;990.33;95071.88;En Riesgo;0.7;0.3;49;11;8
C001840;31;Riohacha;21;19;2307.72;1052318.09;Activo;0.59;0.41;46;10;96
C001841;27;Armenia;285;2;537.35;25792.61;Dormido;0.92;0.08;17;6;16
C001842;36;Riohacha;311;1;604.52;14508.49;Dormido;0.9;0.1;9;11;37
C001843;27;Riohacha;26;9;1563.84;337788.43;Activo;0.57;0.43;30;5;66
C001844;34;Santa Marta;86;4;1640.95;157530.98;En Riesgo;0.6;0.4;11;4;25
C001845;33;Armenia;17;10;2420.57;580935.92;Activo;0.3;0.7;35;7;11
C001846;46;Pereira;9;12;1967.42;566617.21;Activo;0.49;0.51;10;11;10
C001847;52;Manizales;17;19;2154.36;982385.94;Activo;0.55;0.45;58;9;99
C001848;26;Pasto;103;1;583.75;14009.99;Dormido;0.79;0.21;12;3;60
C001849;49;Leticia;129;1;285.14;6843.42;Dormido;0.84;0.16;47;11;86
C001850;40;Riohacha;73;3;1366.98;98422.3;En Riesgo;0.73;0.27;48;5;58
C001851;32;Puerto Vallejo;22;17;359.96;1468634.79;Activo;0.53;0.47;41;10;60
C001852;70;C√∫cuta;168;2;627.38;30114.34;Dormido;0.8;0.2;14;9;68
C001853;30;Valledupar;8;18;2539.92;1097243.32;Activo;0.36;0.64;15;7;48
C001854;61;Leticia;9;9;1910.74;412719.21;Activo;0.42;0.58;41;7;91
C001855;33;Medell√≠n;158;2;739.92;35515.95;Dormido;0.75;0.25;43;3;43
C001856;35;Popay√°n;37;7;1286.94;216206.32;En Riesgo;0.54;0.46;44;7;33
C001857;68;Puerto Carre√±o;87;5;139.64;167568.06;En Riesgo;0.52;0.48;45;8;7
C001858;43;Villavicencio;18;22;2024.17;1068763.65;Activo;0.67;0.33;20;6;2
C001859;35;Armenia;88;3;1094.93;78834.74;En Riesgo;0.46;0.54;13;11;78
C001860;64;Villavicencio;63;5;1589.77;190772.08;En Riesgo;0.41;0.59;31;3;2
C001861;63;Armenia;1;18;299.71;1294746.77;Activo;0.49;0.51;28;7;43
C001862;21;Pasto;23;17;3194.44;1303331.54;Activo;0.53;0.47;37;10;3
C001863;33;C√∫cuta;13;15;2025.04;729013.56;Activo;0.5;0.5;21;10;75
C001864;40;C√∫cuta;52;5;874.45;104934.01;En Riesgo;0.41;0.59;54;4;65
C001865;48;Puerto Vallejo;5;11;177.71;469154.41;Activo;0.45;0.55;16;6;20
C001866;35;Quibd√≥;25;11;2165.39;571661.85;Activo;0.46;0.54;40;9;29
C001867;47;Tulu√°;9;15;2516.38;905898.14;Activo;0.75;0.25;26;6;11
C001868;37;Tulu√°;26;14;2484.47;834780.53;Activo;0.47;0.53;25;7;16
C001869;27;Bogot√°;24;15;2453.45;883241.59;Activo;0.34;0.66;29;6;79
C001870;43;Villavicencio;12;11;2441.82;644640.14;Activo;0.44;0.56;12;7;42
C001871;18;Leticia;37;7;1238.61;208087.07;En Riesgo;0.89;0.11;58;4;89
C001872;41;Mocoa;24;9;2855.71;616834.38;Activo;0.41;0.59;51;5;9
C001873;70;Leticia;20;18;3019.03;1304219.32;Activo;0.77;0.23;25;5;92
C001874;74;Medell√≠n;208;2;591.11;28373.34;Dormido;0.63;0.37;53;10;15
C001875;58;Sincelejo;62;7;138.35;232427.2;En Riesgo;0.68;0.32;25;5;86
C001876;61;Quibd√≥;10;19;3091.32;1409642.76;Activo;0.58;0.42;45;9;59
C001877;74;Cali;77;7;1108.33;186199.58;En Riesgo;0.72;0.28;6;9;7
C001878;45;Monter√≠a;217;2;759.98;36479.07;Dormido;0.63;0.37;47;7;2
C001879;45;Valledupar;304;1;844.93;20278.25;Dormido;0.71;0.29;53;7;41
C001880;28;Popay√°n;12;21;2761.88;1391987.44;Activo;0.31;0.69;52;8;79
C001881;56;Arauca;80;3;795.05;57243.89;En Riesgo;0.58;0.42;34;8;56
C001882;56;In√≠rida;23;10;2399.87;575969.3;Activo;0.41;0.59;59;5;85
C001883;37;San Andr√©s;330;2;82.18;39446.29;Dormido;0.62;0.38;52;3;49
C001884;21;Leticia;9;17;2386.12;973538.41;Activo;0.4;0.6;15;6;54
C001885;64;Puerto Carre√±o;78;7;138.58;232813.59;En Riesgo;0.88;0.12;25;4;76
C001886;52;Pereira;84;5;1213.27;145592.7;En Riesgo;0.86;0.14;42;9;11
C001887;25;Cartagena;41;5;1533.85;184062.12;En Riesgo;0.83;0.17;10;9;63
C001888;18;Arauca;102;1;374.23;8981.56;Dormido;0.75;0.25;48;9;12
C001889;43;Riohacha;82;4;1441.94;138426.54;En Riesgo;0.49;0.51;56;6;62
C001890;59;Puerto Vallejo;345;1;179.39;4305.36;Dormido;0.82;0.18;19;8;11
C001891;23;Tulu√°;143;1;72.94;17505.63;Dormido;0.89;0.11;46;10;22
C001892;33;Arauca;68;3;1012.04;72866.71;En Riesgo;0.53;0.47;43;10;98
C001893;56;Puerto Carre√±o;193;1;527.78;12666.83;Dormido;0.62;0.38;42;5;20
C001894;45;Yopal;69;3;1234.55;88887.34;En Riesgo;0.47;0.53;26;9;89
C001895;54;Pasto;358;2;775.57;37227.36;Dormido;0.84;0.16;7;8;36
C001896;66;Manizales;24;12;3090.74;890131.93;Activo;0.35;0.65;40;5;75
C001897;28;Tulu√°;353;2;820.69;39392.99;Dormido;0.74;0.26;51;4;83
C001898;47;C√∫cuta;41;7;1328.36;223165.23;En Riesgo;0.49;0.51;10;8;67
C001899;69;Mocoa;78;3;1258.11;90583.85;En Riesgo;0.62;0.38;27;3;57
C001900;33;Cali;35;7;1101.22;185004.97;En Riesgo;0.62;0.38;41;9;46
C001901;40;Cartagena;56;7;1008.63;169449.07;En Riesgo;0.87;0.13;30;11;98
C001902;24;Puerto Vallejo;6;20;283.56;1361086.08;Activo;0.48;0.52;23;7;84
C001903;20;Quibd√≥;12;18;1555.94;672167.16;Activo;0.45;0.55;55;8;87
C001904;31;Puerto Vallejo;272;2;760.56;36507.04;Dormido;0.62;0.38;9;6;58
C001905;59;Manizales;26;23;2543.98;1404277.39;Activo;0.67;0.33;8;7;99
C001906;57;Florencia;7;13;2341.96;730691.56;Activo;0.45;0.55;18;3;94
C001907;64;Leticia;28;10;2321.27;557104.71;Activo;0.54;0.46;11;6;22
C001908;69;Valledupar;86;7;1139.46;191429.22;En Riesgo;0.42;0.58;49;5;48
C001909;20;Santa Marta;183;2;582.22;27946.76;Dormido;0.55;0.45;50;5;30
C001910;27;Mocoa;193;1;1005.86;24140.62;Dormido;0.79;0.21;32;10;42
C001911;58;Sincelejo;316;1;828.73;19889.42;Dormido;0.89;0.11;19;10;29
C001912;70;Barranquilla;82;4;1083.99;104063.1;En Riesgo;0.78;0.22;18;7;30
C001913;29;Armenia;203;2;642.98;30863.22;Dormido;0.76;0.24;26;3;51
C001914;34;Cali;351;2;1005.24;48251.48;Dormido;0.84;0.16;26;5;5
C001915;69;Cali;349;2;514.24;24683.58;Dormido;0.55;0.45;26;7;95
C001916;62;In√≠rida;11;8;2329.99;447358.37;Activo;0.58;0.42;20;5;14
C001917;67;Villavicencio;231;2;421.38;20226.1;Dormido;0.6;0.4;12;9;98
C001918;42;Armenia;22;23;2560.62;1413463.54;Activo;0.73;0.27;7;6;95
C001919;36;Ibagu√©;23;12;2486.28;716049.14;Activo;0.65;0.35;20;4;46
C001920;44;Armenia;12;19;2762.18;1259553.11;Activo;0.47;0.53;29;11;60
C001921;18;Florencia;88;3;1719.78;123823.92;En Riesgo;0.89;0.11;56;6;46
C001922;51;Leticia;203;1;484.14;11619.32;Dormido;0.57;0.43;56;10;21
C001923;36;Sincelejo;72;7;1507.74;253299.79;En Riesgo;0.82;0.18;50;10;0
C001924;44;Bucaramanga;52;4;1658.55;159220.33;En Riesgo;0.52;0.48;43;11;71
C001925;58;Riohacha;18;14;3190.13;1071885.16;Activo;0.51;0.49;21;9;77
C001926;22;Sincelejo;18;11;2918.35;770444.29;Activo;0.61;0.39;26;9;35
C001927;21;Leticia;57;6;1080.57;155601.82;En Riesgo;0.74;0.26;34;10;50
C001928;63;Quibd√≥;225;2;483.86;23225.29;Dormido;0.53;0.47;39;11;73
C001929;33;Medell√≠n;47;3;86.63;62373.63;En Riesgo;0.79;0.21;8;10;19
C001930;68;Medell√≠n;24;10;1325.52;318124.07;Activo;0.6;0.4;10;4;79
C001931;56;Medell√≠n;29;10;1570.42;376900.44;Activo;0.4;0.6;24;4;89
C001932;74;Bogot√°;65;6;1551.47;223411.35;En Riesgo;0.88;0.12;14;8;50
C001933;54;Leticia;39;6;1151.83;165862.91;En Riesgo;0.84;0.16;40;5;71
C001934;47;Manizales;3;8;3225.08;619214.91;Activo;0.54;0.46;31;8;50
C001935;37;Bucaramanga;68;6;1099.57;158337.7;En Riesgo;0.53;0.47;49;10;1
C001936;47;Villavicencio;210;1;963.33;23120;Dormido;0.75;0.25;44;3;99
C001937;23;Leticia;84;4;1476.87;141779.67;En Riesgo;0.62;0.38;52;11;2
C001938;35;Pasto;68;4;1366.34;131168.92;En Riesgo;0.6;0.4;58;8;67
C001939;58;Medell√≠n;151;1;645.62;15494.99;Dormido;0.84;0.16;10;11;91
C001940;58;Villavicencio;27;23;2791.82;1541085.3;Activo;0.44;0.56;52;5;62
C001941;45;Pereira;57;6;710.65;102333.72;En Riesgo;0.71;0.29;23;3;84
C001942;18;Mocoa;341;1;1;2400;Dormido;0.52;0.48;41;8;10
C001943;45;Bogot√°;34;4;1641.05;157541.09;En Riesgo;0.77;0.23;18;3;37
C001944;54;Puerto Vallejo;26;16;3357.16;1289150.75;Activo;0.37;0.63;39;5;29
C001945;53;Cartagena;18;14;1931.38;648943.43;Activo;0.8;0.2;6;8;73
C001946;42;Puerto Vallejo;89;3;1015.82;73138.82;En Riesgo;0.52;0.48;49;7;6
C001947;33;Monter√≠a;43;3;914.05;65811.86;En Riesgo;0.76;0.24;8;11;25
C001948;36;Medell√≠n;117;2;406.62;19517.6;Dormido;0.58;0.42;11;8;35
C001949;31;Puerto Vallejo;160;1;357.47;8579.23;Dormido;0.9;0.1;44;9;84
C001950;72;Monter√≠a;41;4;1652.51;158641.05;En Riesgo;0.85;0.15;59;10;28
C001951;56;Villavicencio;68;7;2029.33;340928.23;En Riesgo;0.77;0.23;52;8;51
C001952;54;Florencia;77;3;1338.93;96402.88;En Riesgo;0.84;0.16;14;8;70
C001953;57;Medell√≠n;25;14;1553.52;521981.3;Activo;0.45;0.55;37;9;87
C001954;41;Pereira;33;7;1399.48;235112.22;En Riesgo;0.64;0.36;55;3;55
C001955;38;Yopal;340;2;334.16;16039.61;Dormido;0.79;0.21;34;4;11
C001956;46;Sincelejo;352;1;418.45;10042.75;Dormido;0.89;0.11;58;9;8
C001957;28;Medell√≠n;266;2;622.66;29887.89;Dormido;0.69;0.31;58;5;76
C001958;35;Cartagena;316;1;750.26;18006.15;Dormido;0.84;0.16;24;8;14
C001959;18;Tulu√°;78;6;1315.27;189399.05;En Riesgo;0.8;0.2;20;7;48
C001960;68;Florencia;249;2;820.19;39369.3;Dormido;0.9;0.1;58;3;39
C001961;19;Popay√°n;31;3;10.57;76103.85;En Riesgo;0.88;0.12;39;5;76
C001962;46;Bogot√°;33;6;1082.04;155813.79;En Riesgo;0.78;0.22;56;9;9
C001963;19;Pereira;62;6;1238.66;178367.08;En Riesgo;0.72;0.28;17;11;99
C001964;67;Yopal;74;4;1242.42;119272.58;En Riesgo;0.83;0.17;26;9;39
C001965;58;Leticia;28;16;1847.19;709319.17;Activo;0.62;0.38;13;6;95
C001966;34;Arauca;279;2;504.38;24210.36;Dormido;0.67;0.33;43;10;85
C001967;54;Monter√≠a;336;2;628.68;30176.51;Dormido;0.51;0.49;57;6;62
C001968;35;Puerto Vallejo;140;2;460.15;22087.07;Dormido;0.9;0.1;55;10;79
C001969;33;Pasto;64;7;1291.75;217014.52;En Riesgo;0.46;0.54;22;10;35
C001970;64;Riohacha;53;3;1383.09;99582.41;En Riesgo;0.67;0.33;31;6;66
C001971;27;C√∫cuta;179;2;721.46;34630.3;Dormido;0.75;0.25;45;10;79
C001972;35;Armenia;21;18;3030.88;1309341.2;Activo;0.38;0.62;13;11;43
C001973;39;Leticia;22;19;2894.73;1319996.87;Activo;0.62;0.38;12;6;5
C001974;29;Puerto Vallejo;32;5;1343.24;161188.7;En Riesgo;0.67;0.33;7;10;58
C001975;72;In√≠rida;22;18;2307.88;997003.02;Activo;0.79;0.21;20;7;1
C001976;48;Tulu√°;82;5;1356.24;162749.29;En Riesgo;0.67;0.33;11;11;9
C001977;37;Bogot√°;9;15;2317.04;834136.03;Activo;0.32;0.68;48;7;94
C001978;60;Manizales;209;2;865.21;41530.04;Dormido;0.66;0.34;46;6;77
C001979;53;Bogot√°;77;7;1805.62;303344.27;En Riesgo;0.58;0.42;35;6;24
C001980;21;Bogot√°;15;22;3430.66;1811390.56;Activo;0.62;0.38;8;4;60
C001981;24;Yopal;261;2;818.99;39311.7;Dormido;0.77;0.23;53;11;80
C001982;34;Tulu√°;4;23;2563.76;1415193.61;Activo;0.38;0.62;59;3;44
C001983;68;Puerto Vallejo;33;6;689.98;99357.19;En Riesgo;0.75;0.25;34;9;40
C001984;69;Tulu√°;43;7;1255.27;210885.6;En Riesgo;0.69;0.31;58;9;17
C001985;72;Puerto Carre√±o;239;2;603.81;28982.83;Dormido;0.59;0.41;43;4;90
C001986;29;Popay√°n;86;7;1555.72;261361.47;En Riesgo;0.8;0.2;44;5;1
C001987;43;Monter√≠a;38;6;1067.84;153768.88;En Riesgo;0.78;0.22;34;10;85
C001988;43;Puerto Vallejo;12;9;2155.12;465505.25;Activo;0.74;0.26;44;8;57
C001989;50;In√≠rida;33;4;905.48;86925.83;En Riesgo;0.51;0.49;11;6;87
C001990;71;Puerto Vallejo;60;4;1159.54;111315.74;En Riesgo;0.45;0.55;8;8;25
C001991;73;Pereira;69;4;125.81;120777.71;En Riesgo;0.64;0.36;21;11;74
C001992;60;In√≠rida;51;7;1595.29;268008.92;En Riesgo;0.62;0.38;6;3;66
C001993;64;Mocoa;305;2;233.32;11199.28;Dormido;0.85;0.15;46;5;20
C001994;59;Pereira;53;5;858.49;103018.46;En Riesgo;0.86;0.14;18;4;15
C001995;29;Tulu√°;70;4;1215.56;116694.06;En Riesgo;0.54;0.46;32;8;33
C001996;54;Leticia;27;18;2122.97;917123.44;Activo;0.33;0.67;54;7;68
C001997;48;Puerto Vallejo;37;5;138.08;165695.43;En Riesgo;0.64;0.36;32;6;4
C001998;43;Puerto Vallejo;307;2;589.67;28304.14;Dormido;0.5;0.5;46;9;74
C001999;20;Valledupar;23;12;2324.23;669377.02;Activo;0.6;0.4;37;4;6
C002000;54;Ibagu√©;13;13;1950.31;608495.28;Activo;0.78;0.22;9;6;59
C002001;53;In√≠rida;6;18;2246.75;970596.98;Activo;0.44;0.56;54;11;74
C002002;63;Popay√°n;13;13;2896.48;903700.31;Activo;0.3;0.7;52;8;83
C002003;38;Villavicencio;60;7;1592.22;267492.4;En Riesgo;0.64;0.36;7;7;16
C002004;25;Pasto;18;13;2262.61;705934.99;Activo;0.3;0.7;19;9;98
C002005;59;Bucaramanga;28;21;1887.95;951524.46;Activo;0.61;0.39;45;6;90
C002006;24;Monter√≠a;72;3;1466.41;105581.75;En Riesgo;0.64;0.36;57;7;54
C002007;34;Pereira;7;15;1902.92;685052.85;Activo;0.34;0.66;41;11;62
C002008;28;Bucaramanga;182;1;438.96;10535.03;Dormido;0.85;0.15;48;10;54
C002009;46;Manizales;19;10;2734.38;656252.17;Activo;0.63;0.37;15;11;30
C002010;57;San Andr√©s;54;7;1702.67;286049.09;En Riesgo;0.58;0.42;47;5;88
C002011;61;Pasto;65;3;628.32;45239.1;En Riesgo;0.66;0.34;43;10;94
C002012;22;Yopal;28;12;2314.04;666444.84;Activo;0.64;0.36;12;5;94
C002013;41;In√≠rida;8;23;2809.19;1550672.03;Activo;0.41;0.59;11;8;68
C002014;25;Ibagu√©;12;22;2940.83;1552759.2;Activo;0.44;0.56;40;7;30
C002015;66;Cali;67;7;835.18;140310.25;En Riesgo;0.75;0.25;55;4;76
C002016;68;Puerto Vallejo;24;10;2115.42;507700.2;Activo;0.77;0.23;35;5;24
C002017;64;Santa Marta;23;17;2363.01;964106.81;Activo;0.46;0.54;26;5;8
C002018;41;Florencia;68;5;1038.12;124574.74;En Riesgo;0.63;0.37;17;5;87
C002019;28;C√∫cuta;3;21;2333.09;1175879.11;Activo;0.66;0.34;42;4;46
C002020;71;Puerto Vallejo;86;3;765.46;55113.1;En Riesgo;0.67;0.33;21;8;75
C002021;72;Puerto Carre√±o;26;20;2415.49;1159436.23;Activo;0.33;0.67;43;8;76
C002022;25;Bucaramanga;41;4;1156.14;110989.54;En Riesgo;0.43;0.57;53;3;40
C002023;43;Puerto Vallejo;38;7;1167.87;196202.18;En Riesgo;0.72;0.28;36;3;78
C002024;57;Florencia;74;6;135.27;194788.59;En Riesgo;0.81;0.19;26;6;39
C002025;66;Arauca;274;1;417.28;10014.69;Dormido;0.54;0.46;30;11;2
C002026;24;Riohacha;60;3;934.61;67291.59;En Riesgo;0.72;0.28;12;3;59
C002027;41;Cali;3;9;2326.22;502463.8;Activo;0.35;0.65;14;10;65
C002028;56;Bogot√°;28;14;2228.19;748671.35;Activo;0.45;0.55;39;7;60
C002029;21;Florencia;17;19;2758.99;1258097.28;Activo;0.38;0.62;23;11;96
C002030;58;Arauca;24;9;2428.34;524520.71;Activo;0.63;0.37;28;4;1
C002031;32;Puerto Carre√±o;44;3;1020.59;73482.64;En Riesgo;0.85;0.15;26;10;6
C002032;49;Bogot√°;25;23;3394.46;1873742.7;Activo;0.54;0.46;11;5;89
C002033;42;Bogot√°;199;2;413.28;19837.68;Dormido;0.77;0.23;32;4;72
C002034;37;Yopal;1;10;2514.05;603372.47;Activo;0.73;0.27;36;6;95
C002035;34;Sincelejo;232;2;639.65;30703.13;Dormido;0.67;0.33;6;7;91
C002036;40;Puerto Carre√±o;89;3;1528.86;110077.57;En Riesgo;0.42;0.58;28;10;67
C002037;59;Cali;80;3;756.42;54462.44;En Riesgo;0.74;0.26;24;4;89
C002038;64;Arauca;73;5;921.53;110583.59;En Riesgo;0.75;0.25;22;3;14
C002039;49;Mocoa;32;3;1140.65;82126.66;En Riesgo;0.49;0.51;40;3;18
C002040;41;Cali;66;5;1230.54;147665.03;En Riesgo;0.66;0.34;24;11;10
C002041;40;Leticia;88;6;1458.31;209996.34;En Riesgo;0.86;0.14;6;3;46
C002042;26;Barranquilla;190;1;852.27;20454.57;Dormido;0.66;0.34;12;3;79
C002043;69;Manizales;55;4;1050.68;100865.23;En Riesgo;0.86;0.14;6;7;99
C002044;58;In√≠rida;1;15;2331.18;839224.07;Activo;0.65;0.35;30;8;0
C002045;40;Pasto;323;1;198.36;4760.64;Dormido;0.52;0.48;43;3;42
C002046;47;Armenia;8;19;2827.93;1289536.72;Activo;0.38;0.62;8;6;99
C002047;32;Sincelejo;52;4;687.74;66023.14;En Riesgo;0.87;0.13;18;4;88
C002048;69;Florencia;222;1;791.09;18986.2;Dormido;0.88;0.12;39;8;67
C002049;43;Bucaramanga;158;2;617.47;29638.48;Dormido;0.75;0.25;50;8;37
C002050;31;Valledupar;26;23;274.23;1513748.8;Activo;0.66;0.34;30;9;50
C002051;69;Valledupar;193;2;473.04;22705.9;Dormido;0.71;0.29;36;6;34
C002052;70;Valledupar;60;6;1140.15;164181.84;En Riesgo;0.88;0.12;48;6;86
C002053;30;In√≠rida;64;4;1543.34;148160.76;En Riesgo;0.55;0.45;42;6;17
C002054;36;Bucaramanga;87;3;134.46;96810.98;En Riesgo;0.52;0.48;52;5;25
C002055;64;Riohacha;274;1;332.83;7987.82;Dormido;0.66;0.34;23;7;18
C002056;43;Puerto Vallejo;282;2;689.53;33097.31;Dormido;0.64;0.36;27;6;92
C002057;38;Leticia;10;19;3163.24;1442436.16;Activo;0.65;0.35;36;10;49
C002058;32;C√∫cuta;104;2;325.05;15602.36;Dormido;0.79;0.21;58;4;96
C002059;30;Sincelejo;85;6;1156.24;166498.74;En Riesgo;0.89;0.11;34;8;1
C002060;52;Quibd√≥;126;2;673.07;32307.59;Dormido;0.59;0.41;22;8;53
C002061;33;Medell√≠n;21;17;1952.38;796571.57;Activo;0.56;0.44;34;7;17
C002062;55;Bogot√°;5;9;2251.47;486317.02;Activo;0.34;0.66;14;10;45
C002063;38;Leticia;82;4;1065.88;102324.15;En Riesgo;0.75;0.25;50;9;53
C002064;34;Yopal;16;11;2744.29;724493.63;Activo;0.55;0.45;25;9;26
C002065;71;Mocoa;28;10;2022.54;485408.94;Activo;0.42;0.58;32;5;90
C002066;73;Cali;85;7;1519.03;255197.49;En Riesgo;0.9;0.1;46;5;37
C002067;20;Pereira;242;2;956.28;45901.28;Dormido;0.88;0.12;54;5;70
C002068;23;Popay√°n;6;11;1561.09;412127.15;Activo;0.58;0.42;37;7;45
C002069;53;Villavicencio;3;20;2108.06;1011867.79;Activo;0.48;0.52;11;3;19
C002070;51;Mocoa;347;1;599.41;14385.74;Dormido;0.57;0.43;50;7;22
C002071;39;Yopal;114;1;736.95;17686.7;Dormido;0.52;0.48;18;7;0
C002072;48;Yopal;18;14;2698.02;906535.72;Activo;0.49;0.51;52;7;48
C002073;66;Santa Marta;11;15;2809.62;1011464.16;Activo;0.38;0.62;50;9;68
C002074;31;Monter√≠a;96;2;743.59;35692.27;Dormido;0.6;0.4;21;11;65
C002075;69;Cartagena;259;2;641.45;30789.78;Dormido;0.72;0.28;50;5;32
C002076;24;Tulu√°;15;15;3090.79;1112683.93;Activo;0.66;0.34;9;5;22
C002077;73;Villavicencio;1;16;2156.99;828284.52;Activo;0.72;0.28;41;4;84
C002078;31;Valledupar;11;23;2240.22;1236602.11;Activo;0.48;0.52;24;5;96
C002079;70;Puerto Carre√±o;238;1;796.93;19126.26;Dormido;0.61;0.39;33;3;12
C002080;29;San Andr√©s;5;13;3378.46;1054078.1;Activo;0.69;0.31;46;3;6
C002081;18;Bucaramanga;29;17;2038.66;831771.36;Activo;0.64;0.36;39;5;35
C002082;33;In√≠rida;25;19;309.72;1412323.75;Activo;0.74;0.26;11;3;22
C002083;58;Popay√°n;347;1;313.15;7515.57;Dormido;0.61;0.39;34;6;46
C002084;68;Valledupar;72;4;1021.62;98075.92;En Riesgo;0.56;0.44;19;10;68
C002085;20;Medell√≠n;24;20;2636.17;1265361.76;Activo;0.44;0.56;43;5;95
C002086;49;Villavicencio;81;6;84.46;121622.54;En Riesgo;0.5;0.5;59;11;94
C002087;61;Medell√≠n;15;19;2845.27;1297443.83;Activo;0.6;0.4;54;11;36
C002088;48;Valledupar;45;6;1108.54;159629.79;En Riesgo;0.72;0.28;46;10;91
C002089;71;Bucaramanga;24;19;2325.16;1060273.16;Activo;0.36;0.64;26;9;90
C002090;52;Manizales;8;10;1850.06;444013.81;Activo;0.79;0.21;20;4;21
C002091;23;Bogot√°;69;5;1643.58;197229.32;En Riesgo;0.55;0.45;58;4;32
C002092;64;Ibagu√©;26;11;2656.24;701248.63;Activo;0.54;0.46;47;5;54
C002093;70;Bucaramanga;72;3;822.02;59185.72;En Riesgo;0.83;0.17;58;11;85
C002094;40;Sincelejo;336;1;548.12;13154.93;Dormido;0.95;0.05;6;3;52
C002095;64;Bucaramanga;316;2;502.22;24106.39;Dormido;0.54;0.46;13;9;88
C002096;35;Santa Marta;147;1;618.59;14846.17;Dormido;0.62;0.38;34;10;21
C002097;51;Puerto Vallejo;14;15;2696.67;970802.37;Activo;0.57;0.43;23;4;62
C002098;69;Valledupar;4;21;3309.51;1667992.09;Activo;0.42;0.58;48;10;28
C002099;60;Bogot√°;15;18;1896.01;819074.41;Activo;0.61;0.39;7;10;32
C002100;69;Armenia;180;2;385.65;18511.35;Dormido;0.8;0.2;25;6;35
C002101;47;Popay√°n;13;20;2282.92;1095801.36;Activo;0.45;0.55;39;8;84
C002102;34;Puerto Vallejo;17;23;1748.72;965291.95;Activo;0.63;0.37;40;3;58
C002103;64;Arauca;244;2;373.97;17950.73;Dormido;0.8;0.2;16;9;25
C002104;37;Armenia;4;12;2788.54;803099.61;Activo;0.8;0.2;22;7;64
C002105;73;Puerto Vallejo;24;23;2429.58;1341128.78;Activo;0.46;0.54;41;10;7
C002106;44;Mocoa;320;2;705.32;33855.46;Dormido;0.89;0.11;27;11;61
C002107;39;Pasto;13;14;2830.83;951159.19;Activo;0.63;0.37;43;7;20
C002108;22;Sincelejo;85;7;1166.01;195890.41;En Riesgo;0.5;0.5;13;7;94
C002109;18;Tulu√°;155;2;188.21;9034.27;Dormido;0.77;0.23;41;8;54
C002110;19;Villavicencio;52;5;1322.09;158650.34;En Riesgo;0.89;0.11;56;6;85
C002111;74;Valledupar;3;11;3329.01;878859.85;Activo;0.56;0.44;24;3;7
C002112;73;Mocoa;23;18;2058.92;889452.53;Activo;0.54;0.46;30;10;1
C002113;47;Medell√≠n;71;6;647.45;93232.53;En Riesgo;0.53;0.47;21;3;51
C002114;51;Pasto;16;8;223.23;428601;Activo;0.79;0.21;50;4;24
C002115;71;Barranquilla;315;1;741.13;17787.15;Dormido;0.54;0.46;49;7;92
C002116;28;Florencia;74;6;1239.37;178469.05;En Riesgo;0.8;0.2;59;5;60
C002117;23;Yopal;27;23;2727.13;1505374.38;Activo;0.34;0.66;53;7;5
C002118;45;Armenia;32;3;1036.15;74603.03;En Riesgo;0.79;0.21;32;7;80
C002119;38;Riohacha;114;1;619.23;14861.47;Dormido;0.88;0.12;54;3;9
C002120;37;C√∫cuta;1;20;3033.05;1455865.12;Activo;0.55;0.45;13;7;53
C002121;36;Ibagu√©;78;5;1423.55;170826.38;En Riesgo;0.75;0.25;52;10;79
C002122;58;Leticia;226;1;72.14;17313.67;Dormido;0.83;0.17;22;5;8
C002123;41;C√∫cuta;48;3;1185.29;85340.73;En Riesgo;0.44;0.56;8;11;71
C002124;56;Popay√°n;13;15;245.46;883657.52;Activo;0.39;0.61;54;3;82
C002125;20;Santa Marta;47;4;1103.85;105969.89;En Riesgo;0.52;0.48;27;4;93
C002126;35;Santa Marta;17;12;1726.39;497199.74;Activo;0.68;0.32;34;10;21
C002127;68;Popay√°n;32;6;1330.51;191593.42;En Riesgo;0.9;0.1;18;6;43
C002128;50;Puerto Carre√±o;14;20;3622.17;1738642.41;Activo;0.51;0.49;59;4;16
C002129;56;Sincelejo;304;1;1270.91;30501.95;Dormido;0.62;0.38;35;9;77
C002130;29;Santa Marta;266;1;384.57;9229.77;Dormido;0.7;0.3;13;9;83
C002131;49;Sincelejo;323;2;482.14;23142.57;Dormido;0.81;0.19;47;8;8
C002132;35;Cartagena;16;15;2220.75;799470.63;Activo;0.66;0.34;57;8;97
C002133;57;Leticia;114;2;547.21;26266.03;Dormido;0.8;0.2;27;6;99
C002134;18;Pasto;152;2;769.46;36934.21;Dormido;0.53;0.47;8;11;53
C002135;31;Monter√≠a;39;6;1171.52;168698.45;En Riesgo;0.74;0.26;40;6;46
C002136;44;Armenia;26;21;2629.17;1325103.56;Activo;0.65;0.35;25;3;48
C002137;39;Santa Marta;37;6;1174.97;169195.9;En Riesgo;0.44;0.56;52;8;81
C002138;44;Sincelejo;26;23;2485.51;1372002.71;Activo;0.3;0.7;45;7;74
C002139;58;Puerto Carre√±o;318;1;917.62;22022.88;Dormido;0.6;0.4;59;3;56
C002140;45;Cartagena;345;1;483.28;11598.76;Dormido;0.81;0.19;35;8;84
C002141;51;In√≠rida;22;11;24.76;653663.47;Activo;0.36;0.64;15;7;48
C002142;22;Cali;2;13;2917.85;910368.52;Activo;0.77;0.23;16;6;50
C002143;40;Ibagu√©;357;1;278.14;6675.32;Dormido;0.84;0.16;38;6;86
C002144;40;Cartagena;24;13;2771.69;864766.83;Activo;0.37;0.63;33;11;38
C002145;60;Ibagu√©;326;2;531.49;25511.48;Dormido;0.91;0.09;51;4;65
C002146;37;Pereira;239;2;297.28;14269.62;Dormido;0.5;0.5;41;3;84
C002147;73;Manizales;208;1;434.83;10435.86;Dormido;0.65;0.35;47;6;48
C002148;30;Cali;17;10;166.96;400703.13;Activo;0.69;0.31;7;8;38
C002149;31;Popay√°n;348;1;73.94;17745.56;Dormido;0.62;0.38;54;5;99
C002150;28;Cartagena;83;6;934.33;134543.05;En Riesgo;0.77;0.23;48;7;1
C002151;46;Medell√≠n;72;7;1286.85;216191.07;En Riesgo;0.85;0.15;6;6;0
C002152;22;Puerto Vallejo;265;2;686.91;32971.59;Dormido;0.75;0.25;54;9;99
C002153;64;Bucaramanga;27;20;3604.03;1729934.18;Activo;0.79;0.21;56;3;59
C002154;62;Santa Marta;64;5;1590.69;190883.04;En Riesgo;0.85;0.15;39;10;90
C002155;35;Monter√≠a;2;20;270.07;1296338.07;Activo;0.59;0.41;11;10;35
C002156;19;Pereira;336;2;65.64;31506.99;Dormido;0.95;0.05;7;7;83
C002157;26;Cartagena;88;3;1632.67;117552.05;En Riesgo;0.84;0.16;23;10;51
C002158;46;Armenia;304;2;617.63;29646.16;Dormido;0.75;0.25;55;3;70
C002159;44;Quibd√≥;10;15;2343.79;843765.56;Activo;0.35;0.65;15;3;70
C002160;48;Cartagena;291;2;476.14;22854.95;Dormido;0.67;0.33;23;8;49
C002161;59;Sincelejo;197;2;406.94;19533.2;Dormido;0.94;0.06;34;3;65
C002162;59;Monter√≠a;77;3;929.43;66919.26;En Riesgo;0.89;0.11;55;4;3
C002163;38;Leticia;29;20;3054.35;1466088.33;Activo;0.31;0.69;22;9;13
C002164;57;Valledupar;272;2;88.15;42311.97;Dormido;0.53;0.47;39;6;20
C002165;38;Yopal;19;18;2600.95;1123609.37;Activo;0.6;0.4;29;5;23
C002166;41;Yopal;13;19;2654.66;1210525.76;Activo;0.39;0.61;17;9;39
C002167;21;Riohacha;160;2;5.21;25008.07;Dormido;0.71;0.29;14;3;97
C002168;54;In√≠rida;113;2;476.82;22887.57;Dormido;0.64;0.36;45;7;85
C002169;60;Arauca;76;7;1003.17;168532.67;En Riesgo;0.42;0.58;9;7;23
C002170;19;Villavicencio;26;17;223.89;913471.17;Activo;0.63;0.37;25;4;67
C002171;60;Medell√≠n;175;2;559.12;26837.7;Dormido;0.79;0.21;33;9;97
C002172;58;In√≠rida;23;19;1918.79;874968.6;Activo;0.73;0.27;40;4;97
C002173;28;Puerto Carre√±o;17;16;1725.43;662564.98;Activo;0.54;0.46;56;7;38
C002174;59;Pasto;170;2;619.34;29728.09;Dormido;0.61;0.39;32;4;56
C002175;30;Cartagena;70;3;969.04;69770.63;En Riesgo;0.9;0.1;37;10;31
C002176;40;Popay√°n;67;6;782.25;112644.66;En Riesgo;0.54;0.46;55;6;26
C002177;49;Yopal;75;5;1327.76;159331.12;En Riesgo;0.72;0.28;25;10;16
C002178;59;C√∫cuta;306;2;888.11;42629.51;Dormido;0.66;0.34;39;4;35
C002179;66;Florencia;52;7;1245.43;209232.36;En Riesgo;0.66;0.34;13;11;5
C002180;66;Bogot√°;188;1;468.41;11241.93;Dormido;0.64;0.36;29;4;16
C002181;62;Armenia;179;1;250.72;6017.32;Dormido;0.55;0.45;16;8;10
C002182;32;Bucaramanga;87;4;866.31;83165.96;En Riesgo;0.74;0.26;40;11;86
C002183;58;Leticia;310;1;651.42;15633.96;Dormido;0.83;0.17;33;6;47
C002184;28;Puerto Carre√±o;53;7;1710.25;287322.39;En Riesgo;0.57;0.43;33;6;80
C002185;23;Riohacha;4;22;3043.71;1607076.39;Activo;0.73;0.27;13;7;39
C002186;44;C√∫cuta;26;23;232.61;1284005.77;Activo;0.77;0.23;40;6;90
C002187;72;Pasto;27;22;210.79;1112973.34;Activo;0.62;0.38;19;4;86
C002188;72;Cali;62;6;1576.25;226979.69;En Riesgo;0.68;0.32;31;11;11
C002189;72;Manizales;3;14;2748.55;923511.56;Activo;0.54;0.46;55;11;0
C002190;23;Pereira;160;2;661.14;31734.82;Dormido;0.77;0.23;51;10;84
C002191;32;Tulu√°;5;14;2515.19;845102.74;Activo;0.58;0.42;23;9;48
C002192;72;Bogot√°;22;10;305.98;734351.03;Activo;0.74;0.26;41;7;22
C002193;31;Yopal;79;7;1377.69;231451.36;En Riesgo;0.67;0.33;33;7;75
C002194;34;Bogot√°;81;5;1481.98;177837.52;En Riesgo;0.45;0.55;56;8;1
C002195;59;Valledupar;7;21;28.89;1456055.05;Activo;0.45;0.55;53;4;86
C002196;41;Monter√≠a;319;2;749.04;35953.9;Dormido;0.82;0.18;53;9;47
C002197;60;Yopal;36;3;1448.56;104296.39;En Riesgo;0.82;0.18;13;10;24
C002198;24;Valledupar;105;2;786.36;37745.06;Dormido;0.94;0.06;43;10;94
C002199;34;Puerto Vallejo;86;5;1244.36;149323.63;En Riesgo;0.64;0.36;37;5;87
C002200;41;Villavicencio;7;20;2575.54;1236260.47;Activo;0.33;0.67;29;10;43
C002201;71;Manizales;22;9;2427.26;524289.07;Activo;0.79;0.21;27;8;90
C002202;18;Monter√≠a;17;8;2964.95;569270.06;Activo;0.3;0.7;51;8;1
C002203;46;Florencia;29;14;1838.82;617842.64;Activo;0.67;0.33;15;6;75
C002204;24;Puerto Carre√±o;44;6;1048.62;151001.27;En Riesgo;0.71;0.29;57;11;87
C002205;35;Medell√≠n;13;13;2327.09;726053.43;Activo;0.32;0.68;45;6;95
C002206;24;Florencia;260;1;849.67;20391.99;Dormido;0.83;0.17;26;5;87
C002207;53;Popay√°n;53;6;1472.83;212087.09;En Riesgo;0.8;0.2;51;9;73
C002208;29;Bucaramanga;28;15;2441.35;878886.65;Activo;0.56;0.44;58;9;50
C002209;54;Manizales;7;14;2032.01;682756.91;Activo;0.74;0.26;44;6;62
C002210;63;Riohacha;211;1;1;2400;Dormido;0.76;0.24;45;6;97
C002211;30;Tulu√°;142;2;723.94;34749.18;Dormido;0.65;0.35;15;6;94
C002212;51;Cartagena;327;2;692.83;33256.03;Dormido;0.68;0.32;13;6;58
C002213;33;Pereira;2;16;2694.01;1034499.69;Activo;0.71;0.29;58;11;75
C002214;70;Bogot√°;4;8;2407.89;462314.19;Activo;0.44;0.56;47;5;58
C002215;23;Ibagu√©;12;18;1869.44;807596;Activo;0.68;0.32;48;9;12
C002216;18;Pereira;252;1;350.34;8408.21;Dormido;0.62;0.38;54;4;6
C002217;67;Puerto Vallejo;22;23;2255.55;1245063.07;Activo;0.37;0.63;35;7;70
C002218;70;Bucaramanga;13;13;2172.36;677776.74;Activo;0.71;0.29;42;9;80
C002219;72;Florencia;96;1;762.13;18291.18;Dormido;0.95;0.05;24;8;97
C002220;62;Bucaramanga;13;11;2493.18;658200.76;Activo;0.47;0.53;23;8;13
C002221;54;Bogot√°;358;2;801.67;38480.03;Dormido;0.88;0.12;54;11;16
C002222;46;In√≠rida;359;2;5.16;24767.93;Dormido;0.82;0.18;54;11;35
C002223;54;Arauca;22;16;1920.06;737303.99;Activo;0.62;0.38;16;10;7
C002224;31;Leticia;134;1;683.82;16411.76;Dormido;0.72;0.28;18;9;27
C002225;47;Pasto;293;2;456.02;21888.9;Dormido;0.9;0.1;56;6;81
C002226;73;Ibagu√©;7;19;1612.58;735335.4;Activo;0.33;0.67;22;7;36
C002227;70;Mocoa;2;8;1649.58;316719.94;Activo;0.62;0.38;32;4;32
C002228;37;Cali;150;2;551.86;26489.48;Dormido;0.86;0.14;37;3;23
C002229;60;Popay√°n;24;19;3092.35;1410111;Activo;0.79;0.21;49;3;74
C002230;36;Mocoa;62;5;12.37;148439.99;En Riesgo;0.74;0.26;52;10;22
C002231;18;Puerto Vallejo;312;2;368.45;17685.39;Dormido;0.61;0.39;20;6;9
C002232;58;San Andr√©s;343;2;513.27;24636.79;Dormido;0.6;0.4;27;6;70
C002233;31;Monter√≠a;49;6;1217.75;175356.33;En Riesgo;0.87;0.13;46;5;62
C002234;21;Villavicencio;21;17;1509.68;615951.21;Activo;0.66;0.34;23;8;41
C002235;33;Monter√≠a;1;10;2712.29;650950.48;Activo;0.68;0.32;39;8;81
C002236;46;Villavicencio;60;7;1525.75;256326.56;En Riesgo;0.87;0.13;13;8;55
C002237;41;Cali;341;1;731.14;17547.44;Dormido;0.6;0.4;59;9;7
C002238;41;Villavicencio;51;5;122.81;147372.16;En Riesgo;0.8;0.2;13;5;33
C002239;43;Santa Marta;25;13;2469.42;770458.06;Activo;0.64;0.36;52;7;71
C002240;20;Santa Marta;294;2;540.05;25922.6;Dormido;0.74;0.26;49;4;45
C002241;61;In√≠rida;322;1;549.47;13187.36;Dormido;0.59;0.41;24;8;38
C002242;71;Valledupar;47;7;1203.58;202201.16;En Riesgo;0.78;0.22;54;7;74
C002243;61;Mocoa;71;3;1286.68;92640.78;En Riesgo;0.46;0.54;33;6;36
C002244;27;C√∫cuta;140;2;596.71;28642.22;Dormido;0.63;0.37;54;10;1
C002245;50;Monter√≠a;86;6;1402.57;201970.3;En Riesgo;0.59;0.41;13;3;47
C002246;61;Arauca;16;9;2172.21;469198.2;Activo;0.38;0.62;17;9;52
C002247;25;Puerto Carre√±o;86;6;863.96;124410.27;En Riesgo;0.79;0.21;54;4;54
C002248;32;Santa Marta;6;19;2167.55;988404.21;Activo;0.33;0.67;17;3;13
C002249;31;Medell√≠n;127;1;896.73;21521.46;Dormido;0.54;0.46;55;9;4
C002250;58;Santa Marta;17;19;2269.41;1034851.71;Activo;0.43;0.57;51;6;95
C002251;26;Valledupar;245;2;603.12;28949.77;Dormido;0.56;0.44;12;7;79
C002252;54;Barranquilla;40;4;698.96;67100.43;En Riesgo;0.88;0.12;56;5;30
C002253;27;Cartagena;75;7;1303.28;218950.59;En Riesgo;0.67;0.33;32;11;18
C002254;53;Cartagena;16;20;235.77;1131694.81;Activo;0.31;0.69;23;10;12
C002255;22;San Andr√©s;66;5;1398.83;167859.12;En Riesgo;0.67;0.33;36;8;63
C002256;20;Leticia;59;5;1109.36;133123.31;En Riesgo;0.54;0.46;28;11;8
C002257;42;Puerto Carre√±o;1;21;2474.49;1247142.42;Activo;0.37;0.63;7;6;0
C002258;60;Santa Marta;322;2;906.74;43523.73;Dormido;0.52;0.48;34;3;28
C002259;39;Puerto Carre√±o;31;6;1122.04;161573.54;En Riesgo;0.71;0.29;16;5;44
C002260;34;Bogot√°;33;4;1489.47;142989.12;En Riesgo;0.54;0.46;20;8;1
C002261;43;Barranquilla;7;13;2836.27;884917.75;Activo;0.36;0.64;21;10;53
C002262;39;Pasto;23;9;2172.76;469316.52;Activo;0.6;0.4;39;11;96
C002263;60;Puerto Vallejo;24;9;2376.73;513374.47;Activo;0.5;0.5;31;9;12
C002264;37;Bucaramanga;75;5;1280.17;153620.06;En Riesgo;0.8;0.2;9;3;30
C002265;69;San Andr√©s;274;2;666.62;31997.97;Dormido;0.91;0.09;54;6;42
C002266;31;Tulu√°;58;7;1276.02;214371.54;En Riesgo;0.51;0.49;44;11;62
C002267;44;Sincelejo;247;1;481.87;11564.98;Dormido;0.73;0.27;21;4;64
C002268;54;Pasto;12;13;3247.14;1013106.25;Activo;0.53;0.47;9;3;43
C002269;73;Mocoa;50;6;95.44;137433.6;En Riesgo;0.86;0.14;14;4;79
C002270;44;Riohacha;121;1;653.02;15672.55;Dormido;0.59;0.41;37;7;98
C002271;18;Cali;31;4;637.07;61159.17;En Riesgo;0.71;0.29;23;3;31
C002272;55;C√∫cuta;8;18;132.91;574171.75;Activo;0.57;0.43;11;4;73
C002273;55;Santa Marta;23;10;2302.98;552714.33;Activo;0.6;0.4;8;11;68
C002274;37;Quibd√≥;23;21;26.29;1325014.94;Activo;0.71;0.29;26;5;40
C002275;35;Armenia;242;2;630.72;30274.54;Dormido;0.68;0.32;14;7;27
C002276;28;Riohacha;49;6;1093.54;157469.72;En Riesgo;0.56;0.44;7;8;11
C002277;43;Barranquilla;70;7;1379.67;231785.37;En Riesgo;0.79;0.21;46;6;48
C002278;58;Puerto Vallejo;112;1;491.26;11790.27;Dormido;0.52;0.48;48;9;43
C002279;23;Pereira;156;2;305.51;14664.68;Dormido;0.94;0.06;27;5;88
C002280;29;Sincelejo;51;6;1054.52;151850.24;En Riesgo;0.76;0.24;7;8;61
C002281;19;Mocoa;65;5;1186.26;142350.69;En Riesgo;0.68;0.32;13;11;73
C002282;19;Florencia;10;15;2817.75;1014389.22;Activo;0.31;0.69;44;3;87
C002283;55;Puerto Carre√±o;9;19;2844.92;1297285.67;Activo;0.54;0.46;48;4;39
C002284;60;Leticia;89;6;84.91;122270.32;En Riesgo;0.87;0.13;23;11;53
C002285;30;Puerto Carre√±o;66;5;1885.54;226265.35;En Riesgo;0.47;0.53;12;4;65
C002286;25;Sincelejo;69;6;1488.16;214294.96;En Riesgo;0.42;0.58;59;11;9
C002287;50;Santa Marta;12;12;1874.77;539934.7;Activo;0.43;0.57;16;3;24
C002288;27;In√≠rida;26;11;2006.09;529607.95;Activo;0.39;0.61;30;6;56
C002289;41;Pereira;176;1;169.45;4066.88;Dormido;0.66;0.34;7;6;90
C002290;50;Manizales;336;2;583.82;28023.4;Dormido;0.7;0.3;15;7;5
C002291;62;Sincelejo;4;21;2184.29;1100881.18;Activo;0.41;0.59;47;7;87
C002292;69;Florencia;28;23;2330.45;1286408.43;Activo;0.55;0.45;36;5;98
C002293;73;Quibd√≥;46;6;1390.52;200234.45;En Riesgo;0.87;0.13;11;3;18
C002294;37;Puerto Vallejo;245;2;32.96;15820.8;Dormido;0.71;0.29;25;11;0
C002295;68;Medell√≠n;319;1;748.21;17957.03;Dormido;0.84;0.16;51;9;52
C002296;26;Quibd√≥;13;20;2509.18;1204405.41;Activo;0.38;0.62;6;10;73
C002297;54;Sincelejo;78;6;1131.47;162931.66;En Riesgo;0.86;0.14;30;10;61
C002298;27;Puerto Vallejo;274;2;317.96;15261.91;Dormido;0.74;0.26;55;6;62
C002299;64;Sincelejo;24;15;2034.66;732478.11;Activo;0.63;0.37;46;3;33
C002300;18;Cali;8;8;2870.93;551218.94;Activo;0.72;0.28;27;3;93
C002301;63;Puerto Vallejo;31;6;1151.58;165826.86;En Riesgo;0.82;0.18;32;11;35
C002302;70;Villavicencio;39;4;1021.07;98023.14;En Riesgo;0.45;0.55;58;11;73
C002303;71;San Andr√©s;70;7;1285.08;215892.83;En Riesgo;0.76;0.24;49;5;0
C002304;31;Villavicencio;13;21;2336.51;1177602.18;Activo;0.71;0.29;50;7;34
C002305;34;Leticia;24;10;2848.43;683624.23;Activo;0.34;0.66;19;5;31
C002306;31;In√≠rida;16;10;243.74;584975.45;Activo;0.55;0.45;47;6;10
C002307;52;Pasto;8;15;237.94;856583.33;Activo;0.69;0.31;41;11;14
C002308;36;Santa Marta;268;2;47.63;22862.44;Dormido;0.58;0.42;18;11;16
C002309;51;Cali;227;1;531.76;12762.27;Dormido;0.78;0.22;58;3;49
C002310;63;Cartagena;280;2;680.55;32666.23;Dormido;0.66;0.34;31;8;50
C002311;42;Florencia;231;1;607.33;14575.8;Dormido;0.56;0.44;53;5;87
C002312;61;Yopal;135;1;800.58;19213.97;Dormido;0.51;0.49;45;3;10
C002313;73;Ibagu√©;275;2;301.48;14471.08;Dormido;0.65;0.35;18;7;82
C002314;56;Pasto;152;1;572.13;13731.02;Dormido;0.93;0.07;51;4;61
C002315;37;Arauca;51;5;1214.94;145792.54;En Riesgo;0.65;0.35;44;6;25
C002316;51;Cartagena;77;7;126.21;212033.27;En Riesgo;0.81;0.19;18;9;9
C002317;74;Pasto;14;16;222.26;853478.68;Activo;0.51;0.49;21;6;88
C002318;27;Sincelejo;4;10;3127.13;750510.4;Activo;0.42;0.58;53;6;31
C002319;31;Sincelejo;41;6;937.25;134964.31;En Riesgo;0.82;0.18;37;10;53
C002320;71;C√∫cuta;11;16;2536.32;973948.54;Activo;0.52;0.48;41;10;38
C002321;22;Medell√≠n;2;9;2546.77;550102.91;Activo;0.5;0.5;57;9;4
C002322;52;Bucaramanga;79;7;1123.66;188775.18;En Riesgo;0.79;0.21;31;3;23
C002323;63;Cartagena;89;3;1845.46;132873.29;En Riesgo;0.71;0.29;35;10;81
C002324;30;Valledupar;103;1;534.04;12817;Dormido;0.54;0.46;18;9;60
C002325;48;Tulu√°;308;2;583.51;28008.28;Dormido;0.67;0.33;47;4;14
C002326;74;Cali;3;9;3134.56;677065.81;Activo;0.61;0.39;7;6;1
C002327;57;Mocoa;88;3;119.99;86392.45;En Riesgo;0.65;0.35;59;4;43
C002328;22;San Andr√©s;213;2;63.04;30259.2;Dormido;0.92;0.08;8;8;10
C002329;45;Monter√≠a;27;13;2599.63;811085.25;Activo;0.44;0.56;29;3;4
C002330;56;Bucaramanga;47;3;1241.75;89406.28;En Riesgo;0.7;0.3;39;7;17
C002331;51;Armenia;333;2;759.62;36461.83;Dormido;0.93;0.07;28;11;64
C002332;33;In√≠rida;61;5;1072.33;128679.94;En Riesgo;0.7;0.3;58;7;57
C002333;19;San Andr√©s;35;6;865.03;124563.96;En Riesgo;0.66;0.34;30;6;67
C002334;32;Puerto Carre√±o;303;1;1011.92;24285.96;Dormido;0.94;0.06;51;5;10
C002335;60;In√≠rida;23;15;2469.94;889178.88;Activo;0.36;0.64;27;11;64
C002336;59;C√∫cuta;16;23;2492.38;1375793.78;Activo;0.41;0.59;19;6;30
C002337;20;Bogot√°;245;2;75.31;36148.84;Dormido;0.72;0.28;29;11;87
C002338;73;Cartagena;69;6;1527.93;220021.91;En Riesgo;0.72;0.28;34;6;28
C002339;44;Arauca;2;11;2475.73;653592.94;Activo;0.67;0.33;53;4;34
C002340;33;Yopal;18;17;2862.25;1167797.53;Activo;0.37;0.63;12;5;15
C002341;59;Cali;75;4;70.82;67987.13;En Riesgo;0.79;0.21;32;7;78
C002342;69;Quibd√≥;347;2;988.68;47456.7;Dormido;0.51;0.49;35;9;92
C002343;48;Cartagena;65;6;1283.17;184777.03;En Riesgo;0.69;0.31;32;6;23
C002344;31;Tulu√°;8;23;2647.69;1461523.43;Activo;0.55;0.45;35;10;12
C002345;45;Yopal;9;8;2130.26;409010.56;Activo;0.34;0.66;18;10;41
C002346;30;Ibagu√©;37;3;1187.39;85491.76;En Riesgo;0.56;0.44;13;7;62
C002347;62;Leticia;6;17;3011.37;1228639.72;Activo;0.56;0.44;38;11;55
C002348;32;Cartagena;79;6;957.37;137861.34;En Riesgo;0.69;0.31;22;9;5
C002349;18;Bogot√°;82;4;1450.62;139259.34;En Riesgo;0.68;0.32;24;11;36
C002350;68;Riohacha;12;12;2736.79;788194.59;Activo;0.41;0.59;43;9;73
C002351;53;Sincelejo;21;20;2796.14;1342145.25;Activo;0.34;0.66;9;11;90
C002352;73;Leticia;117;2;715.68;34352.53;Dormido;0.69;0.31;23;8;69
C002353;54;Arauca;5;9;2866.15;619088.41;Activo;0.63;0.37;17;6;67
C002354;25;Arauca;9;21;2522.49;1271336.94;Activo;0.43;0.57;6;10;74
C002355;61;Quibd√≥;59;3;905.29;65180.62;En Riesgo;0.75;0.25;51;8;40
C002356;51;Cali;331;2;85.19;40891.09;Dormido;0.83;0.17;42;7;12
C002357;29;Santa Marta;18;9;2416.83;522036.03;Activo;0.7;0.3;13;8;88
C002358;66;Arauca;187;2;739.34;35488.1;Dormido;0.7;0.3;10;10;83
C002359;63;Villavicencio;23;20;2847.39;1366745.8;Activo;0.57;0.43;8;11;52
C002360;30;Cali;7;14;3536.85;1188383.18;Activo;0.55;0.45;25;11;52
C002361;49;In√≠rida;20;20;2547.26;1222685.02;Activo;0.58;0.42;33;10;80
C002362;29;Puerto Vallejo;338;2;919.24;44123.76;Dormido;0.88;0.12;53;4;9
C002363;30;Yopal;150;1;828.32;19879.7;Dormido;0.73;0.27;8;6;81
C002364;30;Puerto Carre√±o;360;2;932.87;44777.98;Dormido;0.93;0.07;31;4;81
C002365;41;In√≠rida;89;3;313.71;22586.89;En Riesgo;0.51;0.49;10;5;98
C002366;66;Quibd√≥;42;4;401.49;38542.78;En Riesgo;0.65;0.35;33;4;34
C002367;74;Manizales;63;5;1175.49;141059.32;En Riesgo;0.83;0.17;16;8;2
C002368;72;Armenia;70;7;1645.32;276414.06;En Riesgo;0.88;0.12;41;5;85
C002369;63;Cartagena;58;3;1800.12;129608.61;En Riesgo;0.53;0.47;48;11;92
C002370;39;Puerto Carre√±o;25;17;2860.52;1167094.02;Activo;0.49;0.51;23;3;43
C002371;52;Cartagena;22;19;2458.37;1121017.83;Activo;0.63;0.37;11;11;10
C002372;72;Villavicencio;52;5;1001.44;120173.29;En Riesgo;0.44;0.56;14;6;79
C002373;36;Quibd√≥;47;4;486.79;46732.2;En Riesgo;0.58;0.42;55;3;86
C002374;46;Puerto Carre√±o;8;20;2098.47;1007264.47;Activo;0.73;0.27;40;11;67
C002375;73;Puerto Vallejo;6;8;1131.53;217253.34;Activo;0.77;0.23;36;3;85
C002376;46;C√∫cuta;136;1;456.21;10948.99;Dormido;0.74;0.26;6;9;26
C002377;24;Puerto Vallejo;85;6;1292.81;186163.97;En Riesgo;0.41;0.59;51;6;20
C002378;57;Quibd√≥;26;14;2697.71;906431.19;Activo;0.67;0.33;54;9;80
C002379;62;Barranquilla;179;1;585.42;14050.06;Dormido;0.95;0.05;55;5;66
C002380;42;Monter√≠a;39;7;1553.91;261056.63;En Riesgo;0.49;0.51;34;4;13
C002381;46;Monter√≠a;19;23;2870.32;1584414.37;Activo;0.66;0.34;35;11;77
C002382;53;Mocoa;22;19;2218.26;1011524.67;Activo;0.64;0.36;18;11;20
C002383;60;Manizales;86;3;1698.56;122296.25;En Riesgo;0.57;0.43;40;11;39
C002384;73;Villavicencio;84;7;1223.55;205556.47;En Riesgo;0.67;0.33;42;8;88
C002385;31;Arauca;323;2;24.13;11582.31;Dormido;0.54;0.46;29;6;31
C002386;32;Santa Marta;20;8;2649.01;508609.56;Activo;0.46;0.54;36;8;14
C002387;28;Pasto;40;7;1558.53;261833.06;En Riesgo;0.7;0.3;35;10;23
C002388;36;Medell√≠n;76;6;605.69;87219.75;En Riesgo;0.43;0.57;9;10;68
C002389;21;Medell√≠n;29;23;3161.23;1744998.59;Activo;0.44;0.56;33;11;43
C002390;38;Barranquilla;3;10;252.37;605688.43;Activo;0.67;0.33;43;10;59
C002391;26;Santa Marta;312;1;535.32;12847.7;Dormido;0.92;0.08;45;5;12
C002392;27;Riohacha;77;3;1281.18;92244.82;En Riesgo;0.64;0.36;50;3;10
C002393;54;Quibd√≥;68;7;1839.11;308970;En Riesgo;0.77;0.23;33;7;10
C002394;53;Santa Marta;5;8;1989.31;381946.8;Activo;0.33;0.67;57;9;5
C002395;74;Bucaramanga;335;2;583.19;27992.98;Dormido;0.92;0.08;40;7;11
C002396;60;Monter√≠a;210;1;299.48;7187.46;Dormido;0.59;0.41;29;8;54
C002397;32;Monter√≠a;77;4;1473.37;141443.9;En Riesgo;0.7;0.3;59;5;52
C002398;45;Pasto;70;3;1164.63;83853.63;En Riesgo;0.74;0.26;32;6;23
C002399;46;Tulu√°;29;16;2270.77;871977.22;Activo;0.43;0.57;44;10;91
C002400;19;Sincelejo;72;7;1224.21;205666.49;En Riesgo;0.62;0.38;21;8;68
C002401;72;Valledupar;19;20;2318.05;1112665.06;Activo;0.51;0.49;32;7;0
C002402;62;San Andr√©s;251;2;724.16;34759.85;Dormido;0.8;0.2;20;6;33
C002403;57;Popay√°n;248;2;57.03;27374.64;Dormido;0.55;0.45;43;5;87
C002404;53;Arauca;41;6;1439.31;207260.08;En Riesgo;0.45;0.55;54;10;24
C002405;19;In√≠rida;1;22;2764.17;1459480.43;Activo;0.78;0.22;8;10;49
C002406;71;Sincelejo;66;5;1534.67;184160.21;En Riesgo;0.52;0.48;13;9;3
C002407;27;Arauca;28;16;2143.09;822948.43;Activo;0.6;0.4;14;11;88
C002408;24;Armenia;362;1;741.35;17792.36;Dormido;0.71;0.29;13;3;61
C002409;23;Quibd√≥;302;2;182.93;8780.78;Dormido;0.66;0.34;7;9;31
C002410;57;Cali;19;12;3013.72;867951.5;Activo;0.33;0.67;36;8;20
C002411;69;Puerto Carre√±o;14;16;1724.14;662068.1;Activo;0.51;0.49;22;10;53
C002412;56;C√∫cuta;51;4;1439.17;138160.47;En Riesgo;0.44;0.56;26;5;12
C002413;57;Armenia;25;12;2944.57;848037.01;Activo;0.63;0.37;48;5;48
C002414;60;Pereira;25;11;2249.88;593968.57;Activo;0.71;0.29;54;9;39
C002415;28;Pereira;14;17;3312.74;1351599.45;Activo;0.48;0.52;22;6;57
C002416;34;Riohacha;20;17;2796.62;1141021.57;Activo;0.37;0.63;19;7;66
C002417;66;Yopal;20;10;2700.32;648076.99;Activo;0.41;0.59;49;3;12
C002418;56;In√≠rida;22;13;3586.74;1119063.32;Activo;0.39;0.61;6;6;30
C002419;23;Tulu√°;163;1;525.18;12604.4;Dormido;0.57;0.43;12;5;67
C002420;46;Valledupar;24;18;2546.41;1100050.94;Activo;0.55;0.45;28;11;61
C002421;48;C√∫cuta;16;12;1517.23;436960.94;Activo;0.73;0.27;33;9;41
C002422;50;Tulu√°;216;1;502.64;12063.26;Dormido;0.53;0.47;51;9;75
C002423;65;In√≠rida;175;2;422.09;20260.41;Dormido;0.9;0.1;41;8;6
C002424;46;Barranquilla;81;6;1498.93;215845.86;En Riesgo;0.7;0.3;25;7;45
C002425;70;Tulu√°;195;2;1;4800;Dormido;0.89;0.11;35;5;40
C002426;44;Barranquilla;55;6;1877.29;270329.21;En Riesgo;0.73;0.27;19;9;15
C002427;52;Armenia;37;7;1433.47;240822.67;En Riesgo;0.42;0.58;12;7;31
C002428;19;Puerto Vallejo;55;6;837.97;120668.32;En Riesgo;0.81;0.19;14;5;1
C002429;18;Riohacha;38;3;1245.57;89681.38;En Riesgo;0.78;0.22;12;11;88
C002430;22;Armenia;2;12;342.21;985564.9;Activo;0.31;0.69;15;3;25
C002431;21;Puerto Carre√±o;108;1;463.55;11125.26;Dormido;0.75;0.25;57;11;28
C002432;61;Quibd√≥;6;19;3109.78;1418060.98;Activo;0.79;0.21;19;11;99
C002433;56;Bogot√°;20;16;3114.74;1196060.13;Activo;0.33;0.67;12;5;24
C002434;55;Puerto Vallejo;25;13;1784.96;556908.28;Activo;0.5;0.5;55;9;45
C002435;66;Sincelejo;149;1;533.22;12797.25;Dormido;0.88;0.12;35;9;31
C002436;38;Tulu√°;29;15;2519.73;907103.82;Activo;0.45;0.55;32;11;32
C002437;20;Cali;341;2;270.26;12972.43;Dormido;0.72;0.28;55;6;99
C002438;52;Mocoa;15;20;3112.06;1493787.34;Activo;0.74;0.26;36;3;17
C002439;52;Santa Marta;50;5;868.81;104257.76;En Riesgo;0.5;0.5;56;6;55
C002440;42;Puerto Carre√±o;11;16;3187.43;1223972.3;Activo;0.31;0.69;34;9;8
C002441;61;Tulu√°;9;14;2859.23;960699.63;Activo;0.34;0.66;12;4;61
C002442;19;Valledupar;42;6;910.76;131149.2;En Riesgo;0.59;0.41;8;6;54
C002443;63;Sincelejo;7;11;3458.62;913076.72;Activo;0.34;0.66;41;5;8
C002444;65;Cartagena;50;4;1183.87;113651.66;En Riesgo;0.47;0.53;37;4;77
C002445;18;Tulu√°;105;1;470.49;11291.83;Dormido;0.7;0.3;47;8;3
C002446;73;Sincelejo;17;19;2794.52;1274298.92;Activo;0.78;0.22;34;8;92
C002447;68;Sincelejo;21;10;2681.39;643533.1;Activo;0.34;0.66;47;5;31
C002448;51;Popay√°n;266;2;869.67;41744.16;Dormido;0.59;0.41;16;3;18
C002449;69;Mocoa;67;7;949.54;159522.27;En Riesgo;0.73;0.27;24;10;62
C002450;35;Puerto Carre√±o;41;5;1965.45;235853.79;En Riesgo;0.69;0.31;29;8;46
C002451;60;Riohacha;12;17;2779.57;1134064.19;Activo;0.66;0.34;40;11;77
C002452;49;Pereira;125;1;78.91;18938.39;Dormido;0.66;0.34;15;8;69
C002453;22;Barranquilla;27;9;2599.53;561497.46;Activo;0.63;0.37;14;4;58
C002454;58;Armenia;119;2;185.19;8889.24;Dormido;0.86;0.14;42;4;34
C002455;62;Ibagu√©;67;6;1242.63;178939.42;En Riesgo;0.66;0.34;48;5;80
C002456;34;Pereira;217;2;25.82;12393.64;Dormido;0.51;0.49;38;6;54
C002457;19;C√∫cuta;13;15;2814.49;1013216.16;Activo;0.76;0.24;57;7;46
C002458;19;Bucaramanga;67;4;967.38;92868.68;En Riesgo;0.58;0.42;23;3;93
C002459;32;Puerto Vallejo;26;8;2455.05;471369.51;Activo;0.31;0.69;25;11;42
C002460;33;Santa Marta;2;18;2413.95;1042828.43;Activo;0.5;0.5;26;6;7
C002461;47;Pereira;14;14;202.33;679830.43;Activo;0.73;0.27;36;11;50
C002462;27;C√∫cuta;67;7;1494.79;251124.03;En Riesgo;0.58;0.42;58;3;44
C002463;60;Pereira;182;1;596.29;14310.95;Dormido;0.72;0.28;56;8;46
C002464;42;Cali;86;4;687.08;65960.05;En Riesgo;0.72;0.28;39;5;36
C002465;50;Leticia;16;17;2048.55;835806.97;Activo;0.52;0.48;51;9;72
C002466;29;Tulu√°;242;2;813.64;39054.55;Dormido;0.81;0.19;21;9;81
C002467;53;In√≠rida;12;22;254.89;1345820.9;Activo;0.55;0.45;47;8;5
C002468;64;Arauca;199;1;708.94;17014.63;Dormido;0.6;0.4;36;6;95
C002469;54;Leticia;10;13;2282.34;712090.28;Activo;0.34;0.66;42;3;45
C002470;25;Bogot√°;5;15;2735.06;984621.36;Activo;0.33;0.67;26;5;20
C002471;57;In√≠rida;66;5;1510.34;181240.6;En Riesgo;0.65;0.35;10;11;9
C002472;31;San Andr√©s;9;23;3107.74;1715473.61;Activo;0.36;0.64;31;7;15
C002473;64;Puerto Carre√±o;12;20;2447.35;1174727.4;Activo;0.74;0.26;52;10;32
C002474;60;Barranquilla;321;2;553.48;26567.06;Dormido;0.78;0.22;31;3;32
C002475;36;Quibd√≥;71;6;1008.06;145160.03;En Riesgo;0.45;0.55;28;10;42
C002476;19;Pasto;39;5;1440.56;172867.03;En Riesgo;0.85;0.15;46;3;86
C002477;41;Popay√°n;14;14;2972.66;998814.83;Activo;0.46;0.54;46;11;99
C002478;48;Yopal;260;1;1064.76;25554.19;Dormido;0.78;0.22;35;4;31
C002479;73;Popay√°n;48;5;1069.69;128362.62;En Riesgo;0.73;0.27;58;3;62
C002480;65;Santa Marta;8;13;2181.46;680615.34;Activo;0.6;0.4;23;3;21
C002481;70;Bogot√°;70;4;1106.47;106221.5;En Riesgo;0.43;0.57;53;7;26
C002482;55;Leticia;71;3;889.13;64017.03;En Riesgo;0.71;0.29;7;9;19
C002483;31;Cali;85;6;1087.21;156558.08;En Riesgo;0.83;0.17;28;9;99
C002484;67;Riohacha;20;16;1854.43;712102.85;Activo;0.67;0.33;14;5;84
C002485;42;Pereira;3;21;2328.62;1173623.71;Activo;0.54;0.46;55;9;62
C002486;52;Bucaramanga;155;1;215.45;5170.69;Dormido;0.95;0.05;43;3;50
C002487;23;Arauca;14;23;3127.85;1726572.27;Activo;0.55;0.45;9;7;5
C002488;53;Puerto Vallejo;68;5;154.12;184943.66;En Riesgo;0.87;0.13;54;4;46
C002489;49;Barranquilla;293;1;506.01;12144.19;Dormido;0.62;0.38;29;9;70
C002490;18;Armenia;360;1;754.46;18107.1;Dormido;0.58;0.42;28;6;70
C002491;29;Armenia;182;2;506.24;24299.47;Dormido;0.89;0.11;59;9;39
C002492;63;Florencia;20;8;2320.69;445573;Activo;0.59;0.41;23;7;32
C002493;52;Puerto Vallejo;34;4;985.46;94604.27;En Riesgo;0.46;0.54;31;4;70
C002494;25;Monter√≠a;179;1;530.48;12731.5;Dormido;0.8;0.2;37;10;18
C002495;68;San Andr√©s;157;2;376.61;18077.28;Dormido;0.57;0.43;14;6;96
C002496;64;Leticia;9;13;1746.59;544936.29;Activo;0.77;0.23;50;5;98
C002497;47;Leticia;161;1;548.85;13172.44;Dormido;0.62;0.38;50;5;80
C002498;24;Medell√≠n;100;1;1074.01;25776.33;Dormido;0.61;0.39;16;4;66
C002499;51;Riohacha;13;14;1943.47;653005.57;Activo;0.47;0.53;21;9;10
C002500;50;Sincelejo;3;14;2898.78;973989.16;Activo;0.69;0.31;50;8;50
C002501;37;Yopal;23;14;2646.49;889218.99;Activo;0.79;0.21;8;8;71
C002502;29;Puerto Vallejo;14;20;1412.01;677765.76;Activo;0.42;0.58;52;11;18
C002503;61;Santa Marta;307;2;833.67;40016.31;Dormido;0.53;0.47;46;9;2
C002504;41;Bucaramanga;18;10;1842.34;442160.87;Activo;0.64;0.36;38;11;41
C002505;72;Quibd√≥;26;12;1872.36;539239.24;Activo;0.49;0.51;44;6;6
C002506;73;Riohacha;248;2;961.56;46155.1;Dormido;0.72;0.28;6;6;2
C002507;28;Valledupar;6;22;2684.89;1417622;Activo;0.55;0.45;28;8;14
C002508;27;San Andr√©s;297;1;820.47;19691.37;Dormido;0.7;0.3;59;10;39
C002509;68;Cali;284;2;371.52;17832.79;Dormido;0.62;0.38;44;5;11
C002510;66;Quibd√≥;32;5;1279.39;153527.03;En Riesgo;0.54;0.46;9;5;25
C002511;26;Santa Marta;163;1;629.33;15103.86;Dormido;0.8;0.2;14;10;16
C002512;64;Florencia;83;4;265.22;25460.67;En Riesgo;0.72;0.28;33;9;97
C002513;32;Leticia;69;5;1097.63;131715.06;En Riesgo;0.55;0.45;41;5;0
C002514;40;Bucaramanga;31;7;1278.49;214786.45;En Riesgo;0.58;0.42;34;10;18
C002515;19;Cartagena;174;2;658.91;31627.47;Dormido;0.9;0.1;26;10;96
C002516;49;Ibagu√©;3;9;2822.81;609726.11;Activo;0.66;0.34;54;5;50
C002517;45;Sincelejo;51;5;663.12;79573.81;En Riesgo;0.61;0.39;8;6;87
C002518;43;Puerto Vallejo;31;6;1273.95;183448.66;En Riesgo;0.75;0.25;40;11;77
C002519;24;Arauca;2;18;1483.64;640933.7;Activo;0.33;0.67;24;5;57
C002520;72;Pereira;342;2;290.48;13943.09;Dormido;0.82;0.18;19;4;92
C002521;37;Quibd√≥;138;2;773.81;37143.12;Dormido;0.65;0.35;20;11;24
C002522;67;Puerto Vallejo;161;2;867.74;41651.66;Dormido;0.52;0.48;38;8;82
C002523;19;Cali;129;2;317.97;15262.62;Dormido;0.6;0.4;6;5;23
C002524;46;Cartagena;170;2;73.68;35366.6;Dormido;0.64;0.36;33;7;57
C002525;45;Barranquilla;62;5;952.65;114317.48;En Riesgo;0.44;0.56;26;10;68
C002526;39;Quibd√≥;272;1;442.45;10618.8;Dormido;0.87;0.13;7;11;53
C002527;63;Mocoa;5;13;2476.38;772631.37;Activo;0.78;0.22;39;7;58
C002528;71;Bucaramanga;59;7;1124.91;188985.67;En Riesgo;0.61;0.39;41;10;82
C002529;60;Cali;309;1;388.66;9327.94;Dormido;0.74;0.26;15;9;48
C002530;25;Santa Marta;16;14;2431.69;817046.73;Activo;0.8;0.2;50;11;96
C002531;56;Medell√≠n;327;2;810.88;38922.37;Dormido;0.72;0.28;39;11;37
C002532;24;Santa Marta;15;17;1347.36;549723.07;Activo;0.33;0.67;24;4;16
C002533;54;Cartagena;21;15;2594.61;934060.84;Activo;0.4;0.6;13;7;89
C002534;21;Villavicencio;311;2;738.43;35444.85;Dormido;0.54;0.46;45;7;77
C002535;32;Riohacha;23;10;2808.58;674058.55;Activo;0.42;0.58;27;9;45
C002536;22;Puerto Carre√±o;5;19;2908.87;1326445.67;Activo;0.49;0.51;31;5;68
C002537;67;Popay√°n;66;7;1143.34;192081.39;En Riesgo;0.56;0.44;28;6;16
C002538;67;C√∫cuta;340;1;79.44;19065.67;Dormido;0.56;0.44;12;3;36
C002539;42;Riohacha;53;5;663.91;79669.52;En Riesgo;0.67;0.33;30;5;70
C002540;24;Puerto Carre√±o;8;9;2812.83;607570.93;Activo;0.3;0.7;22;8;37
C002541;36;C√∫cuta;7;16;2997.25;1150943.69;Activo;0.46;0.54;17;5;67
C002542;73;Riohacha;288;1;91.24;21897.66;Dormido;0.54;0.46;59;3;23
C002543;18;Puerto Vallejo;53;4;1692.93;162521.22;En Riesgo;0.59;0.41;56;6;56
C002544;61;Bogot√°;319;2;781.33;37503.84;Dormido;0.54;0.46;46;10;47
C002545;45;Puerto Carre√±o;80;3;772.03;55585.9;En Riesgo;0.8;0.2;29;10;62
C002546;61;Puerto Vallejo;124;1;697.99;16751.77;Dormido;0.75;0.25;52;4;11
C002547;54;Cartagena;2;13;2445.31;762935.37;Activo;0.59;0.41;47;11;86
C002548;45;Leticia;24;10;2086.29;500709.98;Activo;0.79;0.21;25;3;73
C002549;42;Quibd√≥;87;3;1963.61;141380.27;En Riesgo;0.5;0.5;55;6;46
C002550;69;Popay√°n;62;5;1211.94;145433.07;En Riesgo;0.65;0.35;30;10;27
C002551;70;Riohacha;209;1;698.66;16767.72;Dormido;0.57;0.43;20;7;22
C002552;20;Quibd√≥;278;1;344.66;8271.93;Dormido;0.75;0.25;9;9;46
C002553;55;Armenia;234;2;466.08;22371.92;Dormido;0.65;0.35;48;5;38
C002554;35;Barranquilla;16;8;3109.56;597036.37;Activo;0.76;0.24;27;8;26
C002555;72;Valledupar;20;13;2043.82;637672.48;Activo;0.36;0.64;6;11;73
C002556;56;Arauca;17;18;2386.22;1030846.47;Activo;0.49;0.51;48;10;65
C002557;63;Sincelejo;9;21;2368.57;1193758.05;Activo;0.72;0.28;23;4;45
C002558;43;In√≠rida;53;7;1713.45;287859.22;En Riesgo;0.62;0.38;47;5;92
C002559;23;Cartagena;87;5;793.36;95203.36;En Riesgo;0.51;0.49;12;9;54
C002560;25;Valledupar;352;1;480.94;11542.53;Dormido;0.75;0.25;42;8;65
C002561;65;San Andr√©s;126;1;866.05;20785.11;Dormido;0.72;0.28;40;4;52
C002562;43;Florencia;18;17;1274.05;519811.81;Activo;0.49;0.51;46;3;63
C002563;38;Yopal;48;5;160.95;193139.84;En Riesgo;0.42;0.58;33;6;71
C002564;64;Bucaramanga;203;2;329.79;15830.07;Dormido;0.66;0.34;32;7;36
C002565;51;Monter√≠a;29;15;2381.57;857364.68;Activo;0.52;0.48;37;8;19
C002566;52;Bogot√°;3;10;3234.32;776237.64;Activo;0.67;0.33;24;11;0
C002567;60;Cartagena;270;1;361.69;8680.46;Dormido;0.68;0.32;20;10;65
C002568;25;Pereira;218;1;441.98;10607.44;Dormido;0.71;0.29;32;7;78
C002569;42;Cali;81;7;1205.66;202551.01;En Riesgo;0.55;0.45;31;5;9
C002570;25;Florencia;15;14;3136.11;1053733.46;Activo;0.51;0.49;35;4;96
C002571;20;Arauca;18;18;2484.37;1073246.88;Activo;0.31;0.69;6;9;66
C002572;56;Arauca;2;8;2831.72;543690.7;Activo;0.58;0.42;43;8;10
C002573;72;San Andr√©s;330;2;874.55;41978.42;Dormido;0.68;0.32;58;8;89
C002574;65;Popay√°n;16;18;2705.32;1168696.24;Activo;0.42;0.58;20;9;83
C002575;41;Riohacha;341;2;215.38;10338.01;Dormido;0.53;0.47;45;11;99
C002576;34;Sincelejo;85;7;753.75;126629.32;En Riesgo;0.62;0.38;22;9;84
C002577;58;Armenia;23;16;1768.54;679120.34;Activo;0.46;0.54;21;5;36
C002578;60;In√≠rida;15;20;23.18;1112639.7;Activo;0.76;0.24;18;9;33
C002579;46;Pereira;113;2;534.77;25669;Dormido;0.61;0.39;50;7;67
C002580;43;Cali;1;16;2132.04;818702.21;Activo;0.56;0.44;40;9;81
C002581;55;Leticia;37;7;1965.77;330248.67;En Riesgo;0.6;0.4;18;8;94
C002582;25;Yopal;60;6;2078.94;299366.65;En Riesgo;0.78;0.22;8;5;74
C002583;68;Medell√≠n;68;6;1257.93;181141.95;En Riesgo;0.6;0.4;8;6;73
C002584;21;Arauca;70;3;1431.45;103064.66;En Riesgo;0.44;0.56;35;8;76
C002585;20;Pereira;23;8;2271.33;436095.47;Activo;0.39;0.61;45;9;26
C002586;31;Riohacha;83;6;954.39;137432.03;En Riesgo;0.41;0.59;7;6;41
C002587;61;Puerto Vallejo;92;1;1073.39;25761.47;Dormido;0.95;0.05;21;5;41
C002588;25;Medell√≠n;3;15;1948.37;701413.43;Activo;0.37;0.63;46;3;2
C002589;70;Villavicencio;27;11;3232.35;853340.8;Activo;0.79;0.21;10;6;44
C002590;45;Santa Marta;66;3;1255.02;90361.31;En Riesgo;0.72;0.28;57;5;63
C002591;30;Santa Marta;87;4;721.73;69285.85;En Riesgo;0.88;0.12;11;3;46
C002592;70;Medell√≠n;343;2;810.18;38888.76;Dormido;0.72;0.28;25;10;76
C002593;20;Puerto Vallejo;340;2;670.82;32199.27;Dormido;0.77;0.23;41;6;12
C002594;34;Quibd√≥;165;2;549.49;26375.7;Dormido;0.66;0.34;20;6;53
C002595;28;Cartagena;332;1;485.11;11642.68;Dormido;0.65;0.35;34;11;77
C002596;28;Pasto;76;3;123.21;88710.89;En Riesgo;0.61;0.39;37;3;5
C002597;74;Popay√°n;36;3;1422.82;102443.11;En Riesgo;0.88;0.12;43;11;76
C002598;65;Florencia;5;18;2676.09;1156072.98;Activo;0.31;0.69;57;6;4
C002599;24;Barranquilla;13;21;1823.05;918817.84;Activo;0.46;0.54;36;10;85
C002600;68;Cali;10;17;2395.59;977401.22;Activo;0.52;0.48;56;9;49
C002601;32;Manizales;62;4;1493.52;143378.3;En Riesgo;0.46;0.54;59;5;52
C002602;58;Monter√≠a;25;22;2997.81;1582845.81;Activo;0.52;0.48;20;9;82
C002603;54;Armenia;12;23;1985.12;1095786.09;Activo;0.39;0.61;47;8;42
C002604;46;Popay√°n;5;16;2783.23;1068761.42;Activo;0.4;0.6;42;7;6
C002605;56;Puerto Vallejo;1;9;2023.21;437013.46;Activo;0.77;0.23;20;9;50
C002606;26;Cali;46;5;987.53;118503.57;En Riesgo;0.64;0.36;12;10;98
C002607;40;Sincelejo;29;21;2060.44;1038459.4;Activo;0.41;0.59;26;4;20
C002608;59;Puerto Carre√±o;210;1;509.95;12238.72;Dormido;0.63;0.37;36;4;31
C002609;69;Arauca;29;13;2692.72;840127.92;Activo;0.79;0.21;9;8;17
C002610;62;Puerto Carre√±o;20;20;2499.41;1199715.6;Activo;0.75;0.25;44;11;5
C002611;33;Valledupar;59;6;1100.58;158482.86;En Riesgo;0.45;0.55;46;11;39
C002612;48;C√∫cuta;7;17;2485.95;1014268.01;Activo;0.44;0.56;41;5;3
C002613;71;Villavicencio;6;16;3503.48;1345337.57;Activo;0.69;0.31;47;9;29
C002614;23;Leticia;77;7;122.52;205833.84;En Riesgo;0.63;0.37;49;9;31
C002615;44;Quibd√≥;43;4;1730.98;166173.86;En Riesgo;0.82;0.18;59;10;71
C002616;40;Arauca;128;2;728.88;34986.28;Dormido;0.76;0.24;19;11;65
C002617;51;Bogot√°;80;5;78.53;94236.52;En Riesgo;0.83;0.17;22;5;48
C002618;42;Riohacha;29;22;243.26;1284411.05;Activo;0.36;0.64;22;9;99
C002619;62;Mocoa;289;1;253.33;6079.86;Dormido;0.85;0.15;11;7;21
C002620;69;Arauca;7;8;246.29;472876.3;Activo;0.39;0.61;15;9;65
C002621;49;Mocoa;78;3;1598.24;115073.06;En Riesgo;0.63;0.37;27;3;69
C002622;56;Villavicencio;63;7;1216.31;204339.74;En Riesgo;0.41;0.59;29;7;2
C002623;66;San Andr√©s;276;2;756.77;36324.88;Dormido;0.58;0.42;36;7;5
C002624;27;Popay√°n;68;3;2112.98;152134.25;En Riesgo;0.87;0.13;44;5;78
C002625;60;Ibagu√©;354;2;507.03;24337.31;Dormido;0.83;0.17;40;6;54
C002626;49;Riohacha;192;1;752.75;18065.93;Dormido;0.72;0.28;30;7;90
C002627;29;In√≠rida;219;1;835.84;20060.08;Dormido;0.93;0.07;15;8;97
C002628;27;Cartagena;21;12;2467.87;710746.71;Activo;0.54;0.46;29;6;61
C002629;31;Pereira;265;1;1179.51;28308.19;Dormido;0.67;0.33;54;4;29
C002630;29;Florencia;27;11;2720.95;718331.52;Activo;0.43;0.57;20;11;81
C002631;26;Yopal;37;6;1185.16;170663.73;En Riesgo;0.67;0.33;51;4;18
C002632;69;Cali;335;1;485.26;11646.19;Dormido;0.64;0.36;50;11;51
C002633;53;Pasto;24;11;2393.58;631904.7;Activo;0.6;0.4;42;11;81
C002634;36;Cali;21;17;2316.43;945104.05;Activo;0.65;0.35;38;9;81
C002635;57;Villavicencio;20;11;26.06;687984.68;Activo;0.7;0.3;18;9;44
C002636;63;Cali;142;1;350.82;8419.78;Dormido;0.67;0.33;8;10;66
C002637;70;Puerto Carre√±o;4;13;1955.31;610055.35;Activo;0.75;0.25;26;5;20
C002638;37;C√∫cuta;35;3;931.09;67038.33;En Riesgo;0.86;0.14;45;6;36
C002639;38;San Andr√©s;10;19;2008.85;916037.37;Activo;0.76;0.24;38;5;5
C002640;22;Ibagu√©;28;13;3008.51;938655.36;Activo;0.42;0.58;15;4;48
C002641;68;Pasto;312;2;629.77;30228.72;Dormido;0.57;0.43;30;6;41
C002642;23;San Andr√©s;273;2;820.24;39371.76;Dormido;0.62;0.38;58;5;20
C002643;63;Puerto Carre√±o;1;15;1632.49;587697.05;Activo;0.69;0.31;35;7;31
C002644;40;Arauca;16;22;1569.32;828600.3;Activo;0.64;0.36;47;5;70
C002645;58;Cartagena;11;14;2631.19;884079.09;Activo;0.39;0.61;23;9;8
C002646;64;Quibd√≥;126;1;977.08;23449.85;Dormido;0.6;0.4;11;11;92
C002647;45;Armenia;43;6;831.87;119789.39;En Riesgo;0.85;0.15;6;4;53
C002648;39;Medell√≠n;61;4;652.73;62661.92;En Riesgo;0.76;0.24;10;8;77
C002649;68;Pasto;51;6;1663.59;239556.41;En Riesgo;0.82;0.18;16;4;49
C002650;44;Bogot√°;88;7;922.96;155057.08;En Riesgo;0.57;0.43;47;4;75
C002651;74;Popay√°n;44;5;1888.31;226597.66;En Riesgo;0.88;0.12;7;10;43
C002652;33;Armenia;68;5;1531.39;183766.56;En Riesgo;0.44;0.56;6;3;39
C002653;46;Leticia;83;4;1550.55;148852.96;En Riesgo;0.8;0.2;26;7;60
C002654;41;Armenia;2;15;2868.17;1032541.6;Activo;0.79;0.21;34;9;46
C002655;19;Monter√≠a;26;18;2795.65;1207721.39;Activo;0.61;0.39;34;9;92
C002656;27;Bucaramanga;39;6;1084.81;156212.83;En Riesgo;0.59;0.41;31;4;97
C002657;19;Florencia;219;1;615.77;14778.47;Dormido;0.76;0.24;53;11;72
C002658;47;Villavicencio;40;6;1335.41;192298.78;En Riesgo;0.5;0.5;27;3;59
C002659;45;Riohacha;31;7;517.54;86946.61;En Riesgo;0.87;0.13;14;10;92
C002660;48;Puerto Carre√±o;7;20;2307.56;1107628.24;Activo;0.35;0.65;33;6;14
C002661;24;Armenia;42;3;1184.39;85276.09;En Riesgo;0.42;0.58;44;10;49
C002662;53;Yopal;139;2;622.95;29901.48;Dormido;0.85;0.15;27;4;25
C002663;33;Riohacha;53;3;1135.96;81789.27;En Riesgo;0.64;0.36;38;4;63
C002664;68;Puerto Carre√±o;29;19;1852.94;844939.77;Activo;0.3;0.7;35;11;42
C002665;43;Cali;24;23;2430.04;1341380.81;Activo;0.39;0.61;29;5;19
C002666;74;Tulu√°;189;1;541.44;12994.48;Dormido;0.95;0.05;20;7;98
C002667;24;Ibagu√©;34;7;871.89;146476.88;En Riesgo;0.68;0.32;40;9;0
C002668;30;Leticia;16;22;219.06;1156635.62;Activo;0.38;0.62;32;3;8
C002669;71;Manizales;23;19;2804.14;1278686.23;Activo;0.68;0.32;58;8;13
C002670;42;Valledupar;217;1;389.37;9344.9;Dormido;0.92;0.08;49;3;64
C002671;30;Florencia;4;10;1763.83;423320.29;Activo;0.79;0.21;18;7;43
C002672;67;Armenia;5;10;3234.98;776395.21;Activo;0.43;0.57;7;4;39
C002673;68;Leticia;29;16;231.16;887656.13;Activo;0.46;0.54;32;4;5
C002674;20;Pereira;13;16;3961.78;1521322.3;Activo;0.63;0.37;34;3;78
C002675;26;Sincelejo;69;7;1987.37;333877.33;En Riesgo;0.84;0.16;29;6;93
C002676;36;Puerto Vallejo;27;8;3170.76;608786.52;Activo;0.6;0.4;47;3;9
C002677;43;Pereira;45;4;1320.49;126766.69;En Riesgo;0.74;0.26;49;7;21
C002678;19;Bogot√°;5;13;3467.35;1081813.05;Activo;0.74;0.26;7;6;80
C002679;26;Valledupar;47;7;1298.14;218087.13;En Riesgo;0.87;0.13;21;5;95
C002680;63;Manizales;7;15;2632.32;947634.7;Activo;0.56;0.44;53;4;37
C002681;41;Cali;351;1;589.23;14141.41;Dormido;0.89;0.11;53;11;88
C002682;48;C√∫cuta;305;2;676.61;32477.11;Dormido;0.79;0.21;48;4;17
C002683;69;Leticia;86;7;856.59;143907.8;En Riesgo;0.53;0.47;24;6;56
C002684;47;Monter√≠a;153;2;142.26;6828.67;Dormido;0.82;0.18;12;8;16
C002685;35;Santa Marta;32;6;1019.38;146791.31;En Riesgo;0.47;0.53;45;8;53
C002686;55;Puerto Carre√±o;268;2;247.77;11892.96;Dormido;0.58;0.42;11;4;82
C002687;19;Valledupar;14;23;297.57;1642585.32;Activo;0.51;0.49;57;4;84
C002688;45;Riohacha;42;4;1466.05;140741.03;En Riesgo;0.6;0.4;22;6;84
C002689;42;Puerto Vallejo;39;3;761.15;54802.64;En Riesgo;0.62;0.38;10;8;37
C002690;40;Arauca;185;1;661.36;15872.52;Dormido;0.91;0.09;20;3;5
C002691;64;Quibd√≥;171;1;48.78;11707.29;Dormido;0.61;0.39;29;9;14
C002692;27;Sincelejo;28;22;3588.85;1894910.77;Activo;0.4;0.6;47;9;55
C002693;37;In√≠rida;22;22;2936.74;1550600.51;Activo;0.44;0.56;20;8;19
C002694;33;Puerto Vallejo;29;13;2657.16;829034.15;Activo;0.45;0.55;38;9;59
C002695;65;Santa Marta;38;7;1545.61;259661.92;En Riesgo;0.8;0.2;24;3;22
C002696;34;Puerto Vallejo;13;20;2236.09;1073324.45;Activo;0.44;0.56;21;10;94
C002697;57;Puerto Carre√±o;79;3;866.01;62352.91;En Riesgo;0.5;0.5;48;11;87
C002698;72;Pasto;38;7;907.65;152485.16;En Riesgo;0.77;0.23;14;9;11
C002699;70;Bucaramanga;237;2;79.47;38145.69;Dormido;0.55;0.45;23;6;52
C002700;70;Monter√≠a;336;1;733.84;17612.14;Dormido;0.72;0.28;49;6;40
C002701;54;Pasto;48;5;785.48;94257.02;En Riesgo;0.53;0.47;30;4;74
C002702;22;Puerto Carre√±o;205;1;548.25;13158.06;Dormido;0.75;0.25;30;7;80
C002703;61;Valledupar;13;9;2547.78;550321.1;Activo;0.67;0.33;43;7;59
C002704;62;Armenia;191;2;205.83;9879.66;Dormido;0.75;0.25;22;4;93
C002705;27;Quibd√≥;186;1;210.84;5060.1;Dormido;0.55;0.45;39;10;64
C002706;69;Quibd√≥;24;23;2250.45;1242247.44;Activo;0.56;0.44;28;5;11
C002707;20;Arauca;49;6;821.25;118259.32;En Riesgo;0.67;0.33;56;8;3
C002708;37;Mocoa;6;20;3078.43;1477644.47;Activo;0.34;0.66;37;8;57
C002709;70;Valledupar;24;17;1641.61;669777.5;Activo;0.57;0.43;40;9;93
C002710;26;Barranquilla;61;5;1085.39;130246.76;En Riesgo;0.46;0.54;59;5;87
C002711;29;Yopal;215;1;90.79;21789.66;Dormido;0.52;0.48;19;9;76
C002712;57;Bucaramanga;236;1;71.09;17061.59;Dormido;0.71;0.29;36;10;80
C002713;36;San Andr√©s;1;10;2400.33;576078.01;Activo;0.58;0.42;33;4;30
C002714;48;Valledupar;163;1;56.92;13660.82;Dormido;0.92;0.08;33;4;20
C002715;70;Quibd√≥;64;6;981.89;141392.72;En Riesgo;0.55;0.45;46;6;13
C002716;52;San Andr√©s;17;15;2435.17;876662.21;Activo;0.75;0.25;28;9;68
C002717;37;Puerto Carre√±o;12;10;3181.66;763598.76;Activo;0.41;0.59;49;8;85
C002718;52;Leticia;21;9;2194.11;473928.16;Activo;0.44;0.56;55;6;73
C002719;23;Bucaramanga;298;2;442.21;21225.87;Dormido;0.72;0.28;33;7;14
C002720;53;Santa Marta;40;6;1193.32;171837.87;En Riesgo;0.45;0.55;29;8;20
C002721;48;Mocoa;340;1;515.54;12372.91;Dormido;0.87;0.13;54;3;74
C002722;45;C√∫cuta;54;7;1355.06;227650.5;En Riesgo;0.73;0.27;50;7;85
C002723;71;Puerto Carre√±o;11;10;2044.91;490777.34;Activo;0.72;0.28;19;11;77
C002724;61;Bucaramanga;240;1;779.56;18709.55;Dormido;0.9;0.1;40;9;64
C002725;65;Puerto Carre√±o;86;7;1361.21;228682.62;En Riesgo;0.63;0.37;43;6;26
C002726;22;Bogot√°;3;22;2746.89;1450359.56;Activo;0.6;0.4;13;5;67
C002727;22;C√∫cuta;5;19;2882.08;1314230.26;Activo;0.61;0.39;40;10;99
C002728;63;Pereira;79;3;169.38;121953.57;En Riesgo;0.78;0.22;37;9;59
C002729;54;Yopal;282;1;733.76;17610.34;Dormido;0.84;0.16;26;4;6
C002730;72;Leticia;125;1;713.48;17123.42;Dormido;0.67;0.33;42;9;11
C002731;30;Arauca;8;12;3115.88;897373.83;Activo;0.72;0.28;36;7;80
C002732;72;Bucaramanga;59;3;108.85;78371.88;En Riesgo;0.5;0.5;28;11;1
C002733;63;In√≠rida;62;3;97.07;69890.47;En Riesgo;0.68;0.32;48;11;2
C002734;27;Bucaramanga;55;4;1058.58;101623.31;En Riesgo;0.87;0.13;52;7;39
C002735;64;Puerto Carre√±o;29;13;2549.29;795378.38;Activo;0.33;0.67;46;9;20
C002736;29;Bucaramanga;53;5;958.36;115003.26;En Riesgo;0.67;0.33;30;7;75
C002737;33;Pasto;20;10;3233.17;775961.35;Activo;0.32;0.68;21;9;80
C002738;60;Bucaramanga;4;17;2037.24;831195.8;Activo;0.74;0.26;57;11;59
C002739;71;C√∫cuta;109;1;896.09;21506.23;Dormido;0.6;0.4;52;5;85
C002740;46;Armenia;157;2;501.63;24078.37;Dormido;0.64;0.36;38;9;95
C002741;40;C√∫cuta;118;1;959.04;23016.88;Dormido;0.66;0.34;27;4;94
C002742;25;Yopal;10;12;2719.96;783347.79;Activo;0.57;0.43;54;4;96
C002743;23;Yopal;8;22;2113.99;1116187.35;Activo;0.34;0.66;7;9;62
C002744;61;Florencia;136;1;871.33;20911.85;Dormido;0.69;0.31;54;7;61
C002745;60;Sincelejo;11;18;2619.59;1131662.27;Activo;0.61;0.39;43;10;36
C002746;25;Puerto Carre√±o;56;6;1528.29;220073.3;En Riesgo;0.44;0.56;23;9;13
C002747;22;Medell√≠n;25;12;2589.13;745669.7;Activo;0.34;0.66;9;9;48
C002748;52;Sincelejo;131;1;538.11;12914.53;Dormido;0.8;0.2;21;3;30
C002749;30;Popay√°n;12;11;220.54;582225.78;Activo;0.58;0.42;19;11;7
C002750;53;Cali;13;21;1841.87;928303.86;Activo;0.52;0.48;30;4;71
C002751;72;Cartagena;112;2;55.99;26875.04;Dormido;0.56;0.44;55;7;96
C002752;32;Armenia;26;13;2571.23;802224.29;Activo;0.35;0.65;6;3;67
C002753;37;Popay√°n;21;21;2267.98;1143064.13;Activo;0.54;0.46;26;6;19
C002754;59;Puerto Carre√±o;63;4;1107.03;106275.15;En Riesgo;0.5;0.5;6;10;64
C002755;25;Puerto Carre√±o;19;16;3065.65;1177209.44;Activo;0.69;0.31;54;11;51
C002756;21;Puerto Vallejo;102;1;673.49;16163.84;Dormido;0.68;0.32;36;4;67
C002757;29;Cartagena;48;6;597.83;86086.88;En Riesgo;0.89;0.11;44;10;87
C002758;56;Villavicencio;191;1;723.27;17358.58;Dormido;0.65;0.35;20;9;66
C002759;55;Leticia;11;16;2581.95;991469.88;Activo;0.38;0.62;11;10;10
C002760;26;Armenia;81;5;1202.25;144269.49;En Riesgo;0.7;0.3;13;4;79
C002761;41;Monter√≠a;42;5;1832.14;219856.37;En Riesgo;0.76;0.24;33;9;3
C002762;65;Yopal;50;6;756.03;108868.39;En Riesgo;0.78;0.22;6;11;74
C002763;49;Cali;61;3;1135.03;81721.92;En Riesgo;0.6;0.4;21;4;35
C002764;61;Bogot√°;65;7;1405.09;236055.04;En Riesgo;0.65;0.35;46;11;70
C002765;48;Cartagena;4;14;2891.44;971522.62;Activo;0.7;0.3;16;3;66
C002766;38;Valledupar;60;4;1280.51;122928.65;En Riesgo;0.69;0.31;37;5;93
C002767;22;Sincelejo;22;20;2625.79;1260380.42;Activo;0.61;0.39;46;9;56
C002768;40;C√∫cuta;12;17;3283.91;1339835.13;Activo;0.71;0.29;36;11;50
C002769;23;Villavicencio;27;17;3644.94;1487136.53;Activo;0.55;0.45;34;3;7
C002770;44;Arauca;89;5;1573.91;188868.65;En Riesgo;0.48;0.52;45;6;41
C002771;61;In√≠rida;38;6;1140.83;164279.99;En Riesgo;0.72;0.28;55;5;42
C002772;51;Pereira;14;18;1994.11;861455.87;Activo;0.37;0.63;45;7;92
C002773;48;Cartagena;83;7;1746.85;293471.56;En Riesgo;0.64;0.36;12;10;77
C002774;45;Tulu√°;6;12;2854.67;822144.9;Activo;0.5;0.5;13;7;87
C002775;56;Santa Marta;231;1;1;2400;Dormido;0.84;0.16;36;9;50
C002776;74;Cali;7;8;2731.06;524364.44;Activo;0.76;0.24;27;9;52
C002777;61;Santa Marta;69;4;1787.07;171558.84;En Riesgo;0.62;0.38;52;7;80
C002778;71;Armenia;22;22;1985.14;1048152.97;Activo;0.74;0.26;50;7;77
C002779;50;Mocoa;332;1;830.07;19921.75;Dormido;0.51;0.49;44;4;60
C002780;70;Barranquilla;67;4;765.54;73491.39;En Riesgo;0.8;0.2;15;7;61
C002781;38;Bogot√°;8;17;2427.12;990263.24;Activo;0.64;0.36;14;5;52
C002782;49;Valledupar;36;5;1437.32;172478.56;En Riesgo;0.56;0.44;44;7;27
C002783;24;Medell√≠n;220;1;682.42;16378.17;Dormido;0.57;0.43;59;11;89
C002784;33;San Andr√©s;87;6;1170.02;168483.2;En Riesgo;0.86;0.14;15;5;96
C002785;74;Armenia;19;18;2162.87;934358.22;Activo;0.45;0.55;58;4;2
C002786;30;Puerto Vallejo;182;1;621.12;14906.95;Dormido;0.82;0.18;17;4;17
C002787;41;Puerto Carre√±o;52;7;1609.46;270389.12;En Riesgo;0.78;0.22;33;5;58
C002788;43;Quibd√≥;78;4;1088.53;104498.42;En Riesgo;0.42;0.58;26;6;10
C002789;22;Monter√≠a;18;21;2124.92;1070957.51;Activo;0.44;0.56;26;5;30
C002790;44;Bucaramanga;12;8;2225.41;427279.56;Activo;0.68;0.32;31;7;1
C002791;57;Quibd√≥;75;5;644.18;77301.55;En Riesgo;0.64;0.36;37;7;85
C002792;42;Mocoa;43;7;1569.65;263701.04;En Riesgo;0.89;0.11;31;8;21
C002793;30;Bogot√°;4;23;299.29;1652082.7;Activo;0.74;0.26;19;10;89
C002794;61;In√≠rida;216;1;1128.58;27085.82;Dormido;0.7;0.3;57;9;4
C002795;69;Manizales;80;6;1579.09;227389.36;En Riesgo;0.75;0.25;12;5;85
C002796;24;Mocoa;35;6;1144.41;164795.18;En Riesgo;0.7;0.3;57;7;51
C002797;45;Pasto;220;1;570.54;13692.99;Dormido;0.56;0.44;18;8;41
C002798;63;Pereira;29;21;2492.95;1256446.85;Activo;0.66;0.34;56;8;79
C002799;74;Bogot√°;86;5;1101.56;132186.78;En Riesgo;0.72;0.28;16;10;3
C002800;61;Barranquilla;76;3;1524.38;109755.57;En Riesgo;0.78;0.22;28;5;26
C002801;30;Mocoa;71;6;80.65;116136.03;En Riesgo;0.78;0.22;27;11;18
C002802;50;Monter√≠a;83;3;879.82;63347.29;En Riesgo;0.58;0.42;51;4;66
C002803;51;Pereira;86;7;1525.76;256328.37;En Riesgo;0.89;0.11;23;4;21
C002804;45;Ibagu√©;26;9;2216.88;478846.44;Activo;0.46;0.54;37;7;86
C002805;23;Quibd√≥;12;21;1725.01;869403.18;Activo;0.45;0.55;19;10;40
C002806;45;Pasto;1;11;221.98;586026.84;Activo;0.73;0.27;21;3;34
C002807;22;Cartagena;10;9;1972.38;426034.05;Activo;0.41;0.59;7;3;20
C002808;31;Yopal;11;17;2434.78;993388.9;Activo;0.45;0.55;58;7;30
C002809;22;Riohacha;25;22;252.89;1335261.57;Activo;0.74;0.26;43;8;47
C002810;74;Medell√≠n;306;2;48.95;23495.98;Dormido;0.9;0.1;24;3;1
C002811;61;Pereira;39;5;107.86;129432.57;En Riesgo;0.57;0.43;52;7;78
C002812;43;Manizales;61;6;1019.65;146829.42;En Riesgo;0.63;0.37;45;7;97
C002813;27;Tulu√°;9;21;2117.27;1067102.99;Activo;0.42;0.58;29;11;17
C002814;26;Pereira;27;21;2182.43;1099943.79;Activo;0.55;0.45;56;7;60
C002815;61;Riohacha;68;4;662.21;63571.76;En Riesgo;0.64;0.36;40;6;21
C002816;31;Arauca;7;19;210.44;959607.63;Activo;0.54;0.46;45;8;46
C002817;50;San Andr√©s;332;1;1049.37;25184.99;Dormido;0.59;0.41;51;9;27
C002818;66;Ibagu√©;5;10;221.87;532489.12;Activo;0.75;0.25;8;4;55
C002819;69;San Andr√©s;56;7;1493.81;250960.18;En Riesgo;0.71;0.29;24;5;75
C002820;50;Cali;29;18;2889.31;1248179.98;Activo;0.74;0.26;16;7;67
C002821;33;Bucaramanga;345;2;595.35;28576.74;Dormido;0.82;0.18;26;5;45
C002822;42;Valledupar;78;3;1277.38;91971.1;En Riesgo;0.71;0.29;46;8;34
C002823;48;Puerto Vallejo;70;3;1295.79;93296.58;En Riesgo;0.54;0.46;14;11;88
C002824;48;Barranquilla;251;1;31.37;7528.71;Dormido;0.59;0.41;52;6;88
C002825;60;Cartagena;84;4;649.67;62368.06;En Riesgo;0.63;0.37;30;10;0
C002826;51;Santa Marta;33;3;660.74;47573.51;En Riesgo;0.69;0.31;50;7;43
C002827;44;Bucaramanga;19;15;251.23;904428.22;Activo;0.57;0.43;35;9;83
C002828;73;Pereira;16;22;2537.25;1339666.21;Activo;0.45;0.55;28;8;62
C002829;59;Puerto Vallejo;88;4;1626.87;156179.66;En Riesgo;0.71;0.29;58;11;41
C002830;35;Barranquilla;293;1;446.54;10716.86;Dormido;0.88;0.12;39;9;45
C002831;64;C√∫cuta;28;13;2721.43;849085.61;Activo;0.46;0.54;20;10;99
C002832;66;Arauca;6;11;3513.09;927454.74;Activo;0.38;0.62;29;8;22
C002833;54;Armenia;34;6;893.01;128593.19;En Riesgo;0.76;0.24;11;9;99
C002834;35;Barranquilla;46;5;1135.45;136254.45;En Riesgo;0.86;0.14;16;6;9
C002835;23;Barranquilla;240;1;803.63;19287.19;Dormido;0.7;0.3;49;7;2
C002836;50;Mocoa;34;3;1198.54;86295.16;En Riesgo;0.5;0.5;26;9;68
C002837;35;Cali;87;7;1507.85;253319.35;En Riesgo;0.48;0.52;58;9;21
C002838;34;Sincelejo;4;23;2265.97;1250817.05;Activo;0.62;0.38;13;11;50
C002839;63;Cali;40;5;1210.37;145244.5;En Riesgo;0.54;0.46;45;7;1
C002840;55;Florencia;189;1;325.58;7813.95;Dormido;0.59;0.41;35;11;34
C002841;51;Valledupar;18;17;2884.37;1176822.28;Activo;0.53;0.47;55;11;6
C002842;27;Bogot√°;26;9;3068.98;662900.43;Activo;0.73;0.27;49;10;5
C002843;51;Tulu√°;45;3;861.53;62030.21;En Riesgo;0.47;0.53;14;3;51
C002844;49;Cartagena;4;15;2152.81;775012.36;Activo;0.58;0.42;47;5;55
C002845;38;In√≠rida;24;8;2137.19;410339.75;Activo;0.49;0.51;31;9;1
C002846;47;Puerto Vallejo;17;23;3532.16;1949751.99;Activo;0.38;0.62;12;8;63
C002847;58;Villavicencio;139;2;962.83;46215.74;Dormido;0.8;0.2;7;7;77
C002848;31;Villavicencio;6;13;3314.66;1034174.64;Activo;0.49;0.51;25;9;18
C002849;34;Puerto Vallejo;52;7;1510.43;253752.71;En Riesgo;0.51;0.49;10;7;38
C002850;61;Medell√≠n;15;22;266.83;1408860.86;Activo;0.38;0.62;55;9;72
C002851;24;Puerto Carre√±o;93;1;559.28;13422.82;Dormido;0.72;0.28;36;7;67
C002852;30;Barranquilla;39;4;131.79;126517.97;En Riesgo;0.88;0.12;37;8;47
C002853;24;Puerto Vallejo;96;1;526.46;12634.99;Dormido;0.69;0.31;26;8;32
C002854;36;Quibd√≥;185;1;769.08;18457.87;Dormido;0.81;0.19;22;6;35
C002855;45;Mocoa;291;2;3.71;17807.97;Dormido;0.92;0.08;37;4;57
C002856;72;Popay√°n;2;20;2794.68;1341444.54;Activo;0.71;0.29;54;3;20
C002857;62;Puerto Vallejo;313;2;499.81;23990.74;Dormido;0.91;0.09;42;7;51
C002858;34;Yopal;6;8;2531.59;486064.59;Activo;0.47;0.53;13;9;32
C002859;43;Manizales;211;1;403.68;9688.25;Dormido;0.59;0.41;47;11;34
C002860;46;Cali;26;22;2984.16;1575634.58;Activo;0.52;0.48;33;9;85
C002861;73;Ibagu√©;292;2;596.37;28625.96;Dormido;0.57;0.43;48;3;97
C002862;57;Ibagu√©;335;1;995.41;23889.72;Dormido;0.63;0.37;55;3;60
C002863;29;Villavicencio;17;13;2992.66;933709.31;Activo;0.46;0.54;44;10;8
C002864;26;Arauca;1;16;2253.97;865523.04;Activo;0.62;0.38;32;5;57
C002865;45;Cali;22;20;2349.15;1127592.53;Activo;0.53;0.47;35;4;56
C002866;42;Bogot√°;39;3;881.65;63478.78;En Riesgo;0.71;0.29;26;6;68
C002867;50;Leticia;47;3;1330.03;95762.42;En Riesgo;0.82;0.18;9;3;91
C002868;27;Armenia;339;1;378.13;9075.16;Dormido;0.94;0.06;46;3;29
C002869;71;Barranquilla;100;1;807.49;19379.78;Dormido;0.6;0.4;19;4;1
C002870;48;Mocoa;197;2;607.23;29147.15;Dormido;0.57;0.43;30;5;64
C002871;52;Bucaramanga;11;15;2291.49;824934.85;Activo;0.54;0.46;42;3;98
C002872;50;Barranquilla;49;4;126.05;121007.59;En Riesgo;0.78;0.22;14;3;42
C002873;43;Armenia;231;1;836.61;20078.71;Dormido;0.85;0.15;54;4;84
C002874;63;Sincelejo;269;1;645.44;15490.47;Dormido;0.65;0.35;13;3;75
C002875;66;Riohacha;64;6;1331.98;191804.88;En Riesgo;0.86;0.14;25;11;65
C002876;20;Manizales;29;20;2229.58;1070200.77;Activo;0.65;0.35;39;3;5
C002877;72;C√∫cuta;16;22;2561.11;1352265.54;Activo;0.59;0.41;48;6;89
C002878;42;Armenia;58;6;1234.87;177820.8;En Riesgo;0.48;0.52;56;5;12
C002879;71;Riohacha;16;14;2307.33;775263.87;Activo;0.67;0.33;25;10;45
C002880;71;Riohacha;22;21;1956.19;985919.52;Activo;0.64;0.36;39;7;30
C002881;22;C√∫cuta;7;15;2634.98;948593.48;Activo;0.35;0.65;54;7;1
C002882;69;Quibd√≥;57;4;1594.21;153044.57;En Riesgo;0.88;0.12;14;7;35
C002883;46;Pereira;29;12;336.63;969493.57;Activo;0.67;0.33;59;6;10
C002884;35;Riohacha;40;7;138.54;232747.97;En Riesgo;0.81;0.19;20;8;23
C002885;31;Bucaramanga;28;19;2211.19;1008302.67;Activo;0.55;0.45;56;6;81
C002886;65;Yopal;83;3;1639.18;118021.2;En Riesgo;0.8;0.2;27;11;16
C002887;66;Bogot√°;297;2;622.81;29894.73;Dormido;0.55;0.45;58;5;9
C002888;69;Pereira;23;22;3212.04;1695959.52;Activo;0.44;0.56;52;4;29
C002889;63;Villavicencio;6;12;3127.15;900619.18;Activo;0.73;0.27;48;3;20
C002890;60;Riohacha;67;7;1115.27;187364.71;En Riesgo;0.63;0.37;38;8;75
C002891;45;Riohacha;210;2;625.39;30018.91;Dormido;0.53;0.47;49;5;38
C002892;33;Tulu√°;13;21;3376.38;1701697.65;Activo;0.77;0.23;23;5;47
C002893;49;Villavicencio;24;8;2567.75;493007.75;Activo;0.68;0.32;41;6;22
C002894;55;Yopal;22;14;3672.27;1233883.31;Activo;0.57;0.43;18;7;75
C002895;72;Santa Marta;56;3;1056.47;76066.16;En Riesgo;0.89;0.11;39;4;3
C002896;45;Valledupar;271;2;1042.37;50033.8;Dormido;0.56;0.44;42;11;8
C002897;48;Bogot√°;11;9;2912.76;629155.93;Activo;0.59;0.41;26;5;56
C002898;20;Popay√°n;19;10;3689.65;885514.92;Activo;0.6;0.4;26;10;86
C002899;51;Tulu√°;13;20;2035.67;977120.96;Activo;0.38;0.62;28;7;1
C002900;49;Bucaramanga;11;14;1653.99;555741.22;Activo;0.79;0.21;27;4;71
C002901;22;Yopal;78;7;1720.48;289040.09;En Riesgo;0.53;0.47;15;9;96
C002902;70;Popay√°n;66;5;781.05;93726.45;En Riesgo;0.76;0.24;32;5;18
C002903;63;Popay√°n;80;3;1517.82;109283.06;En Riesgo;0.62;0.38;19;5;75
C002904;55;Villavicencio;56;7;1243.31;208876.81;En Riesgo;0.46;0.54;21;5;20
C002905;20;Florencia;5;11;2515.28;664034.35;Activo;0.68;0.32;32;10;86
C002906;55;Barranquilla;6;12;2551.29;734770.8;Activo;0.35;0.65;28;9;68
C002907;52;Santa Marta;193;2;655.33;31455.73;Dormido;0.54;0.46;50;9;34
C002908;24;Bogot√°;18;12;2395.51;689906.42;Activo;0.34;0.66;14;3;90
C002909;19;Puerto Vallejo;9;14;2934.64;986040.51;Activo;0.45;0.55;43;3;75
C002910;25;Florencia;208;1;494.01;11856.17;Dormido;0.57;0.43;31;4;1
C002911;43;Sincelejo;24;23;2625.45;1449246.27;Activo;0.73;0.27;54;8;52
C002912;41;Cali;1;18;3034.93;1311091.58;Activo;0.45;0.55;19;6;14
C002913;28;Barranquilla;330;1;611.77;14682.42;Dormido;0.61;0.39;37;10;57
C002914;40;Santa Marta;26;9;2256.81;487470.03;Activo;0.6;0.4;25;10;71
C002915;29;Puerto Carre√±o;11;10;3174.87;761968.89;Activo;0.73;0.27;23;10;35
C002916;62;Monter√≠a;25;14;2150.99;722731.38;Activo;0.58;0.42;35;3;18
C002917;22;Yopal;8;15;3128.23;1126162.68;Activo;0.43;0.57;36;10;84
C002918;27;Cali;52;7;1870.22;314197.31;En Riesgo;0.65;0.35;44;11;65
C002919;51;Mocoa;29;21;1822.05;918314.96;Activo;0.31;0.69;29;8;4
C002920;66;Monter√≠a;23;8;2448.35;470082.53;Activo;0.59;0.41;23;9;91
C002921;52;Ibagu√©;50;6;792.57;114130.23;En Riesgo;0.66;0.34;7;8;51
C002922;67;Puerto Vallejo;8;19;2949.22;1344842.23;Activo;0.79;0.21;34;7;71
C002923;48;Pereira;23;13;3140.24;979754.99;Activo;0.68;0.32;20;11;87
C002924;53;Riohacha;82;6;1206.56;173744.02;En Riesgo;0.58;0.42;42;7;38
C002925;33;Sincelejo;48;3;778.98;56086.62;En Riesgo;0.84;0.16;45;9;1
C002926;72;Cali;79;4;1481.86;142258.28;En Riesgo;0.77;0.23;29;11;10
C002927;48;Yopal;29;16;1842.47;707508.58;Activo;0.71;0.29;55;5;88
C002928;20;C√∫cuta;5;14;2879.64;967558.6;Activo;0.68;0.32;17;10;10
C002929;22;Villavicencio;27;9;2177.35;470307.12;Activo;0.8;0.2;56;4;40
C002930;38;Florencia;236;2;533.53;25609.66;Dormido;0.85;0.15;37;4;80
C002931;59;Monter√≠a;27;13;2464.61;768959.4;Activo;0.48;0.52;52;11;99
C002932;34;Pasto;278;2;1138.78;54661.33;Dormido;0.57;0.43;49;11;76
C002933;59;In√≠rida;14;15;261.07;939851.44;Activo;0.56;0.44;21;5;96
C002934;54;Manizales;60;6;842.21;121277.58;En Riesgo;0.62;0.38;45;5;5
C002935;59;Leticia;39;3;652.66;46991.16;En Riesgo;0.43;0.57;16;10;66
C002936;53;Popay√°n;2;17;2016.74;822829.8;Activo;0.41;0.59;19;4;20
C002937;71;Bucaramanga;11;15;2579.79;928722.9;Activo;0.74;0.26;33;10;67
C002938;61;Popay√°n;36;4;1628.13;156300.05;En Riesgo;0.68;0.32;35;3;57
C002939;28;Riohacha;213;2;454.48;21814.82;Dormido;0.52;0.48;25;11;83
C002940;30;In√≠rida;148;1;475.74;11417.67;Dormido;0.65;0.35;37;10;53
C002941;74;Bucaramanga;27;13;3014.75;940602.21;Activo;0.57;0.43;10;7;5
C002942;55;Arauca;80;5;1549.38;185925.01;En Riesgo;0.59;0.41;21;11;15
C002943;67;San Andr√©s;37;5;713.18;85581.89;En Riesgo;0.83;0.17;11;7;60
C002944;34;Leticia;148;2;387.92;18620.23;Dormido;0.86;0.14;46;8;79
C002945;42;Cartagena;8;21;2634.69;1327885.21;Activo;0.38;0.62;26;5;38
C002946;72;Quibd√≥;290;2;477.55;22922.49;Dormido;0.63;0.37;57;5;84
C002947;45;Leticia;309;1;583.12;13994.77;Dormido;0.62;0.38;44;3;31
C002948;50;Cartagena;24;15;2720.55;979399.53;Activo;0.75;0.25;34;7;38
C002949;73;Armenia;11;13;2340.73;730307.93;Activo;0.45;0.55;31;8;43
C002950;67;Ibagu√©;266;1;384.22;9221.17;Dormido;0.88;0.12;10;7;46
C002951;29;Florencia;61;6;1217.34;175297.07;En Riesgo;0.66;0.34;10;11;85
C002952;51;Medell√≠n;88;7;1545.19;259592.74;En Riesgo;0.52;0.48;14;6;14
C002953;19;Cartagena;27;9;2704.61;584194.76;Activo;0.76;0.24;54;3;11
C002954;60;Ibagu√©;40;5;1401.13;168135.49;En Riesgo;0.56;0.44;10;5;10
C002955;63;Riohacha;80;7;854.32;143525.47;En Riesgo;0.83;0.17;40;6;68
C002956;69;Yopal;222;1;1072.37;25736.86;Dormido;0.86;0.14;26;11;72
C002957;67;Monter√≠a;20;16;3252.52;1248969.11;Activo;0.51;0.49;16;9;3
C002958;35;Valledupar;210;2;684.66;32863.74;Dormido;0.62;0.38;54;8;95
C002959;32;Cali;15;20;1131.31;543029.88;Activo;0.6;0.4;13;5;60
C002960;53;Pasto;44;6;1155.53;166396.36;En Riesgo;0.88;0.12;7;4;63
C002961;60;Riohacha;8;19;2208.78;1007205.17;Activo;0.59;0.41;22;8;99
C002962;20;In√≠rida;181;1;557.91;13389.91;Dormido;0.74;0.26;40;11;50
C002963;71;Sincelejo;336;2;432.45;20757.82;Dormido;0.54;0.46;40;8;33
C002964;20;Valledupar;21;17;2554.23;1042123.89;Activo;0.72;0.28;57;7;21
C002965;50;Arauca;14;21;202.22;1019190.79;Activo;0.39;0.61;12;6;6
C002966;20;San Andr√©s;45;7;1140.64;191628.04;En Riesgo;0.59;0.41;54;8;0
C002967;26;Bogot√°;33;6;1219.17;175560.78;En Riesgo;0.55;0.45;47;10;74
C002968;29;Bogot√°;36;6;1577.99;227230.1;En Riesgo;0.62;0.38;24;7;99
C002969;36;Cartagena;26;12;1642.43;473020.94;Activo;0.41;0.59;16;10;24
C002970;23;Sincelejo;75;7;1090.61;183222.45;En Riesgo;0.8;0.2;47;7;4
C002971;73;Quibd√≥;80;7;1277.31;214587.45;En Riesgo;0.83;0.17;29;11;20
C002972;24;C√∫cuta;103;1;567.86;13628.73;Dormido;0.83;0.17;17;5;15
C002973;62;Florencia;62;4;1323.45;127051.31;En Riesgo;0.73;0.27;11;8;90
C002974;64;Monter√≠a;6;12;3035.12;874114.86;Activo;0.58;0.42;12;6;74
C002975;30;San Andr√©s;83;3;1520.25;109458.25;En Riesgo;0.83;0.17;49;3;73
C002976;69;Barranquilla;35;4;1084.29;104091.76;En Riesgo;0.69;0.31;38;10;2
C002977;38;Tulu√°;59;6;940.19;135386.92;En Riesgo;0.6;0.4;40;10;46
C002978;21;Leticia;16;9;2879.84;622046.33;Activo;0.47;0.53;54;9;88
C002979;53;Cartagena;4;11;2176.53;574602.73;Activo;0.76;0.24;45;6;67
C002980;28;Valledupar;1;22;2501.29;1320680.63;Activo;0.64;0.36;42;10;85
C002981;47;Medell√≠n;66;4;1108.46;106412.58;En Riesgo;0.55;0.45;59;8;59
C002982;32;Pereira;11;11;1797.41;474517.23;Activo;0.31;0.69;39;9;80
C002983;36;Arauca;3;15;2655.08;955829.03;Activo;0.42;0.58;7;5;54
C002984;23;Mocoa;35;6;1216.84;175224.79;En Riesgo;0.74;0.26;57;5;21
C002985;67;Florencia;21;19;1820.54;830164.6;Activo;0.33;0.67;38;8;17
C002986;57;Mocoa;21;8;2075.79;398551.33;Activo;0.8;0.2;26;7;98
C002987;48;Manizales;318;1;486.03;11664.69;Dormido;0.82;0.18;18;6;93
C002988;27;Monter√≠a;70;3;113.41;81655.14;En Riesgo;0.86;0.14;59;3;21
C002989;43;Cali;253;1;57.36;13766.49;Dormido;0.79;0.21;57;6;40
C002990;53;Arauca;7;18;3062.66;1323070.55;Activo;0.72;0.28;39;9;87
C002991;44;Leticia;6;11;2540.33;670648.08;Activo;0.58;0.42;53;3;69
C002992;37;Armenia;37;4;1077.77;103465.78;En Riesgo;0.51;0.49;50;11;81
C002993;63;Santa Marta;76;6;1193.96;171930.15;En Riesgo;0.79;0.21;11;9;85
C002994;67;Florencia;49;4;87.07;83587.22;En Riesgo;0.42;0.58;54;6;52
C002995;21;Sincelejo;8;23;2365.21;1305596.31;Activo;0.37;0.63;55;10;5
C002996;54;Sincelejo;281;2;715.81;34358.96;Dormido;0.52;0.48;32;11;45
C002997;19;Manizales;27;14;2009.79;675288.03;Activo;0.66;0.34;24;10;72
C002998;32;Manizales;24;19;2589.08;1180619.84;Activo;0.35;0.65;44;11;21
C002999;62;Florencia;61;3;1515.33;109104.07;En Riesgo;0.44;0.56;50;4;53
C003000;26;Medell√≠n;175;1;632.58;15182.02;Dormido;0.55;0.45;8;7;3
C003001;35;Florencia;26;12;3312.22;953920.02;Activo;0.43;0.57;22;10;82
C003002;71;Florencia;241;2;214.14;10278.57;Dormido;0.65;0.35;24;11;66
C003003;46;Cartagena;22;22;2269.06;1198065.9;Activo;0.31;0.69;44;5;34
C003004;43;Ibagu√©;24;9;2373.96;512774.8;Activo;0.41;0.59;29;11;77
C003005;43;Arauca;228;1;754.26;18102.14;Dormido;0.67;0.33;46;3;10
C003006;42;Puerto Vallejo;48;4;1238.54;118900.09;En Riesgo;0.81;0.19;57;11;49
C003007;25;San Andr√©s;151;1;755.52;18132.42;Dormido;0.85;0.15;32;4;9
C003008;54;Manizales;47;3;598.63;43101.34;En Riesgo;0.47;0.53;32;10;6
C003009;28;Ibagu√©;99;2;746.98;35855.14;Dormido;0.59;0.41;45;5;74
C003010;70;Yopal;33;7;1438.21;241619.03;En Riesgo;0.47;0.53;59;7;64
C003011;46;Cartagena;312;1;861.71;20681.04;Dormido;0.69;0.31;7;3;58
C003012;29;Medell√≠n;2;18;2103.92;908894.95;Activo;0.52;0.48;39;9;18
C003013;48;Mocoa;186;1;490.71;11777.09;Dormido;0.82;0.18;16;10;3
C003014;48;Sincelejo;15;15;321.61;1157796.75;Activo;0.38;0.62;33;7;29
C003015;41;Leticia;11;21;3055.36;1539903.21;Activo;0.67;0.33;45;4;12
C003016;64;Cartagena;68;7;1111.71;186768.05;En Riesgo;0.48;0.52;25;10;27
C003017;27;Leticia;48;3;1040.52;74917.21;En Riesgo;0.58;0.42;12;10;60
C003018;51;Leticia;167;2;5.31;25487.85;Dormido;0.83;0.17;55;8;89
C003019;57;Popay√°n;31;4;1484.32;142494.59;En Riesgo;0.61;0.39;56;4;48
C003020;57;Yopal;11;11;2384.45;629494.6;Activo;0.43;0.57;15;3;43
C003021;47;Mocoa;235;1;332.73;7985.43;Dormido;0.71;0.29;45;8;19
C003022;45;Valledupar;27;10;2742.35;658163.84;Activo;0.76;0.24;47;3;83
C003023;47;Popay√°n;294;2;754.68;36224.63;Dormido;0.92;0.08;45;4;88
C003024;55;C√∫cuta;18;18;2002.57;865111.95;Activo;0.8;0.2;54;9;91
C003025;44;Santa Marta;11;22;1533.98;809942.25;Activo;0.53;0.47;31;9;74
C003026;36;Barranquilla;322;1;359.44;8626.5;Dormido;0.89;0.11;59;3;17
C003027;71;Puerto Carre√±o;74;4;1268.09;121736.87;En Riesgo;0.74;0.26;28;8;98
C003028;23;In√≠rida;68;6;587.76;84637.31;En Riesgo;0.44;0.56;37;4;64
C003029;58;Sincelejo;40;4;1147.96;110204.15;En Riesgo;0.79;0.21;51;5;50
C003030;29;Valledupar;5;13;3719.52;1160491.18;Activo;0.62;0.38;27;6;67
C003031;38;Pereira;18;12;1461.38;420877.02;Activo;0.8;0.2;53;7;30
C003032;59;Monter√≠a;347;1;581.65;13959.52;Dormido;0.94;0.06;35;4;76
C003033;25;Cali;4;13;1997.09;623092.29;Activo;0.46;0.54;29;5;80
C003034;39;Cartagena;70;3;1404.61;101132.09;En Riesgo;0.41;0.59;16;7;14
C003035;35;Pasto;7;15;2634.33;948357.15;Activo;0.38;0.62;21;10;66
C003036;34;Villavicencio;56;6;1722.56;248047.93;En Riesgo;0.54;0.46;7;8;87
C003037;57;Pereira;263;1;638.04;15312.9;Dormido;0.6;0.4;6;3;8
C003038;27;Monter√≠a;29;11;2546.72;672335.08;Activo;0.35;0.65;16;9;21
C003039;65;Puerto Vallejo;318;1;635.51;15252.33;Dormido;0.88;0.12;53;7;77
C003040;71;Pereira;36;5;1119.83;134379.45;En Riesgo;0.86;0.14;21;11;1
C003041;33;Mocoa;23;12;3013.34;867842.22;Activo;0.61;0.39;49;9;88
C003042;53;Villavicencio;21;10;2629.84;631160.52;Activo;0.79;0.21;39;4;87
C003043;21;Riohacha;19;11;2235.55;590184.28;Activo;0.48;0.52;8;7;28
C003044;20;Manizales;19;8;3309.37;635398.42;Activo;0.63;0.37;26;11;3
C003045;31;Bucaramanga;280;2;526.69;25281.01;Dormido;0.83;0.17;20;5;2
C003046;42;Sincelejo;7;19;283.58;1293125.53;Activo;0.7;0.3;30;8;44
C003047;18;Popay√°n;244;2;620.88;29802.37;Dormido;0.6;0.4;27;11;24
C003048;66;Cali;39;7;911.29;153097.33;En Riesgo;0.69;0.31;13;11;35
C003049;42;Armenia;19;21;2914.12;1468717.13;Activo;0.75;0.25;56;6;15
C003050;61;Armenia;345;1;849.68;20392.41;Dormido;0.79;0.21;19;5;21
C003051;53;In√≠rida;80;3;776.29;55892.96;En Riesgo;0.84;0.16;8;6;88
C003052;38;Florencia;11;19;2675.09;1219840.41;Activo;0.46;0.54;24;3;3
C003053;50;Monter√≠a;46;6;1524.13;219475.37;En Riesgo;0.86;0.14;45;8;63
C003054;49;Cali;276;1;74.79;17949.5;Dormido;0.73;0.27;41;3;88
C003055;33;Villavicencio;363;1;538.13;12915.15;Dormido;0.81;0.19;57;9;60
C003056;68;Monter√≠a;14;21;2440.69;1230107.58;Activo;0.4;0.6;32;10;67
C003057;33;Riohacha;27;18;2757.96;1191439.58;Activo;0.79;0.21;17;3;24
C003058;29;Monter√≠a;51;4;910.52;87409.62;En Riesgo;0.79;0.21;44;3;48
C003059;54;Santa Marta;7;9;2134.58;461068.41;Activo;0.55;0.45;7;8;99
C003060;28;Arauca;182;2;322.04;15458.15;Dormido;0.78;0.22;13;6;74
C003061;50;Ibagu√©;243;2;782.56;37562.99;Dormido;0.81;0.19;45;10;12
C003062;22;C√∫cuta;110;1;1058.53;25404.72;Dormido;0.6;0.4;45;7;98
C003063;38;Cartagena;10;8;2035.95;390902.62;Activo;0.45;0.55;17;8;14
C003064;62;Puerto Vallejo;28;11;2119.44;559533.02;Activo;0.33;0.67;15;4;65
C003065;37;C√∫cuta;13;16;2686.22;1031508.62;Activo;0.34;0.66;14;7;68
C003066;40;Mocoa;305;1;574.23;13781.55;Dormido;0.86;0.14;31;10;51
C003067;37;Bogot√°;163;1;668.17;16036.05;Dormido;0.62;0.38;29;6;67
C003068;45;Pasto;256;1;198.03;4752.7;Dormido;0.8;0.2;49;4;94
C003069;31;Santa Marta;122;2;489.34;23488.41;Dormido;0.58;0.42;46;4;52
C003070;57;Bucaramanga;24;23;2349.76;1297067.41;Activo;0.5;0.5;6;9;73
C003071;44;C√∫cuta;24;13;3256.61;1016063.11;Activo;0.59;0.41;48;11;44
C003072;50;Mocoa;24;12;1959.88;564446.33;Activo;0.79;0.21;43;10;48
C003073;59;Bucaramanga;88;7;1107.63;186081.94;En Riesgo;0.57;0.43;57;11;39
C003074;46;Cartagena;24;12;2601.53;749240.77;Activo;0.69;0.31;25;4;3
C003075;40;Armenia;176;2;535.11;25685.43;Dormido;0.64;0.36;25;7;82
C003076;46;In√≠rida;5;21;14.33;722233.16;Activo;0.7;0.3;7;8;33
C003077;69;Pereira;34;7;122.81;206320.92;En Riesgo;0.64;0.36;28;6;33
C003078;58;Bucaramanga;252;1;811.57;19477.63;Dormido;0.87;0.13;41;7;59
C003079;34;Quibd√≥;49;7;864.51;145236.85;En Riesgo;0.77;0.23;35;11;78
C003080;51;Riohacha;7;8;2928.23;562220.96;Activo;0.76;0.24;8;4;79
C003081;62;Mocoa;83;6;1267.27;182486.87;En Riesgo;0.53;0.47;25;7;72
C003082;69;Barranquilla;203;2;602.87;28937.54;Dormido;0.81;0.19;27;3;20
C003083;62;Cali;351;1;946.25;22710.01;Dormido;0.89;0.11;49;3;23
C003084;42;Arauca;181;1;68.25;16380.07;Dormido;0.51;0.49;54;3;20
C003085;61;San Andr√©s;294;2;558.41;26803.86;Dormido;0.56;0.44;13;5;59
C003086;48;Riohacha;66;3;1516.87;109214.51;En Riesgo;0.86;0.14;54;3;66
C003087;32;Puerto Carre√±o;26;21;2807.42;1414941.41;Activo;0.53;0.47;44;10;41
C003088;39;C√∫cuta;51;4;1057.64;101533.54;En Riesgo;0.7;0.3;24;6;51
C003089;46;Santa Marta;54;6;1941.91;279634.36;En Riesgo;0.79;0.21;15;6;3
C003090;53;Puerto Vallejo;51;3;1274.07;91733.32;En Riesgo;0.77;0.23;58;6;44
C003091;18;Leticia;101;1;866.35;20792.38;Dormido;0.64;0.36;30;6;37
C003092;42;In√≠rida;183;1;422.05;10129.25;Dormido;0.59;0.41;9;4;88
C003093;23;Armenia;18;15;2494.28;897939.7;Activo;0.36;0.64;21;8;88
C003094;31;Puerto Carre√±o;61;4;2014.03;193347.05;En Riesgo;0.88;0.12;23;6;84
C003095;57;In√≠rida;84;3;1331.37;95858.93;En Riesgo;0.51;0.49;33;8;4
C003096;74;Tulu√°;28;8;3064.93;588466.79;Activo;0.62;0.38;24;8;31
C003097;25;In√≠rida;244;2;619.34;29728.15;Dormido;0.63;0.37;9;10;95
C003098;40;San Andr√©s;3;16;2844.66;1092349.5;Activo;0.39;0.61;52;9;7
C003099;31;Pereira;15;8;2538.09;487313.14;Activo;0.69;0.31;27;11;13
C003100;61;Cali;242;2;713.49;34247.59;Dormido;0.67;0.33;28;6;14
C003101;40;Tulu√°;7;8;1945.14;373466.68;Activo;0.8;0.2;14;10;37
C003102;38;Florencia;6;13;2635.93;822409.75;Activo;0.74;0.26;35;6;18
C003103;69;Popay√°n;57;6;1156.14;166484.05;En Riesgo;0.66;0.34;49;9;10
C003104;73;Medell√≠n;274;2;604.33;29007.61;Dormido;0.76;0.24;15;10;89
C003105;73;Pereira;68;6;1318.13;189810.55;En Riesgo;0.67;0.33;37;9;95
C003106;28;Arauca;179;1;441.25;10589.95;Dormido;0.85;0.15;57;4;45
C003107;59;Arauca;22;20;3660.92;1757239.84;Activo;0.71;0.29;21;11;50
C003108;41;Yopal;25;16;1504.59;577764.08;Activo;0.46;0.54;32;9;53
C003109;39;Tulu√°;15;11;303.08;800132.33;Activo;0.37;0.63;33;3;58
C003110;20;San Andr√©s;55;5;1354.71;162564.63;En Riesgo;0.51;0.49;41;10;78
C003111;36;Barranquilla;58;5;1263.38;151605.52;En Riesgo;0.43;0.57;17;5;47
C003112;37;C√∫cuta;71;7;1588.03;266788.26;En Riesgo;0.74;0.26;36;5;66
C003113;47;Villavicencio;274;1;443.51;10644.17;Dormido;0.67;0.33;33;4;13
C003114;37;Medell√≠n;75;5;1475.97;177116.31;En Riesgo;0.7;0.3;41;7;55
C003115;74;Manizales;71;5;849.01;101881.62;En Riesgo;0.8;0.2;35;4;59
C003116;59;Bogot√°;2;17;2683.27;1094775.11;Activo;0.36;0.64;44;3;53
C003117;24;Tulu√°;61;5;1084.17;130100.63;En Riesgo;0.72;0.28;26;11;56
C003118;62;Villavicencio;212;2;635.02;30481.13;Dormido;0.91;0.09;39;4;30
C003119;74;In√≠rida;12;14;2617.43;879456.95;Activo;0.58;0.42;24;5;0
C003120;34;Medell√≠n;124;1;861.22;20669.37;Dormido;0.69;0.31;36;3;63
C003121;41;Puerto Carre√±o;17;13;2278.46;710880.05;Activo;0.35;0.65;31;5;65
C003122;73;Armenia;223;2;825.09;39604.53;Dormido;0.5;0.5;9;7;90
C003123;33;Arauca;5;12;2052.39;591087.85;Activo;0.38;0.62;33;6;80
C003124;60;Mocoa;75;4;1338.92;128536.61;En Riesgo;0.71;0.29;51;10;49
C003125;71;Valledupar;78;6;1204.09;173389.44;En Riesgo;0.88;0.12;11;6;25
C003126;44;Riohacha;17;22;2516.29;1328601.93;Activo;0.59;0.41;8;10;45
C003127;37;Barranquilla;8;20;3390.47;1627424.51;Activo;0.57;0.43;28;7;89
C003128;63;Santa Marta;24;22;2971.79;1569106.1;Activo;0.76;0.24;57;11;7
C003129;61;Pasto;343;2;680.88;32682.1;Dormido;0.93;0.07;53;3;36
C003130;49;Barranquilla;6;14;2109.91;708930.44;Activo;0.49;0.51;47;11;54
C003131;70;Armenia;15;12;2076.43;598012.46;Activo;0.65;0.35;32;11;94
C003132;56;Pereira;60;5;117.46;140952.34;En Riesgo;0.76;0.24;36;5;11
C003133;37;Sincelejo;75;7;1486.87;249793.93;En Riesgo;0.53;0.47;44;6;91
C003134;55;Puerto Carre√±o;74;5;1261.35;151361.93;En Riesgo;0.43;0.57;43;3;70
C003135;67;Armenia;23;19;2087.18;951751.82;Activo;0.34;0.66;18;5;48
C003136;39;San Andr√©s;28;9;2424.22;523631.86;Activo;0.54;0.46;47;7;18
C003137;31;Villavicencio;107;2;617.12;29621.75;Dormido;0.6;0.4;47;7;22
C003138;32;Florencia;89;7;99.36;166924.72;En Riesgo;0.53;0.47;43;6;0
C003139;58;Ibagu√©;33;3;1035.47;74553.61;En Riesgo;0.76;0.24;20;8;88
C003140;60;San Andr√©s;199;2;312.25;14987.88;Dormido;0.94;0.06;7;5;33
C003141;33;Cartagena;53;7;1224.27;205676.55;En Riesgo;0.87;0.13;53;10;36
C003142;37;Santa Marta;71;5;1458.98;175077.63;En Riesgo;0.48;0.52;9;6;75
C003143;31;Popay√°n;28;15;2192.65;789352.59;Activo;0.58;0.42;44;3;19
C003144;38;Manizales;9;19;1956.91;892352.05;Activo;0.52;0.48;37;7;17
C003145;25;Monter√≠a;70;7;761.71;127967.44;En Riesgo;0.52;0.48;29;10;86
C003146;48;Armenia;18;22;341.19;1801482.28;Activo;0.59;0.41;7;9;10
C003147;73;Arauca;79;7;898.52;150951.66;En Riesgo;0.85;0.15;46;8;0
C003148;46;Puerto Vallejo;319;1;602.32;14455.7;Dormido;0.94;0.06;43;11;82
C003149;74;Ibagu√©;176;2;812.53;39001.48;Dormido;0.84;0.16;57;3;24
C003150;70;Santa Marta;83;7;1175.45;197475.36;En Riesgo;0.49;0.51;52;3;74
C003151;19;San Andr√©s;15;12;3061.24;881637.3;Activo;0.4;0.6;45;3;74
C003152;59;Valledupar;55;6;1794.09;258348.49;En Riesgo;0.53;0.47;27;4;98
C003153;19;Ibagu√©;58;3;1104.33;79511.85;En Riesgo;0.72;0.28;31;10;66
C003154;19;Armenia;8;20;2878.61;1381731.4;Activo;0.78;0.22;34;4;15
C003155;44;Pereira;22;21;2672.91;1347148.36;Activo;0.65;0.35;18;7;54
C003156;37;In√≠rida;32;5;1486.81;178417.14;En Riesgo;0.48;0.52;41;4;88
C003157;49;Santa Marta;25;13;208.54;650644.86;Activo;0.54;0.46;48;3;84
C003158;45;Sincelejo;17;11;2326.73;614256.09;Activo;0.37;0.63;16;9;9
C003159;65;Florencia;35;6;1314.52;189290.48;En Riesgo;0.64;0.36;39;6;70
C003160;46;Mocoa;2;21;1780.12;897181.91;Activo;0.35;0.65;39;4;44
C003161;43;Puerto Carre√±o;21;19;311.59;1420850.44;Activo;0.7;0.3;12;8;72
C003162;44;Monter√≠a;41;3;83.14;59861.04;En Riesgo;0.65;0.35;17;8;20
C003163;57;Puerto Vallejo;6;20;2359.52;1132570.01;Activo;0.45;0.55;34;11;20
C003164;30;Puerto Vallejo;273;1;822.65;19743.6;Dormido;0.77;0.23;46;11;24
C003165;27;Riohacha;208;2;904.43;43412.73;Dormido;0.75;0.25;22;7;12
C003166;19;Riohacha;205;2;899.61;43181.48;Dormido;0.72;0.28;46;10;85
C003167;22;Medell√≠n;2;21;3174.77;1600082.88;Activo;0.57;0.43;31;7;92
C003168;72;Arauca;22;19;2263.43;1032125.9;Activo;0.61;0.39;39;8;41
C003169;34;C√∫cuta;146;2;751.61;36077.42;Dormido;0.83;0.17;32;5;61
C003170;67;Popay√°n;2;18;1834.75;792612.12;Activo;0.74;0.26;7;11;26
C003171;33;Leticia;5;13;2193.87;684488.4;Activo;0.74;0.26;11;10;32
C003172;19;Armenia;66;4;866.82;83214.61;En Riesgo;0.82;0.18;48;11;6
C003173;51;Arauca;15;11;1621.33;428031.71;Activo;0.31;0.69;53;9;16
C003174;69;Quibd√≥;29;20;2422.02;1162569.28;Activo;0.57;0.43;8;11;66
C003175;29;Cali;3;15;2904.51;1045623.09;Activo;0.65;0.35;13;4;71
C003176;22;Popay√°n;12;13;2004.03;625255.9;Activo;0.51;0.49;54;11;73
C003177;26;Sincelejo;12;8;2734.98;525116.76;Activo;0.34;0.66;16;10;87
C003178;20;Medell√≠n;34;3;1008.68;72624.79;En Riesgo;0.81;0.19;54;11;57
C003179;67;C√∫cuta;10;10;2121.19;509086.41;Activo;0.79;0.21;35;11;42
C003180;43;Armenia;32;3;936.25;67409.96;En Riesgo;0.44;0.56;47;6;58
C003181;60;Sincelejo;298;1;1016.57;24397.66;Dormido;0.52;0.48;48;11;51
C003182;52;Sincelejo;59;5;1295.95;155513.4;En Riesgo;0.46;0.54;20;8;76
C003183;61;Tulu√°;307;1;84.64;20313.55;Dormido;0.93;0.07;37;3;87
C003184;28;Yopal;99;1;435.31;10447.44;Dormido;0.83;0.17;51;8;76
C003185;38;Arauca;243;2;1016.35;48784.82;Dormido;0.62;0.38;6;5;47
C003186;40;Bucaramanga;19;15;2917.23;1050201.61;Activo;0.71;0.29;16;9;71
C003187;65;Popay√°n;104;2;453.07;21747.56;Dormido;0.89;0.11;34;8;58
C003188;20;Pereira;85;4;670.35;64354.02;En Riesgo;0.71;0.29;20;4;3
C003189;21;Manizales;74;3;133.71;96271;En Riesgo;0.62;0.38;32;6;35
C003190;51;Barranquilla;279;1;767.16;18411.76;Dormido;0.91;0.09;53;3;59
C003191;47;Pasto;96;2;575.95;27645.8;Dormido;0.67;0.33;34;9;47
C003192;31;Valledupar;175;1;538.05;12913.15;Dormido;0.63;0.37;38;5;65
C003193;53;Villavicencio;22;21;2652.37;1336792.94;Activo;0.48;0.52;6;7;9
C003194;42;Barranquilla;14;19;2249.77;1025895.14;Activo;0.75;0.25;36;5;90
C003195;26;Villavicencio;100;2;906.12;43493.9;Dormido;0.82;0.18;45;8;24
C003196;20;San Andr√©s;22;9;2783.98;601339.4;Activo;0.67;0.33;48;9;60
C003197;39;Mocoa;60;6;917.67;132143.87;En Riesgo;0.44;0.56;35;9;16
C003198;39;Florencia;29;15;2174.28;782742.45;Activo;0.64;0.36;57;4;59
C003199;48;Medell√≠n;239;2;196.56;9435.1;Dormido;0.64;0.36;27;7;40
C003200;26;Villavicencio;29;12;1610.05;463693.92;Activo;0.56;0.44;22;5;17
C003201;68;Bogot√°;85;3;684.97;49318.06;En Riesgo;0.51;0.49;11;4;66
C003202;24;Puerto Carre√±o;4;8;2073.39;398090.95;Activo;0.5;0.5;7;8;48
C003203;38;Cartagena;8;14;2567.32;862619.5;Activo;0.32;0.68;52;8;41
C003204;57;Leticia;77;6;1529.32;220222.31;En Riesgo;0.44;0.56;18;3;3
C003205;46;Barranquilla;88;7;479.29;80520.32;En Riesgo;0.5;0.5;20;7;98
C003206;24;Barranquilla;15;12;3182.05;916430.22;Activo;0.43;0.57;12;3;46
C003207;39;Arauca;45;5;1200.56;144067.29;En Riesgo;0.79;0.21;33;10;51
C003208;74;San Andr√©s;68;3;802.92;57810.25;En Riesgo;0.61;0.39;24;4;62
C003209;60;Bogot√°;178;2;671.99;32255.42;Dormido;0.65;0.35;25;9;85
C003210;21;San Andr√©s;318;2;589.08;28275.65;Dormido;0.92;0.08;44;8;58
C003211;24;Bucaramanga;12;20;2594.75;1245478.69;Activo;0.71;0.29;47;4;95
C003212;31;Armenia;308;2;723.42;34724.25;Dormido;0.93;0.07;36;9;41
C003213;26;Leticia;68;3;1317.43;94854.98;En Riesgo;0.52;0.48;8;9;98
C003214;25;Armenia;87;4;673.47;64653.42;En Riesgo;0.42;0.58;7;7;12
C003215;51;Medell√≠n;43;5;766.24;91948.37;En Riesgo;0.83;0.17;24;5;35
C003216;63;Medell√≠n;244;1;353.38;8481.2;Dormido;0.55;0.45;19;5;1
C003217;52;Cali;59;3;1171.33;84336.07;En Riesgo;0.73;0.27;24;8;19
C003218;68;Puerto Vallejo;14;11;2755.02;727324.12;Activo;0.73;0.27;6;8;46
C003219;30;Florencia;3;9;2568.08;554705.74;Activo;0.67;0.33;57;10;38
C003220;37;Yopal;24;20;2970.96;1426061.7;Activo;0.36;0.64;17;4;75
C003221;25;Quibd√≥;79;6;1201.77;173055.22;En Riesgo;0.71;0.29;21;9;78
C003222;45;Puerto Carre√±o;43;4;1639.56;157397.33;En Riesgo;0.6;0.4;23;9;20
C003223;57;Manizales;9;20;2652.65;1273271.27;Activo;0.65;0.35;43;6;1
C003224;52;Cartagena;29;19;1328.62;605852.91;Activo;0.46;0.54;59;9;49
C003225;72;Quibd√≥;38;4;1091.05;104740.69;En Riesgo;0.54;0.46;32;9;24
C003226;18;Pasto;25;17;2383.19;972339.82;Activo;0.58;0.42;29;8;22
C003227;68;Mocoa;6;10;2847.56;683415.43;Activo;0.52;0.48;12;9;32
C003228;73;Yopal;180;1;472.77;11346.39;Dormido;0.83;0.17;50;3;38
C003229;45;Riohacha;8;22;280.16;1479244.89;Activo;0.58;0.42;47;6;8
C003230;47;Monter√≠a;38;6;1196.19;172250.77;En Riesgo;0.87;0.13;16;7;1
C003231;51;San Andr√©s;83;4;1225.83;117679.62;En Riesgo;0.85;0.15;11;7;36
C003232;51;Ibagu√©;86;3;1017.42;73254.41;En Riesgo;0.54;0.46;41;6;16
C003233;43;Mocoa;362;2;477.74;22931.38;Dormido;0.59;0.41;24;7;91
C003234;43;Puerto Carre√±o;11;10;1500.03;360008.17;Activo;0.42;0.58;22;7;83
C003235;34;Manizales;46;6;1234.81;177813.16;En Riesgo;0.62;0.38;24;9;91
C003236;25;Cartagena;17;13;1537.92;479831.71;Activo;0.65;0.35;48;4;49
C003237;31;Popay√°n;12;11;2287.26;603835.74;Activo;0.53;0.47;13;11;74
C003238;65;Manizales;48;6;1137.53;163804.53;En Riesgo;0.61;0.39;26;11;43
C003239;18;Cartagena;81;7;1171.32;196781.46;En Riesgo;0.74;0.26;45;3;64
C003240;32;Barranquilla;15;14;2571.39;863986.55;Activo;0.58;0.42;46;7;77
C003241;27;Villavicencio;134;1;832.82;19987.74;Dormido;0.69;0.31;31;9;16
C003242;61;Villavicencio;27;18;2516.41;1087089.01;Activo;0.44;0.56;55;3;19
C003243;63;Santa Marta;277;1;75.06;18014.38;Dormido;0.61;0.39;37;6;42
C003244;71;Puerto Carre√±o;69;4;1044.84;100305;En Riesgo;0.87;0.13;24;9;40
C003245;34;Riohacha;8;18;2075.96;896813.21;Activo;0.58;0.42;11;9;74
C003246;40;Medell√≠n;12;15;3039.11;1094078.8;Activo;0.43;0.57;8;9;4
C003247;22;Puerto Carre√±o;12;12;245.19;706146.6;Activo;0.75;0.25;23;8;34
C003248;21;In√≠rida;65;4;1492.99;143326.8;En Riesgo;0.63;0.37;38;8;58
C003249;68;Barranquilla;228;1;649.24;15581.72;Dormido;0.92;0.08;39;4;94
C003250;58;Florencia;319;2;928.64;44574.59;Dormido;0.75;0.25;15;3;29
C003251;57;San Andr√©s;8;14;228.27;766988.69;Activo;0.46;0.54;32;6;43
C003252;51;Tulu√°;180;2;796.94;38253.32;Dormido;0.54;0.46;32;6;3
C003253;43;Yopal;332;1;430.65;10335.69;Dormido;0.6;0.4;30;3;66
C003254;40;Cali;256;2;420.55;20186.42;Dormido;0.55;0.45;59;10;54
C003255;49;Puerto Carre√±o;84;6;1272.49;183238.12;En Riesgo;0.51;0.49;7;8;7
C003256;70;Armenia;10;14;226.08;759630.27;Activo;0.64;0.36;47;10;32
C003257;43;Puerto Vallejo;78;6;1138.13;163890.26;En Riesgo;0.89;0.11;46;4;43
C003258;29;Quibd√≥;62;5;1424.84;170981.26;En Riesgo;0.71;0.29;42;6;65
C003259;44;Pereira;54;7;766.08;128701.98;En Riesgo;0.46;0.54;20;8;10
C003260;55;Sincelejo;97;2;681.59;32716.37;Dormido;0.77;0.23;19;6;94
C003261;37;Mocoa;79;7;1857.36;312036.2;En Riesgo;0.43;0.57;30;4;35
C003262;38;Manizales;283;1;658.09;15794.07;Dormido;0.62;0.38;31;8;66
C003263;38;Cartagena;5;13;2214.27;690851.48;Activo;0.65;0.35;20;6;18
C003264;36;Yopal;29;15;2845.37;1024333.57;Activo;0.57;0.43;59;11;20
C003265;29;Popay√°n;27;10;2911.96;698870.97;Activo;0.68;0.32;21;9;20
C003266;45;Valledupar;3;21;2763.62;1392866.49;Activo;0.57;0.43;8;8;3
C003267;40;Medell√≠n;3;20;2144.19;1029208.93;Activo;0.7;0.3;8;8;32
C003268;30;Santa Marta;352;1;369.09;8858.28;Dormido;0.62;0.38;18;5;8
C003269;28;Villavicencio;61;4;1045.35;100353.67;En Riesgo;0.75;0.25;52;3;64
C003270;66;Quibd√≥;3;10;2792.38;670171.16;Activo;0.76;0.24;41;10;3
C003271;50;C√∫cuta;11;10;2790.77;669785.94;Activo;0.3;0.7;8;5;32
C003272;74;Ibagu√©;317;1;69.28;16627.28;Dormido;0.51;0.49;23;5;58
C003273;29;Riohacha;343;1;562.17;13492.15;Dormido;0.91;0.09;20;10;12
C003274;64;Pereira;8;17;2256.22;920539.34;Activo;0.36;0.64;29;8;17
C003275;20;Florencia;24;23;311.41;1718984.26;Activo;0.34;0.66;12;4;73
C003276;34;Medell√≠n;11;19;1902.72;867639.07;Activo;0.58;0.42;22;5;55
C003277;34;Pasto;16;11;2789.81;736509.43;Activo;0.57;0.43;9;11;13
C003278;60;Quibd√≥;316;2;457.11;21941.11;Dormido;0.77;0.23;6;3;71
C003279;47;Armenia;25;11;2630.01;694321.38;Activo;0.58;0.42;45;9;54
C003280;74;Tulu√°;360;2;536.03;25729.29;Dormido;0.85;0.15;6;6;45
C003281;24;Villavicencio;70;3;1528.79;110073.05;En Riesgo;0.5;0.5;7;3;1
C003282;57;Santa Marta;58;6;1388.53;199948.01;En Riesgo;0.47;0.53;27;4;13
C003283;30;Bogot√°;4;23;1631.19;900416.88;Activo;0.56;0.44;44;11;66
C003284;23;Quibd√≥;72;6;1297.03;186772.9;En Riesgo;0.72;0.28;27;4;53
C003285;69;Bogot√°;2;13;2763.73;862284.23;Activo;0.7;0.3;46;3;20
C003286;44;Santa Marta;10;20;1446.89;694509.26;Activo;0.54;0.46;12;11;48
C003287;48;Sincelejo;7;14;2835.75;952813.19;Activo;0.61;0.39;38;7;87
C003288;22;Sincelejo;351;2;639.46;30694.16;Dormido;0.71;0.29;59;10;27
C003289;27;Bucaramanga;42;7;1274.92;214186.53;En Riesgo;0.55;0.45;46;7;42
C003290;20;Santa Marta;11;22;2503.34;1321765.33;Activo;0.48;0.52;48;3;87
C003291;70;C√∫cuta;27;13;2220.24;692714.45;Activo;0.79;0.21;40;4;49
C003292;26;Pasto;46;6;1259.13;181314.03;En Riesgo;0.68;0.32;42;3;66
C003293;44;Leticia;29;22;315.99;1668427.45;Activo;0.54;0.46;44;6;97
C003294;30;Villavicencio;19;10;2314.43;555464.37;Activo;0.75;0.25;43;11;87
C003295;40;Bogot√°;53;6;1392.17;200473.14;En Riesgo;0.53;0.47;59;9;13
C003296;51;Valledupar;6;17;217.65;888012.99;Activo;0.35;0.65;53;5;29
C003297;71;Medell√≠n;46;5;1251.82;150217.93;En Riesgo;0.42;0.58;38;7;38
C003298;32;Bogot√°;80;7;1108.36;186204.98;En Riesgo;0.4;0.6;24;7;57
C003299;34;Bucaramanga;289;1;551.68;13240.22;Dormido;0.79;0.21;6;10;42
C003300;24;Manizales;330;1;915.95;21982.75;Dormido;0.61;0.39;56;9;46
C003301;18;Popay√°n;26;21;2544.01;1282178.87;Activo;0.55;0.45;56;6;34
C003302;74;Florencia;17;12;1516.86;436856.53;Activo;0.79;0.21;14;6;79
C003303;20;Santa Marta;67;6;1779.95;256312.86;En Riesgo;0.59;0.41;29;5;15
C003304;63;Popay√°n;3;15;2391.17;860821.16;Activo;0.67;0.33;56;6;34
C003305;33;Arauca;75;7;1471.15;247153.67;En Riesgo;0.5;0.5;36;4;40
C003306;53;Mocoa;85;4;1357.97;130365.4;En Riesgo;0.62;0.38;55;4;27
C003307;33;San Andr√©s;3;17;23.5;958798.06;Activo;0.5;0.5;33;7;35
C003308;74;Ibagu√©;15;16;284.65;1093056.94;Activo;0.36;0.64;54;7;64
C003309;30;Cali;305;2;516.71;24801.99;Dormido;0.62;0.38;55;6;88
C003310;51;Cali;58;7;1088.48;182864.99;En Riesgo;0.45;0.55;27;7;26
C003311;59;Florencia;43;6;1174.33;169103.85;En Riesgo;0.57;0.43;59;11;95
C003312;65;Popay√°n;190;1;616.65;14799.52;Dormido;0.66;0.34;29;10;60
C003313;47;Mocoa;74;7;1165.72;195840.99;En Riesgo;0.73;0.27;47;11;67
C003314;56;Leticia;292;1;468.97;11255.24;Dormido;0.68;0.32;47;8;10
C003315;42;Mocoa;12;23;1883.17;1039511.79;Activo;0.54;0.46;24;5;28
C003316;55;Puerto Carre√±o;86;4;1055.95;101371.64;En Riesgo;0.53;0.47;21;4;40
C003317;20;Cali;295;1;50.82;12196.83;Dormido;0.58;0.42;35;4;65
C003318;63;Sincelejo;9;9;275.03;594063.98;Activo;0.61;0.39;21;4;27
C003319;63;Puerto Carre√±o;9;12;1738.61;500720.14;Activo;0.47;0.53;27;10;73
C003320;48;Armenia;24;13;2338.99;729765.3;Activo;0.31;0.69;42;9;24
C003321;22;Sincelejo;243;1;497.11;11930.57;Dormido;0.65;0.35;25;8;10
C003322;38;Quibd√≥;27;22;2607.49;1376757.31;Activo;0.7;0.3;25;11;94
C003323;46;Yopal;7;8;2154.77;413716.58;Activo;0.78;0.22;46;7;51
C003324;40;Riohacha;54;3;1093.83;78755.79;En Riesgo;0.43;0.57;27;10;83
C003325;48;Ibagu√©;206;2;506.54;24313.86;Dormido;0.65;0.35;48;5;10
C003326;39;Puerto Vallejo;275;1;569.46;13667.04;Dormido;0.74;0.26;37;11;44
C003327;68;Quibd√≥;213;2;575.53;27625.54;Dormido;0.79;0.21;55;10;30
C003328;38;Tulu√°;13;19;2536.78;1156770.76;Activo;0.53;0.47;31;8;37
C003329;72;Ibagu√©;40;5;1312.61;157513.39;En Riesgo;0.6;0.4;56;3;71
C003330;27;Arauca;354;1;559.95;13438.91;Dormido;0.79;0.21;40;11;71
C003331;42;Tulu√°;25;15;2679.78;964722.29;Activo;0.3;0.7;48;5;43
C003332;53;Ibagu√©;230;2;700.27;33612.79;Dormido;0.73;0.27;27;11;55
C003333;55;Arauca;339;2;537.01;25776.32;Dormido;0.83;0.17;43;10;70
C003334;51;Medell√≠n;66;5;1525.24;183028.71;En Riesgo;0.89;0.11;12;4;19
C003335;57;Arauca;82;3;1499.23;107944.64;En Riesgo;0.55;0.45;21;11;31
C003336;70;Bucaramanga;56;3;1408.55;101415.64;En Riesgo;0.52;0.48;17;9;80
C003337;18;Mocoa;12;13;2940.47;917427.34;Activo;0.4;0.6;11;9;90
C003338;50;Pereira;354;2;620.77;29796.87;Dormido;0.6;0.4;12;11;58
C003339;65;Cali;18;21;2551.83;1286120.81;Activo;0.52;0.48;54;5;74
C003340;52;Puerto Vallejo;69;3;855.49;61595.53;En Riesgo;0.83;0.17;32;4;4
C003341;65;Bogot√°;48;5;1423.97;170876.96;En Riesgo;0.65;0.35;34;5;82
C003342;55;Bogot√°;9;20;2761.83;1325676.14;Activo;0.52;0.48;55;11;32
C003343;37;Pereira;18;8;2504.21;480807.42;Activo;0.71;0.29;52;9;37
C003344;42;Villavicencio;4;8;2882.38;553416.56;Activo;0.36;0.64;42;4;91
C003345;66;Riohacha;215;1;914.27;21942.52;Dormido;0.75;0.25;31;11;91
C003346;53;Medell√≠n;52;4;1448.01;139009.08;En Riesgo;0.72;0.28;51;6;99
C003347;40;Puerto Carre√±o;25;22;3257.87;1720156.38;Activo;0.44;0.56;44;10;75
C003348;36;Puerto Vallejo;6;14;283.25;951720.34;Activo;0.63;0.37;52;5;33
C003349;28;Sincelejo;4;16;3275.08;1257629.98;Activo;0.51;0.49;54;3;33
C003350;46;Villavicencio;75;5;1362.97;163556.26;En Riesgo;0.44;0.56;55;3;7
C003351;48;C√∫cuta;183;1;537.85;12908.4;Dormido;0.74;0.26;41;10;64
C003352;58;San Andr√©s;66;3;1121.81;80770.41;En Riesgo;0.56;0.44;43;3;57
C003353;40;Cali;64;6;1592.78;229359.73;En Riesgo;0.67;0.33;16;8;47
C003354;21;Arauca;115;2;212.42;10196.36;Dormido;0.78;0.22;57;7;69
C003355;34;Tulu√°;184;2;462.57;22203.19;Dormido;0.94;0.06;25;6;49
C003356;46;Puerto Vallejo;28;15;1759.54;633433.56;Activo;0.59;0.41;8;9;2
C003357;48;San Andr√©s;8;14;2403.77;807667.53;Activo;0.37;0.63;40;5;55
C003358;62;San Andr√©s;23;13;2949.94;920382.48;Activo;0.43;0.57;26;7;5
C003359;20;San Andr√©s;29;11;1352.38;357028.52;Activo;0.78;0.22;6;7;66
C003360;54;Cartagena;1;15;292.55;1053179.68;Activo;0.38;0.62;39;9;26
C003361;45;Monter√≠a;72;4;1337.13;128364.89;En Riesgo;0.8;0.2;31;4;78
C003362;43;Bucaramanga;108;1;587.91;14109.86;Dormido;0.77;0.23;22;3;2
C003363;42;Cartagena;220;1;312.03;7488.83;Dormido;0.76;0.24;11;4;82
C003364;74;In√≠rida;38;5;990.14;118816.96;En Riesgo;0.88;0.12;32;3;8
C003365;35;Ibagu√©;7;20;3586.86;1721691.22;Activo;0.76;0.24;15;7;52
C003366;51;Ibagu√©;6;17;2460.75;1003987.61;Activo;0.36;0.64;51;10;76
C003367;61;Pasto;36;4;106.74;102470.6;En Riesgo;0.56;0.44;18;9;47
C003368;50;Yopal;14;21;2236.43;1127159.12;Activo;0.62;0.38;59;11;88
C003369;71;Cali;315;1;635.95;15262.77;Dormido;0.59;0.41;36;10;14
C003370;36;C√∫cuta;5;13;2220.71;692862.29;Activo;0.39;0.61;32;3;95
C003371;67;Barranquilla;67;5;1120.61;134472.82;En Riesgo;0.79;0.21;31;11;90
C003372;43;Puerto Vallejo;18;8;1798.07;345229.69;Activo;0.38;0.62;29;7;79
C003373;18;Santa Marta;143;2;640.88;30762.31;Dormido;0.75;0.25;56;3;40
C003374;29;Ibagu√©;117;1;731.73;17561.47;Dormido;0.66;0.34;57;4;5
C003375;56;Tulu√°;47;6;1372.81;197683.93;En Riesgo;0.43;0.57;58;8;97
C003376;40;Santa Marta;17;18;1927.23;832564.89;Activo;0.38;0.62;52;7;19
C003377;47;Ibagu√©;156;1;519.39;12465.25;Dormido;0.67;0.33;20;6;73
C003378;66;Puerto Carre√±o;134;1;876.83;21043.88;Dormido;0.93;0.07;6;9;56
C003379;62;Florencia;52;3;128.71;92671.46;En Riesgo;0.55;0.45;24;5;15
C003380;32;Sincelejo;21;10;238.04;571295.25;Activo;0.68;0.32;41;7;89
C003381;58;Sincelejo;25;11;1622.73;428399.86;Activo;0.32;0.68;55;7;6
C003382;23;Monter√≠a;281;1;68.67;16480.72;Dormido;0.63;0.37;56;4;30
C003383;33;Monter√≠a;24;10;2762.76;663062.19;Activo;0.55;0.45;36;11;20
C003384;55;Arauca;154;1;630.42;15130.02;Dormido;0.87;0.13;33;10;0
C003385;67;Bucaramanga;65;3;1464.73;105460.74;En Riesgo;0.89;0.11;13;3;93
C003386;32;Valledupar;74;4;1231.62;118235.07;En Riesgo;0.54;0.46;48;11;63
C003387;73;Pasto;63;4;1203.15;115501.97;En Riesgo;0.44;0.56;44;10;92
C003388;50;Bucaramanga;36;7;1734.07;291323.28;En Riesgo;0.59;0.41;43;10;33
C003389;42;Villavicencio;60;4;1053.54;101139.93;En Riesgo;0.46;0.54;32;5;27
C003390;22;Ibagu√©;89;7;784.55;131804.84;En Riesgo;0.5;0.5;27;10;91
C003391;26;Florencia;257;2;192.33;9232.01;Dormido;0.92;0.08;57;5;95
C003392;55;C√∫cuta;3;8;2944.07;565262.19;Activo;0.38;0.62;27;11;83
C003393;41;Villavicencio;84;4;1479.41;142022.95;En Riesgo;0.69;0.31;37;5;45
C003394;60;Arauca;72;3;1268.74;91349.15;En Riesgo;0.66;0.34;36;3;2
C003395;49;Florencia;133;1;283.08;6794.03;Dormido;0.61;0.39;20;5;25
C003396;43;Santa Marta;28;17;2633.77;1074578.57;Activo;0.59;0.41;21;7;95
C003397;48;Cali;28;19;2694.26;1228582.99;Activo;0.47;0.53;8;7;97
C003398;45;Manizales;4;17;2253.48;919418.37;Activo;0.45;0.55;59;11;25
C003399;66;San Andr√©s;27;22;3311.79;1748627.33;Activo;0.62;0.38;31;7;72
C003400;37;Yopal;54;3;1624.82;116987.32;En Riesgo;0.86;0.14;49;11;71
C003401;19;Popay√°n;21;10;2588.68;621282.44;Activo;0.46;0.54;58;9;65
C003402;31;Monter√≠a;32;5;1386.53;166383.38;En Riesgo;0.56;0.44;56;3;37
C003403;62;Bogot√°;59;6;1192.05;171655.13;En Riesgo;0.55;0.45;24;3;97
C003404;50;Cartagena;55;3;1141.64;82197.84;En Riesgo;0.45;0.55;28;4;3
C003405;58;Mocoa;14;16;2275.43;873763.95;Activo;0.67;0.33;20;4;28
C003406;70;Riohacha;53;4;1605.07;154087.02;En Riesgo;0.9;0.1;33;4;60
C003407;35;Mocoa;40;3;976.44;70303.62;En Riesgo;0.73;0.27;11;8;80
C003408;33;Leticia;348;1;834.07;20017.65;Dormido;0.53;0.47;46;11;12
C003409;61;Puerto Carre√±o;31;7;706.08;118620.94;En Riesgo;0.84;0.16;41;7;58
C003410;41;Puerto Vallejo;293;2;705.48;33863.01;Dormido;0.58;0.42;57;6;44
C003411;54;Yopal;88;7;931.32;156461.49;En Riesgo;0.77;0.23;34;6;4
C003412;32;Florencia;322;1;836.33;20072.01;Dormido;0.52;0.48;49;5;96
C003413;58;Bogot√°;32;5;1137.35;136481.99;En Riesgo;0.76;0.24;59;8;64
C003414;30;Manizales;345;2;291.23;13979.09;Dormido;0.76;0.24;43;9;49
C003415;39;Medell√≠n;53;7;1570.66;263870.79;En Riesgo;0.82;0.18;6;7;95
C003416;53;Barranquilla;12;17;2724.12;1111440.07;Activo;0.73;0.27;26;8;75
C003417;40;Barranquilla;22;21;1475.57;743685.42;Activo;0.42;0.58;33;8;69
C003418;27;Arauca;37;7;1045.45;175636.05;En Riesgo;0.54;0.46;11;6;71
C003419;49;Florencia;78;7;1311.12;220267.65;En Riesgo;0.77;0.23;52;9;74
C003420;51;Mocoa;23;12;1900.89;547457.12;Activo;0.41;0.59;25;6;28
C003421;57;Cartagena;11;8;3048.51;585313.23;Activo;0.6;0.4;18;9;23
C003422;18;C√∫cuta;12;21;2772.25;1397215.49;Activo;0.79;0.21;36;3;51
C003423;56;Manizales;29;21;1702.57;858095.52;Activo;0.55;0.45;23;8;55
C003424;28;Yopal;23;16;2392.84;918852.27;Activo;0.66;0.34;24;6;2
C003425;50;Puerto Vallejo;34;5;1639.59;196751.01;En Riesgo;0.47;0.53;47;10;21
C003426;29;Santa Marta;27;8;2728.43;523858.25;Activo;0.47;0.53;42;3;0
C003427;69;Pereira;2;16;2932.89;1126228.23;Activo;0.46;0.54;24;8;43
C003428;67;Leticia;6;12;2858.36;823208.32;Activo;0.7;0.3;50;11;89
C003429;45;Villavicencio;25;12;2667.68;768292.63;Activo;0.57;0.43;27;5;20
C003430;21;Cartagena;46;3;1398.36;100681.67;En Riesgo;0.86;0.14;48;11;23
C003431;29;Cartagena;27;15;2159.79;777522.82;Activo;0.36;0.64;10;3;9
C003432;71;Riohacha;311;1;67.41;16178.3;Dormido;0.81;0.19;22;7;65
C003433;42;Valledupar;8;21;2976.31;1500062.54;Activo;0.57;0.43;33;3;96
C003434;27;Monter√≠a;4;23;2170.97;1198377.61;Activo;0.4;0.6;46;10;29
C003435;21;Medell√≠n;3;21;2042.71;1029524.29;Activo;0.53;0.47;16;9;86
C003436;70;Cartagena;278;2;1;4800;Dormido;0.53;0.47;28;3;81
C003437;54;San Andr√©s;17;14;341.39;1147071.2;Activo;0.78;0.22;34;3;69
C003438;57;San Andr√©s;25;10;2138.03;513127.96;Activo;0.52;0.48;17;8;43
C003439;62;Medell√≠n;9;16;3189.62;1224815.89;Activo;0.33;0.67;27;6;14
C003440;64;Valledupar;39;4;1027.35;98625.78;En Riesgo;0.72;0.28;54;11;34
C003441;52;Florencia;75;3;975.81;70258.55;En Riesgo;0.41;0.59;14;7;31
C003442;35;Cartagena;52;7;1496.17;251356.88;En Riesgo;0.85;0.15;31;6;90
C003443;40;Riohacha;8;21;2239.68;1128798.15;Activo;0.46;0.54;17;6;36
C003444;46;Villavicencio;70;7;1532.78;257506.72;En Riesgo;0.69;0.31;48;4;88
C003445;31;Cali;60;4;878.61;84346.42;En Riesgo;0.54;0.46;11;9;16
C003446;52;In√≠rida;29;11;189.35;499883.64;Activo;0.73;0.27;52;7;50
C003447;34;Riohacha;70;3;1836.07;132197.26;En Riesgo;0.56;0.44;57;5;22
C003448;57;Sincelejo;68;4;1065.53;102290.56;En Riesgo;0.4;0.6;46;7;53
C003449;61;Manizales;51;3;969.26;69786.92;En Riesgo;0.54;0.46;34;7;64
C003450;31;Manizales;25;9;174.61;377157.65;Activo;0.74;0.26;41;4;50
C003451;24;Armenia;12;17;3830.16;1562704.32;Activo;0.8;0.2;51;11;54
C003452;59;Cali;43;5;1292.09;155051.02;En Riesgo;0.49;0.51;24;9;90
C003453;44;In√≠rida;2;18;2157.59;932078.84;Activo;0.49;0.51;32;11;97
C003454;51;Medell√≠n;2;10;2593.73;622496.2;Activo;0.5;0.5;56;4;20
C003455;27;Florencia;70;6;1027.23;147920.81;En Riesgo;0.82;0.18;50;5;64
C003456;18;Pereira;80;4;732.87;70355.81;En Riesgo;0.56;0.44;33;9;64
C003457;31;Santa Marta;183;1;746.38;17913.11;Dormido;0.56;0.44;30;6;49
C003458;42;Mocoa;13;23;2324.72;1283247.02;Activo;0.56;0.44;20;6;55
C003459;43;Ibagu√©;14;19;2206.47;1006152.15;Activo;0.48;0.52;6;8;40
C003460;61;Pereira;77;6;1557.26;224245.63;En Riesgo;0.49;0.51;23;8;16
C003461;72;Leticia;263;2;864.01;41472.34;Dormido;0.61;0.39;42;5;97
C003462;55;Villavicencio;4;12;2266.92;652873.1;Activo;0.65;0.35;36;3;43
C003463;51;Sincelejo;238;1;413.58;9925.85;Dormido;0.6;0.4;52;4;14
C003464;40;Barranquilla;110;2;409.51;19656.68;Dormido;0.93;0.07;17;9;94
C003465;20;Armenia;1;20;2755.58;1322680.72;Activo;0.67;0.33;8;8;90
C003466;21;Villavicencio;47;3;956.13;68841.13;En Riesgo;0.65;0.35;45;9;12
C003467;51;In√≠rida;331;1;49.05;11771.94;Dormido;0.89;0.11;9;7;30
C003468;62;Popay√°n;51;5;1127.38;135286.02;En Riesgo;0.66;0.34;14;7;65
C003469;33;San Andr√©s;67;7;1053.56;176998.59;En Riesgo;0.65;0.35;16;9;82
C003470;59;Cartagena;22;14;256.69;862478.04;Activo;0.75;0.25;42;4;11
C003471;61;Villavicencio;142;1;730.63;17535.14;Dormido;0.81;0.19;14;7;29
C003472;55;Manizales;74;3;1225.06;88204.03;En Riesgo;0.51;0.49;25;7;1
C003473;69;Barranquilla;8;16;1783.82;684988.16;Activo;0.72;0.28;53;7;88
C003474;70;Pasto;12;9;3179.31;686730.8;Activo;0.7;0.3;55;7;36
C003475;72;Barranquilla;18;15;2977.28;1071822.17;Activo;0.41;0.59;40;3;75
C003476;53;Arauca;8;19;2060.03;939374.67;Activo;0.67;0.33;9;5;73
C003477;32;Bogot√°;9;12;2474.12;712547.92;Activo;0.71;0.29;45;4;51
C003478;46;Arauca;61;6;1568.96;225930.53;En Riesgo;0.71;0.29;24;5;30
C003479;44;Leticia;44;4;688.23;66070.32;En Riesgo;0.7;0.3;22;6;67
C003480;56;San Andr√©s;19;23;1884.18;1040069.81;Activo;0.62;0.38;42;7;2
C003481;67;Florencia;71;5;1493.22;179185.96;En Riesgo;0.7;0.3;35;5;17
C003482;66;Bogot√°;56;5;1071.94;128633.13;En Riesgo;0.57;0.43;16;9;24
C003483;56;Valledupar;7;18;2285.52;987345.61;Activo;0.37;0.63;20;9;93
C003484;33;Tulu√°;3;19;285.72;1302882.99;Activo;0.33;0.67;24;7;48
C003485;18;San Andr√©s;108;2;409.33;19647.8;Dormido;0.87;0.13;35;4;47
C003486;67;Bogot√°;53;4;1009.33;96896.1;En Riesgo;0.73;0.27;21;11;93
C003487;19;C√∫cuta;13;20;2362.55;1134022.35;Activo;0.73;0.27;45;11;48
C003488;20;Pereira;36;6;178.33;256795.59;En Riesgo;0.81;0.19;24;9;90
C003489;62;Armenia;50;6;1224.09;176268.65;En Riesgo;0.88;0.12;35;8;59
C003490;60;Pasto;7;10;983.34;236000.5;Activo;0.58;0.42;36;3;52
C003491;55;Armenia;176;2;55.93;26846.35;Dormido;0.85;0.15;29;9;46
C003492;71;Mocoa;86;7;1379.27;231718.14;En Riesgo;0.74;0.26;23;10;82
C003493;71;Barranquilla;48;3;1151.96;82941.14;En Riesgo;0.84;0.16;50;10;34
C003494;56;Yopal;60;7;838.08;140797.83;En Riesgo;0.66;0.34;34;6;49
C003495;74;Riohacha;54;6;1368.02;196994.4;En Riesgo;0.75;0.25;40;9;54
C003496;41;Santa Marta;350;1;660.34;15848.17;Dormido;0.51;0.49;11;6;13
C003497;65;Quibd√≥;12;16;2328.02;893961.08;Activo;0.4;0.6;33;8;29
C003498;35;Armenia;66;4;1013.46;97291.82;En Riesgo;0.88;0.12;16;6;34
C003499;20;Barranquilla;145;2;666.25;31979.95;Dormido;0.59;0.41;22;9;65
C003500;57;Santa Marta;336;1;726.71;17441.16;Dormido;0.69;0.31;49;6;70
C003501;29;Popay√°n;22;9;2657.96;574119.21;Activo;0.32;0.68;42;4;2
C003502;35;Armenia;7;20;2192.95;1052614.6;Activo;0.76;0.24;19;11;39
C003503;41;Monter√≠a;67;5;1114.31;133717.55;En Riesgo;0.83;0.17;47;6;73
C003504;37;C√∫cuta;310;1;514.66;12351.82;Dormido;0.58;0.42;11;3;18
C003505;51;In√≠rida;17;8;2080.08;399375.15;Activo;0.55;0.45;49;9;8
C003506;63;C√∫cuta;3;17;2967.13;1210587.82;Activo;0.34;0.66;24;11;44
C003507;49;San Andr√©s;74;7;896.09;150543.58;En Riesgo;0.67;0.33;19;3;68
C003508;70;Valledupar;69;6;1058.51;152426.1;En Riesgo;0.53;0.47;6;6;11
C003509;61;Cali;67;6;965.27;138998.3;En Riesgo;0.74;0.26;11;10;62
C003510;36;Bucaramanga;46;3;1228.64;88462.42;En Riesgo;0.7;0.3;55;6;31
C003511;26;Medell√≠n;242;2;962.39;46194.95;Dormido;0.75;0.25;43;9;24
C003512;66;Barranquilla;55;4;908.17;87184.49;En Riesgo;0.52;0.48;9;5;61
C003513;42;Riohacha;85;3;1213.16;87347.53;En Riesgo;0.65;0.35;24;4;69
C003514;44;Bogot√°;65;5;1380.34;165641.15;En Riesgo;0.59;0.41;45;4;34
C003515;55;Puerto Vallejo;28;18;1868.85;807344.2;Activo;0.46;0.54;52;4;27
C003516;28;Armenia;87;4;1167.28;112058.63;En Riesgo;0.6;0.4;20;6;22
C003517;37;Arauca;46;7;12.97;217895.2;En Riesgo;0.47;0.53;45;8;17
C003518;18;Monter√≠a;312;2;564.05;27074.47;Dormido;0.67;0.33;33;9;83
C003519;45;Manizales;83;3;1041.12;74960.86;En Riesgo;0.57;0.43;22;7;72
C003520;39;Arauca;168;1;367.05;8809.25;Dormido;0.92;0.08;57;11;47
C003521;32;Ibagu√©;81;3;1277.42;91974.14;En Riesgo;0.75;0.25;49;3;48
C003522;59;Florencia;185;2;821.95;39453.44;Dormido;0.91;0.09;16;8;52
C003523;23;Pasto;11;11;2143.11;565782.32;Activo;0.47;0.53;42;3;30
C003524;44;Santa Marta;20;12;276.22;795513.38;Activo;0.38;0.62;20;9;69
C003525;19;Pereira;78;5;978.76;117450.77;En Riesgo;0.7;0.3;6;4;86
C003526;43;Villavicencio;127;2;602.93;28940.79;Dormido;0.73;0.27;52;4;88
C003527;40;Arauca;19;20;2444.75;1173477.93;Activo;0.59;0.41;24;5;87
C003528;60;Villavicencio;108;2;364.69;17505.18;Dormido;0.8;0.2;36;5;68
C003529;34;Armenia;142;1;513.03;12312.73;Dormido;0.6;0.4;18;6;49
C003530;37;Popay√°n;36;4;119.57;114787.28;En Riesgo;0.5;0.5;48;3;92
C003531;71;Medell√≠n;31;7;1383.05;232352.22;En Riesgo;0.86;0.14;9;8;3
C003532;24;Pereira;330;2;798.84;38344.29;Dormido;0.88;0.12;53;3;22
C003533;19;Cali;183;2;863.62;41453.84;Dormido;0.59;0.41;44;10;65
C003534;24;Yopal;34;4;129.01;123849.54;En Riesgo;0.64;0.36;34;11;59
C003535;42;Sincelejo;1;9;2012.24;434644.56;Activo;0.74;0.26;13;7;36
C003536;72;Barranquilla;89;6;1170.28;168520.02;En Riesgo;0.41;0.59;20;8;60
C003537;40;Valledupar;5;20;2903.72;1393785.33;Activo;0.52;0.48;16;6;75
C003538;68;Bogot√°;48;5;709.93;85191.21;En Riesgo;0.66;0.34;45;8;3
C003539;27;Riohacha;56;4;670.33;64351.21;En Riesgo;0.84;0.16;28;11;70
C003540;69;Monter√≠a;32;6;1395.96;201017.79;En Riesgo;0.49;0.51;27;11;51
C003541;20;Armenia;84;6;1279.16;184199.19;En Riesgo;0.44;0.56;22;4;16
C003542;45;Tulu√°;16;13;2549.26;795368.79;Activo;0.51;0.49;41;6;49
C003543;39;Barranquilla;47;6;1682.34;242256.65;En Riesgo;0.68;0.32;21;7;43
C003544;61;Mocoa;194;1;288.72;6929.3;Dormido;0.71;0.29;27;6;65
C003545;67;Riohacha;21;8;3800.81;729754.56;Activo;0.64;0.36;18;8;78
C003546;55;Leticia;54;4;2222.09;213320.64;En Riesgo;0.74;0.26;13;11;29
C003547;61;Sincelejo;35;6;1216.81;175221.32;En Riesgo;0.69;0.31;50;8;60
C003548;37;Pasto;12;9;2268.91;490085.02;Activo;0.52;0.48;25;6;45
C003549;68;Ibagu√©;36;3;982.75;70757.93;En Riesgo;0.86;0.14;51;3;46
C003550;45;Mocoa;8;15;1995.53;718390.97;Activo;0.37;0.63;21;8;85
C003551;64;Yopal;54;4;108.95;104592.11;En Riesgo;0.64;0.36;12;7;84
C003552;36;Mocoa;37;4;1349.58;129559.97;En Riesgo;0.49;0.51;40;8;69
C003553;71;Manizales;27;12;1882.64;542199.43;Activo;0.58;0.42;12;10;31
C003554;60;Puerto Carre√±o;6;10;2271.53;545167.59;Activo;0.34;0.66;10;5;53
C003555;28;Ibagu√©;17;18;2619.19;1131489;Activo;0.58;0.42;15;6;20
C003556;40;Tulu√°;147;1;478.96;11495.02;Dormido;0.83;0.17;43;6;79
C003557;67;Puerto Carre√±o;13;10;2679.74;643136.86;Activo;0.56;0.44;24;11;43
C003558;48;Popay√°n;228;2;563.43;27044.77;Dormido;0.86;0.14;28;7;1
C003559;34;Yopal;208;1;273.32;6559.62;Dormido;0.63;0.37;26;3;15
C003560;28;Valledupar;1;13;3416.22;1065861.58;Activo;0.61;0.39;7;3;19
C003561;23;Ibagu√©;68;5;1071.68;128601.71;En Riesgo;0.83;0.17;35;6;61
C003562;23;Puerto Vallejo;107;1;672.01;16128.24;Dormido;0.64;0.36;38;3;3
C003563;46;Mocoa;78;5;102.17;122603.55;En Riesgo;0.72;0.28;32;4;67
C003564;22;Puerto Vallejo;81;3;180.81;130182.96;En Riesgo;0.61;0.39;53;11;21
C003565;50;Bogot√°;11;9;1567.98;338682.94;Activo;0.79;0.21;9;4;63
C003566;56;C√∫cuta;40;4;947.78;90986.98;En Riesgo;0.42;0.58;6;7;25
C003567;64;Bogot√°;14;22;2269.57;1198334.88;Activo;0.5;0.5;29;10;90
C003568;47;Cartagena;125;1;850.02;20400.41;Dormido;0.91;0.09;22;4;96
C003569;57;Manizales;71;7;1259.47;211591.23;En Riesgo;0.77;0.23;25;8;74
C003570;42;Mocoa;72;4;1187.55;114004.94;En Riesgo;0.43;0.57;29;5;40
C003571;29;Cali;35;3;825.57;59440.82;En Riesgo;0.58;0.42;44;4;86
C003572;30;Leticia;41;4;1132.72;108741.47;En Riesgo;0.63;0.37;50;11;76
C003573;39;Yopal;288;1;537.95;12910.77;Dormido;0.79;0.21;49;3;4
C003574;22;Manizales;190;2;61.92;29721.47;Dormido;0.74;0.26;55;9;13
C003575;33;Arauca;35;6;1392.48;200516.79;En Riesgo;0.6;0.4;35;11;9
C003576;40;Pasto;197;1;3.9;9359.88;Dormido;0.68;0.32;36;4;87
C003577;28;Popay√°n;15;19;21.22;967633;Activo;0.69;0.31;11;3;54
C003578;68;Mocoa;93;1;524.69;12592.65;Dormido;0.81;0.19;20;8;45
C003579;69;Cartagena;34;5;1085.47;130256.29;En Riesgo;0.6;0.4;59;3;75
C003580;37;Quibd√≥;48;5;437.25;52469.71;En Riesgo;0.58;0.42;20;11;63
C003581;28;Armenia;157;2;599.06;28754.8;Dormido;0.59;0.41;22;7;99
C003582;54;Bucaramanga;14;21;2207.41;1112535.72;Activo;0.74;0.26;54;11;55
C003583;69;Cali;72;4;1453.87;139571.67;En Riesgo;0.49;0.51;36;7;60
C003584;73;Barranquilla;334;2;219.49;10535.3;Dormido;0.75;0.25;56;5;80
C003585;46;San Andr√©s;95;1;912.26;21894.21;Dormido;0.52;0.48;13;5;1
C003586;70;Santa Marta;29;9;2139.47;462125.63;Activo;0.48;0.52;14;9;71
C003587;60;Cartagena;358;1;357.15;8571.61;Dormido;0.8;0.2;35;5;28
C003588;65;Monter√≠a;329;1;521.32;12511.56;Dormido;0.77;0.23;31;9;29
C003589;71;Bucaramanga;360;2;78.81;37828.6;Dormido;0.91;0.09;55;6;10
C003590;47;Medell√≠n;7;10;3040.73;729775.65;Activo;0.72;0.28;25;6;36
C003591;55;Barranquilla;181;2;664.68;31904.49;Dormido;0.81;0.19;6;5;55
C003592;31;Florencia;23;9;2196.63;474472.07;Activo;0.5;0.5;49;3;90
C003593;62;C√∫cuta;42;7;114.45;192275.19;En Riesgo;0.87;0.13;46;3;9
C003594;57;Bogot√°;49;4;791.37;75971.87;En Riesgo;0.42;0.58;25;9;2
C003595;37;Bucaramanga;5;20;185.73;891506.28;Activo;0.35;0.65;34;4;89
C003596;23;Florencia;87;6;1342.59;193333.5;En Riesgo;0.54;0.46;59;5;51
C003597;31;Sincelejo;17;8;2733.73;524875.38;Activo;0.55;0.45;23;4;51
C003598;28;Popay√°n;331;1;119.15;2859.55;Dormido;0.5;0.5;44;8;31
C003599;31;Pereira;292;2;553.45;26565.39;Dormido;0.59;0.41;59;8;42
C003600;26;Valledupar;28;20;2067.75;992519.53;Activo;0.47;0.53;26;11;57
C003601;24;Cartagena;111;1;674.62;16190.82;Dormido;0.52;0.48;52;9;86
C003602;63;Tulu√°;64;3;1091.54;78590.79;En Riesgo;0.86;0.14;37;5;46
C003603;44;Sincelejo;356;1;698.17;16756.08;Dormido;0.55;0.45;12;8;57
C003604;49;Popay√°n;24;13;3608.98;1126001.69;Activo;0.34;0.66;31;8;64
C003605;32;Medell√≠n;6;13;2432.53;758948.92;Activo;0.66;0.34;55;7;0
C003606;41;Bucaramanga;11;10;2819.14;676592.93;Activo;0.65;0.35;54;3;99
C003607;43;Santa Marta;26;8;3004.78;576918.42;Activo;0.66;0.34;44;10;99
C003608;65;Santa Marta;35;6;1674.29;241097.13;En Riesgo;0.83;0.17;30;11;9
C003609;72;C√∫cuta;1;10;2464.63;591512.34;Activo;0.71;0.29;17;3;26
C003610;53;Mocoa;21;8;2107.85;404706.97;Activo;0.49;0.51;30;11;46
C003611;33;Puerto Vallejo;41;4;1150.97;110492.67;En Riesgo;0.55;0.45;21;5;31
C003612;73;Medell√≠n;86;3;1416.92;102018.44;En Riesgo;0.74;0.26;8;3;32
C003613;51;Cali;65;6;830.36;119571.59;En Riesgo;0.82;0.18;26;4;71
C003614;43;Mocoa;78;5;845.74;101488.91;En Riesgo;0.44;0.56;17;11;98
C003615;57;Sincelejo;70;4;1321.29;126844.11;En Riesgo;0.82;0.18;27;8;79
C003616;38;Riohacha;99;1;780.01;18720.2;Dormido;0.72;0.28;11;3;30
C003617;24;San Andr√©s;246;2;530.31;25455.1;Dormido;0.56;0.44;8;6;62
C003618;50;Tulu√°;321;1;647.27;15534.4;Dormido;0.93;0.07;41;6;13
C003619;64;Tulu√°;271;2;734.06;35234.9;Dormido;0.88;0.12;57;3;91
C003620;35;Barranquilla;88;4;802.34;77024.27;En Riesgo;0.73;0.27;55;6;90
C003621;48;Sincelejo;14;14;3171.76;1065711.83;Activo;0.58;0.42;54;11;66
C003622;73;Santa Marta;12;18;1604.23;693028.13;Activo;0.64;0.36;55;8;1
C003623;36;Manizales;362;1;666.97;16007.22;Dormido;0.77;0.23;59;3;55
C003624;51;In√≠rida;63;5;1324.88;158986.2;En Riesgo;0.44;0.56;59;4;60
C003625;57;Leticia;28;15;2191.07;788784.81;Activo;0.39;0.61;22;11;26
C003626;35;In√≠rida;24;16;2569.47;986678.13;Activo;0.31;0.69;50;8;16
C003627;67;Sincelejo;173;2;495.45;23781.47;Dormido;0.79;0.21;23;3;14
C003628;33;Pasto;41;7;1451.07;243780.16;En Riesgo;0.75;0.25;20;9;73
C003629;52;Puerto Vallejo;275;2;730.88;35082.2;Dormido;0.77;0.23;52;9;10
C003630;22;Manizales;3;21;2630.92;1325983.42;Activo;0.71;0.29;12;7;81
C003631;58;Puerto Carre√±o;11;17;3574.65;1458456.64;Activo;0.59;0.41;46;6;26
C003632;19;Monter√≠a;44;4;747.23;71733.89;En Riesgo;0.58;0.42;37;4;84
C003633;52;Barranquilla;11;21;2274.39;1146294.21;Activo;0.34;0.66;26;7;35
C003634;42;C√∫cuta;7;20;2482.35;1191528.45;Activo;0.62;0.38;30;3;78
C003635;45;Manizales;2;19;2684.51;1224135.6;Activo;0.69;0.31;32;7;54
C003636;25;Armenia;82;6;960.74;138346.3;En Riesgo;0.75;0.25;51;7;2
C003637;65;Leticia;23;16;4084.17;1568319.51;Activo;0.38;0.62;36;4;6
C003638;60;Armenia;19;13;2893.04;902629.7;Activo;0.39;0.61;11;4;95
C003639;51;Cali;13;12;182.78;526407.43;Activo;0.49;0.51;34;9;47
C003640;69;In√≠rida;10;13;2320.79;724086.7;Activo;0.76;0.24;53;10;1
C003641;22;Puerto Carre√±o;49;3;1245.72;89691.61;En Riesgo;0.75;0.25;8;9;27
C003642;59;Sincelejo;13;20;2483.78;1192214.45;Activo;0.47;0.53;33;4;29
C003643;39;Bogot√°;57;3;1498.72;107907.57;En Riesgo;0.58;0.42;51;8;94
C003644;38;Riohacha;83;6;114.97;165556.17;En Riesgo;0.6;0.4;40;4;9
C003645;58;In√≠rida;8;12;2770.44;797887.17;Activo;0.34;0.66;38;5;29
C003646;49;Manizales;4;14;3666.76;1232031.22;Activo;0.5;0.5;38;9;13
C003647;53;C√∫cuta;10;9;3519.14;760134.12;Activo;0.74;0.26;29;4;64
C003648;43;Ibagu√©;190;1;99.87;23968.82;Dormido;0.74;0.26;25;3;76
C003649;44;Puerto Vallejo;89;6;1625.56;234080.57;En Riesgo;0.45;0.55;17;8;99
C003650;43;Barranquilla;56;7;1422.69;239011.49;En Riesgo;0.85;0.15;21;4;23
C003651;73;Mocoa;7;23;34.89;1925928.36;Activo;0.61;0.39;48;10;33
C003652;41;San Andr√©s;79;5;1072.98;128757.68;En Riesgo;0.85;0.15;9;10;83
C003653;40;Barranquilla;73;7;1204.35;202330.1;En Riesgo;0.72;0.28;25;9;0
C003654;71;Popay√°n;6;14;2338.23;785646.86;Activo;0.7;0.3;14;9;97
C003655;63;Cali;75;3;1299.72;93579.53;En Riesgo;0.48;0.52;40;8;28
C003656;24;Cartagena;61;7;825.06;138610.35;En Riesgo;0.62;0.38;57;3;44
C003657;56;Popay√°n;282;1;657.43;15778.27;Dormido;0.84;0.16;49;11;40
C003658;22;Yopal;112;1;769.07;18457.75;Dormido;0.68;0.32;8;11;31
C003659;48;Barranquilla;75;6;1135.02;163442.43;En Riesgo;0.76;0.24;34;8;66
C003660;47;Sincelejo;66;7;1134.76;190639.41;En Riesgo;0.72;0.28;24;5;82
C003661;74;Puerto Carre√±o;20;20;171.24;821953.48;Activo;0.74;0.26;14;8;86
C003662;26;Manizales;43;3;1284.37;92474.33;En Riesgo;0.44;0.56;57;5;97
C003663;42;Puerto Carre√±o;16;14;3228.03;1084616.75;Activo;0.43;0.57;42;7;34
C003664;35;Bucaramanga;8;8;2983.03;572741.1;Activo;0.31;0.69;15;3;67
C003665;37;Yopal;15;22;1911.23;1009127.84;Activo;0.38;0.62;19;5;41
C003666;68;Yopal;24;22;2853.33;1506560.5;Activo;0.35;0.65;6;3;35
C003667;37;Leticia;88;4;1244.41;119463.01;En Riesgo;0.68;0.32;10;7;39
C003668;56;Sincelejo;22;13;2989.63;932764.97;Activo;0.59;0.41;10;10;68
C003669;28;Mocoa;37;4;1076.78;103371.04;En Riesgo;0.83;0.17;17;6;53
C003670;71;Manizales;87;6;726.46;104609.67;En Riesgo;0.53;0.47;49;5;23
C003671;53;San Andr√©s;358;2;532.64;25566.6;Dormido;0.5;0.5;53;4;11
C003672;44;Cali;109;2;338.09;16228.2;Dormido;0.53;0.47;18;8;50
C003673;18;San Andr√©s;11;10;1840.95;441827.12;Activo;0.41;0.59;35;5;87
C003674;31;Puerto Vallejo;169;1;1136.52;27276.53;Dormido;0.91;0.09;44;10;47
C003675;35;Riohacha;76;3;593.86;42758.24;En Riesgo;0.74;0.26;47;3;80
C003676;22;Florencia;20;8;3157.66;606270.2;Activo;0.55;0.45;15;8;6
C003677;35;Manizales;72;7;1564.61;262855.2;En Riesgo;0.44;0.56;12;3;67
C003678;41;Barranquilla;9;17;2621.37;1069518.1;Activo;0.42;0.58;21;3;9
C003679;71;In√≠rida;27;14;3128.35;1051125.65;Activo;0.55;0.45;11;11;36
C003680;61;San Andr√©s;20;21;2075.58;1046091.72;Activo;0.74;0.26;50;6;87
C003681;27;Tulu√°;15;18;1929.13;833383.86;Activo;0.47;0.53;44;4;39
C003682;30;Arauca;49;6;1562.48;224997.64;En Riesgo;0.41;0.59;17;3;30
C003683;36;Riohacha;6;9;1998.63;431705.12;Activo;0.68;0.32;35;9;20
C003684;31;Leticia;46;4;979.09;93992.42;En Riesgo;0.42;0.58;27;11;99
C003685;33;Santa Marta;17;22;2403.79;1269201.08;Activo;0.55;0.45;52;3;12
C003686;61;Puerto Vallejo;45;6;880.77;126830.27;En Riesgo;0.89;0.11;56;11;40
C003687;63;Popay√°n;29;23;3310.73;1827520.89;Activo;0.57;0.43;32;10;55
C003688;59;Pasto;304;2;620.07;29763.41;Dormido;0.73;0.27;12;3;45
C003689;53;In√≠rida;21;17;2893.75;1180648.78;Activo;0.41;0.59;29;11;8
C003690;45;Quibd√≥;6;18;235.15;1015848.39;Activo;0.71;0.29;17;5;65
C003691;22;Santa Marta;25;21;287.21;1447540.09;Activo;0.32;0.68;58;5;18
C003692;23;C√∫cuta;10;15;2586.23;931044.59;Activo;0.4;0.6;50;8;80
C003693;69;Cali;36;3;1694.29;121989.11;En Riesgo;0.71;0.29;46;5;13
C003694;26;Barranquilla;17;15;3151.72;1134620.33;Activo;0.67;0.33;15;6;84
C003695;73;Pasto;45;6;109.76;158054.59;En Riesgo;0.41;0.59;50;6;12
C003696;43;Cali;17;8;3366.28;646325.12;Activo;0.32;0.68;41;4;74
C003697;42;Popay√°n;26;16;2522.04;968462;Activo;0.37;0.63;41;11;67
C003698;22;Monter√≠a;23;16;2553.01;980356.42;Activo;0.8;0.2;26;9;90
C003699;54;Santa Marta;94;2;531.18;25496.81;Dormido;0.9;0.1;6;11;97
C003700;33;Florencia;21;22;2077.19;1096757.1;Activo;0.52;0.48;12;3;87
C003701;32;Villavicencio;121;1;735.04;17640.98;Dormido;0.89;0.11;26;9;80
C003702;49;In√≠rida;44;7;1270.26;213403.24;En Riesgo;0.61;0.39;56;6;80
C003703;65;Monter√≠a;81;7;1090.92;183274.86;En Riesgo;0.57;0.43;6;9;89
C003704;49;Bucaramanga;12;8;2675.66;513727.44;Activo;0.73;0.27;52;6;32
C003705;59;In√≠rida;247;1;205.57;4933.58;Dormido;0.77;0.23;21;6;0
C003706;36;Cali;4;12;2288.01;658946.4;Activo;0.6;0.4;57;11;23
C003707;34;Cartagena;28;16;2980.39;1144469.24;Activo;0.51;0.49;22;11;19
C003708;21;C√∫cuta;39;5;538.06;64567.15;En Riesgo;0.46;0.54;41;7;62
C003709;63;Mocoa;60;4;1247.35;119745.38;En Riesgo;0.6;0.4;23;6;96
C003710;40;Sincelejo;27;10;2784.75;668339.08;Activo;0.6;0.4;6;6;99
C003711;29;Villavicencio;287;1;587.02;14088.44;Dormido;0.9;0.1;38;11;34
C003712;28;Medell√≠n;11;11;2309.56;609723.7;Activo;0.64;0.36;56;3;67
C003713;41;Riohacha;33;5;1080.69;129682.58;En Riesgo;0.69;0.31;54;8;47
C003714;33;In√≠rida;56;5;1077.45;129293.79;En Riesgo;0.53;0.47;38;11;77
C003715;71;Valledupar;117;1;644.94;15478.65;Dormido;0.66;0.34;59;5;38
C003716;52;In√≠rida;98;1;636.81;15283.42;Dormido;0.77;0.23;38;7;9
C003717;32;C√∫cuta;101;1;700.63;16815.09;Dormido;0.63;0.37;27;3;76
C003718;37;Mocoa;15;14;1755.86;589969.43;Activo;0.61;0.39;24;10;17
C003719;41;Puerto Vallejo;139;1;505.12;12122.88;Dormido;0.54;0.46;14;5;69
C003720;73;Bucaramanga;44;6;1180.08;169931.76;En Riesgo;0.85;0.15;28;7;78
C003721;27;Riohacha;84;5;1319.63;158356.07;En Riesgo;0.44;0.56;26;6;70
C003722;54;Puerto Vallejo;11;15;2475.08;891027.77;Activo;0.56;0.44;59;6;51
C003723;45;Villavicencio;31;5;1048.49;125818.23;En Riesgo;0.68;0.32;8;11;45
C003724;36;Quibd√≥;3;9;2585.99;558574.11;Activo;0.49;0.51;26;6;91
C003725;63;Pereira;12;21;2369.22;1194087.96;Activo;0.46;0.54;8;6;34
C003726;40;Riohacha;34;3;1488.87;107198.33;En Riesgo;0.76;0.24;58;11;90
C003727;74;Santa Marta;14;8;2637.95;506485.44;Activo;0.68;0.32;49;9;17
C003728;28;Yopal;74;6;134.19;193233.13;En Riesgo;0.69;0.31;58;7;94
C003729;38;Arauca;18;15;1893.36;681609.65;Activo;0.78;0.22;59;6;14
C003730;67;Leticia;6;13;2353.87;734408.92;Activo;0.54;0.46;58;9;0
C003731;73;Barranquilla;19;20;2385.54;1145059.71;Activo;0.52;0.48;35;4;68
C003732;69;Riohacha;361;1;986.86;23684.57;Dormido;0.86;0.14;19;9;17
C003733;31;Tulu√°;6;14;2546.17;855512.36;Activo;0.74;0.26;36;11;54
C003734;31;Arauca;230;1;40.83;9799.16;Dormido;0.68;0.32;56;5;13
C003735;65;Bucaramanga;190;2;451.41;21667.65;Dormido;0.64;0.36;37;7;84
C003736;44;San Andr√©s;276;1;798.51;19164.27;Dormido;0.69;0.31;26;3;91
C003737;19;Cartagena;80;4;979.62;94043.06;En Riesgo;0.46;0.54;33;6;52
C003738;72;Quibd√≥;15;20;2180.33;1046556.91;Activo;0.38;0.62;18;7;23
C003739;68;Riohacha;24;13;3173.01;989980.07;Activo;0.49;0.51;9;7;13
C003740;46;Yopal;28;9;2550.27;550858.13;Activo;0.75;0.25;15;6;77
C003741;23;Cali;187;2;400.34;19216.08;Dormido;0.93;0.07;32;5;21
C003742;48;Cartagena;51;3;1061.82;76451.05;En Riesgo;0.4;0.6;11;10;53
C003743;29;Puerto Carre√±o;214;1;518.57;12445.77;Dormido;0.82;0.18;26;6;59
C003744;65;Sincelejo;61;4;1166.77;112009.51;En Riesgo;0.41;0.59;12;3;4
C003745;50;Bucaramanga;48;5;1277.97;153356.36;En Riesgo;0.55;0.45;45;7;95
C003746;25;Medell√≠n;186;1;416.78;10002.7;Dormido;0.6;0.4;42;5;55
C003747;68;Puerto Vallejo;1;14;3220.08;1081947.43;Activo;0.32;0.68;54;3;53
C003748;34;Armenia;22;16;2209.79;848557.7;Activo;0.51;0.49;18;4;87
C003749;51;San Andr√©s;185;2;392.83;18855.95;Dormido;0.79;0.21;53;5;5
C003750;34;C√∫cuta;67;7;928.71;156022.5;En Riesgo;0.87;0.13;41;4;5
C003751;51;San Andr√©s;2;9;2006.36;433373.27;Activo;0.61;0.39;29;11;75
C003752;71;Sincelejo;6;21;3043.79;1534071.24;Activo;0.33;0.67;19;10;24
C003753;34;Bogot√°;351;2;778.48;37367.27;Dormido;0.85;0.15;11;8;35
C003754;37;Monter√≠a;39;4;1663.95;159738.82;En Riesgo;0.78;0.22;38;8;54
C003755;32;Puerto Vallejo;9;11;2366.52;624761.77;Activo;0.37;0.63;56;4;60
C003756;74;Leticia;66;6;843.51;121465.81;En Riesgo;0.82;0.18;30;9;97
C003757;42;Ibagu√©;201;1;503.03;12072.78;Dormido;0.93;0.07;31;6;84
C003758;49;Cartagena;159;1;644.48;15467.49;Dormido;0.71;0.29;32;8;75
C003759;26;Medell√≠n;21;12;2039.03;587240.27;Activo;0.69;0.31;34;6;56
C003760;69;Florencia;293;1;568.02;13632.39;Dormido;0.85;0.15;27;3;61
C003761;42;Medell√≠n;46;3;1594.09;114774.43;En Riesgo;0.67;0.33;38;10;37
C003762;18;Monter√≠a;34;4;1762.17;169168.64;En Riesgo;0.66;0.34;51;9;77
C003763;49;Pasto;36;5;1432.67;171920.24;En Riesgo;0.46;0.54;6;10;92
C003764;57;Ibagu√©;343;2;68.69;32971.21;Dormido;0.66;0.34;40;5;59
C003765;32;Cartagena;349;2;809.88;38874.21;Dormido;0.81;0.19;28;5;5
C003766;45;Ibagu√©;51;3;916.05;65955.47;En Riesgo;0.79;0.21;27;4;36
C003767;69;Barranquilla;81;7;984.07;165324.06;En Riesgo;0.71;0.29;52;4;70
C003768;44;Mocoa;97;1;834.39;20025.34;Dormido;0.82;0.18;23;3;56
C003769;21;Sincelejo;69;3;1555.57;112001.34;En Riesgo;0.69;0.31;20;7;20
C003770;52;Mocoa;22;19;2009.77;916457.05;Activo;0.62;0.38;17;8;29
C003771;72;Medell√≠n;16;21;1365.63;688277.65;Activo;0.74;0.26;48;6;1
C003772;70;Barranquilla;70;5;887.42;106490.42;En Riesgo;0.58;0.42;45;8;13
C003773;48;In√≠rida;17;12;2291.73;660018.18;Activo;0.58;0.42;41;3;17
C003774;48;Quibd√≥;69;3;67.84;48844.87;En Riesgo;0.6;0.4;41;9;80
C003775;26;Villavicencio;39;3;1387.47;99898.08;En Riesgo;0.68;0.32;6;5;81
C003776;56;Armenia;87;7;1136.55;190939.83;En Riesgo;0.53;0.47;37;9;15
C003777;44;Armenia;26;22;2351.38;1241531.22;Activo;0.48;0.52;8;5;12
C003778;26;Popay√°n;59;7;1487.26;249859.48;En Riesgo;0.75;0.25;37;10;67
C003779;30;San Andr√©s;31;3;859.65;61895.02;En Riesgo;0.81;0.19;53;3;36
C003780;74;Sincelejo;65;5;103.95;124740.07;En Riesgo;0.48;0.52;48;11;59
C003781;56;San Andr√©s;292;2;507.52;24360.75;Dormido;0.58;0.42;43;6;91
C003782;50;Valledupar;61;5;1206.83;144819.39;En Riesgo;0.48;0.52;45;5;79
C003783;20;Puerto Carre√±o;19;22;2911.88;1537471.57;Activo;0.31;0.69;9;8;68
C003784;69;Florencia;2;11;188.11;496610.41;Activo;0.51;0.49;32;9;37
C003785;37;Puerto Vallejo;88;4;1220.78;117195.05;En Riesgo;0.73;0.27;47;6;73
C003786;68;Barranquilla;23;21;2921.52;1472445.58;Activo;0.46;0.54;26;10;76
C003787;47;Riohacha;99;1;647.63;15543.12;Dormido;0.52;0.48;16;11;93
C003788;70;Cartagena;3;10;1852.35;444562.99;Activo;0.69;0.31;25;10;18
C003789;51;Santa Marta;158;1;186.87;4484.9;Dormido;0.53;0.47;12;4;52
C003790;34;Leticia;41;6;931.94;134199.83;En Riesgo;0.6;0.4;56;3;25
C003791;38;Riohacha;14;9;1731.03;373902.86;Activo;0.58;0.42;19;4;48
C003792;56;Tulu√°;28;16;2826.82;1085499.18;Activo;0.68;0.32;35;10;40
C003793;54;Florencia;303;2;994.64;47742.64;Dormido;0.69;0.31;38;7;72
C003794;62;Medell√≠n;181;1;222.38;5337.16;Dormido;0.59;0.41;20;4;70
C003795;62;Popay√°n;18;18;2195.76;948569.55;Activo;0.6;0.4;24;3;17
C003796;25;Medell√≠n;61;5;1144.23;137308.13;En Riesgo;0.4;0.6;47;7;17
C003797;43;San Andr√©s;25;23;3222.16;1778634.2;Activo;0.78;0.22;17;3;64
C003798;69;Villavicencio;5;19;2266.16;1033368.87;Activo;0.8;0.2;11;4;36
C003799;69;Armenia;125;2;614.01;29472.51;Dormido;0.63;0.37;38;3;16
C003800;43;Popay√°n;17;19;1816.82;828469.61;Activo;0.39;0.61;6;11;56
C003801;31;Arauca;24;10;3026.63;726390.87;Activo;0.72;0.28;53;3;13
C003802;43;Cartagena;263;2;537.24;25787.5;Dormido;0.65;0.35;20;4;20
C003803;42;Santa Marta;70;4;890.08;85447.87;En Riesgo;0.45;0.55;52;8;60
C003804;24;Valledupar;24;10;3102.75;744660.88;Activo;0.77;0.23;50;9;25
C003805;35;Florencia;32;5;1492.45;179093.42;En Riesgo;0.79;0.21;56;4;98
C003806;67;Tulu√°;74;6;1586.68;228482.48;En Riesgo;0.6;0.4;23;8;7
C003807;29;San Andr√©s;56;5;94.93;113916.44;En Riesgo;0.67;0.33;52;3;43
C003808;32;Ibagu√©;219;1;834.07;20017.63;Dormido;0.8;0.2;42;9;2
C003809;56;Cali;75;5;1513.45;181613.61;En Riesgo;0.84;0.16;34;6;41
C003810;25;Leticia;42;5;1694.35;203321.61;En Riesgo;0.69;0.31;29;3;88
C003811;35;Puerto Carre√±o;4;13;229.69;716633.64;Activo;0.63;0.37;53;9;17
C003812;70;Yopal;82;4;1290.07;123846.32;En Riesgo;0.51;0.49;40;8;80
C003813;25;In√≠rida;8;17;2422.91;988547.7;Activo;0.33;0.67;40;4;9
C003814;71;Tulu√°;230;1;712.37;17096.86;Dormido;0.88;0.12;36;7;60
C003815;31;Cartagena;239;1;888.22;21317.29;Dormido;0.75;0.25;59;7;54
C003816;69;Pasto;69;7;1466.03;246292.76;En Riesgo;0.82;0.18;51;3;39
C003817;54;Tulu√°;25;10;3367.64;808234.33;Activo;0.43;0.57;7;8;76
C003818;34;Barranquilla;128;1;208.26;4998.17;Dormido;0.74;0.26;48;9;96
C003819;30;Ibagu√©;176;1;790.71;18976.99;Dormido;0.73;0.27;55;9;37
C003820;69;Puerto Carre√±o;13;13;2609.24;814083.56;Activo;0.45;0.55;52;5;82
C003821;27;Arauca;31;3;1459.59;105090.44;En Riesgo;0.67;0.33;10;11;29
C003822;23;Bucaramanga;5;9;2490.39;537924.66;Activo;0.38;0.62;24;7;85
C003823;31;Tulu√°;160;2;690.03;33121.64;Dormido;0.82;0.18;24;5;6
C003824;72;Cali;26;20;2711.43;1301486.49;Activo;0.79;0.21;52;7;91
C003825;32;Quibd√≥;65;6;1102.86;158811.34;En Riesgo;0.52;0.48;47;9;85
C003826;62;Quibd√≥;65;6;1134.16;163318.51;En Riesgo;0.9;0.1;12;6;71
C003827;51;Bucaramanga;54;6;145.07;208900.36;En Riesgo;0.52;0.48;55;5;97
C003828;55;Barranquilla;245;2;694.47;33334.56;Dormido;0.95;0.05;39;8;77
C003829;55;San Andr√©s;4;15;2392.07;861144.88;Activo;0.44;0.56;48;9;33
C003830;63;In√≠rida;9;20;3193.15;1532709.94;Activo;0.59;0.41;57;8;72
C003831;67;Leticia;66;4;1784.21;171283.79;En Riesgo;0.79;0.21;38;7;67
C003832;49;In√≠rida;71;5;1101.99;132238.44;En Riesgo;0.4;0.6;43;10;91
C003833;65;Medell√≠n;86;5;157.39;188867.8;En Riesgo;0.66;0.34;14;4;79
C003834;55;Florencia;39;6;1978.48;284901.58;En Riesgo;0.73;0.27;39;3;52
C003835;52;Pasto;22;18;2538.31;1096549.43;Activo;0.65;0.35;7;4;75
C003836;49;Cartagena;62;7;1343.96;225785.87;En Riesgo;0.73;0.27;40;8;82
C003837;48;Manizales;36;7;1354.87;227618.31;En Riesgo;0.83;0.17;31;4;29
C003838;58;Florencia;77;4;1297.88;124596.74;En Riesgo;0.64;0.36;24;8;69
C003839;21;Puerto Vallejo;19;22;304.97;1610242.16;Activo;0.6;0.4;41;6;56
C003840;39;Cartagena;69;7;1144.48;192272.53;En Riesgo;0.81;0.19;42;8;45
C003841;48;Cartagena;16;12;2742.11;789728.01;Activo;0.45;0.55;20;8;57
C003842;34;Bogot√°;16;8;1409.34;270592.68;Activo;0.58;0.42;7;3;60
C003843;20;Valledupar;324;2;239.81;11510.68;Dormido;0.55;0.45;23;6;66
C003844;69;Puerto Carre√±o;58;4;940.81;90317.87;En Riesgo;0.73;0.27;20;7;30
C003845;55;Pereira;9;20;2522.52;1210810.72;Activo;0.65;0.35;39;11;56
C003846;65;Medell√≠n;341;2;822.37;39473.98;Dormido;0.8;0.2;50;10;96
C003847;25;Popay√°n;40;5;1386.82;166418.2;En Riesgo;0.42;0.58;48;7;15
C003848;26;C√∫cuta;13;15;2788.37;1003812.75;Activo;0.65;0.35;7;9;29
C003849;70;Ibagu√©;12;22;2794.25;1475364.62;Activo;0.37;0.63;47;11;93
C003850;62;Bogot√°;77;7;907.32;152430.56;En Riesgo;0.57;0.43;18;7;98
C003851;24;Pereira;324;1;562.24;13493.88;Dormido;0.85;0.15;52;5;47
C003852;74;Bogot√°;47;7;1122.08;188509.6;En Riesgo;0.72;0.28;24;5;48
C003853;24;Riohacha;4;23;2685.99;1482664.14;Activo;0.38;0.62;6;11;47
C003854;67;Tulu√°;77;6;1034.68;148993.72;En Riesgo;0.71;0.29;49;3;62
C003855;67;Valledupar;7;18;2613.71;1129120.91;Activo;0.57;0.43;28;6;70
C003856;40;Leticia;31;6;922.87;132893.69;En Riesgo;0.83;0.17;43;9;81
C003857;69;Florencia;25;23;2298.42;1268728.02;Activo;0.53;0.47;22;3;43
C003858;56;Puerto Vallejo;63;6;632.95;91144.55;En Riesgo;0.56;0.44;7;4;91
C003859;64;Armenia;20;9;2045.34;441793.65;Activo;0.62;0.38;42;4;51
C003860;44;Cali;35;5;588.08;70569.76;En Riesgo;0.76;0.24;56;4;56
C003861;34;Sincelejo;3;15;3108.47;1119048.05;Activo;0.75;0.25;9;9;83
C003862;72;Pereira;22;16;2268.95;871278.04;Activo;0.73;0.27;33;8;91
C003863;63;Quibd√≥;25;14;1937.04;650845.6;Activo;0.53;0.47;28;7;61
C003864;29;In√≠rida;171;2;589.66;28303.63;Dormido;0.6;0.4;54;7;2
C003865;49;Medell√≠n;83;3;1373.58;98897.92;En Riesgo;0.63;0.37;26;6;28
C003866;74;Cartagena;342;1;1046.99;25127.66;Dormido;0.88;0.12;53;9;51
C003867;45;Villavicencio;32;6;1124.28;161896.59;En Riesgo;0.72;0.28;13;11;17
C003868;38;Valledupar;73;4;1141.34;109568.66;En Riesgo;0.67;0.33;29;3;28
C003869;19;Sincelejo;1;16;3256.02;1250311.13;Activo;0.61;0.39;39;10;61
C003870;33;Quibd√≥;288;1;313.64;7527.29;Dormido;0.73;0.27;26;8;2
C003871;37;Bogot√°;21;18;2977.94;1286468.44;Activo;0.72;0.28;40;7;9
C003872;58;Armenia;3;18;1323.38;571701.71;Activo;0.72;0.28;14;3;46
C003873;70;Manizales;326;2;669.65;32143.09;Dormido;0.65;0.35;40;6;35
C003874;23;Quibd√≥;309;2;656.82;31527.2;Dormido;0.57;0.43;44;6;81
C003875;22;Bucaramanga;82;5;813.75;97650.4;En Riesgo;0.89;0.11;8;11;9
C003876;60;Sincelejo;250;1;300.86;7220.53;Dormido;0.93;0.07;17;3;21
C003877;72;Florencia;20;22;1787.43;943763.2;Activo;0.78;0.22;48;8;75
C003878;32;Medell√≠n;17;17;2301.34;938945.81;Activo;0.47;0.53;54;9;55
C003879;22;Villavicencio;16;23;2685.46;1482373.25;Activo;0.65;0.35;19;6;76
C003880;18;Popay√°n;39;6;1029.44;148239.71;En Riesgo;0.65;0.35;11;6;5
C003881;20;Cartagena;19;10;3498.94;839745.5;Activo;0.6;0.4;10;5;58
C003882;38;Valledupar;78;3;807.87;58166.78;En Riesgo;0.77;0.23;53;10;70
C003883;30;Armenia;346;2;285.86;13721.44;Dormido;0.85;0.15;22;5;1
C003884;72;San Andr√©s;318;1;756.66;18159.8;Dormido;0.88;0.12;19;6;70
C003885;65;Ibagu√©;125;2;546.53;26233.34;Dormido;0.94;0.06;8;4;15
C003886;45;Santa Marta;31;5;988.24;118589.03;En Riesgo;0.77;0.23;56;11;37
C003887;29;Tulu√°;28;16;2595.07;996505.82;Activo;0.73;0.27;20;10;91
C003888;25;Cartagena;2;22;2521.74;1331481.07;Activo;0.37;0.63;57;11;67
C003889;30;Riohacha;4;10;2352.21;564531.42;Activo;0.57;0.43;39;6;81
C003890;72;Mocoa;24;11;3216.51;849159.24;Activo;0.55;0.45;8;7;62
C003891;63;Puerto Vallejo;24;11;207.18;546954.37;Activo;0.74;0.26;25;10;64
C003892;51;Quibd√≥;20;19;1887.25;860585.53;Activo;0.39;0.61;36;5;0
C003893;71;Bogot√°;80;4;1352.23;129814.09;En Riesgo;0.71;0.29;53;9;66
C003894;62;Florencia;15;15;2795.16;1006257.65;Activo;0.38;0.62;24;3;63
C003895;28;Villavicencio;23;22;3078.55;1625471.9;Activo;0.74;0.26;25;6;15
C003896;66;Barranquilla;38;7;1328.52;223190.52;En Riesgo;0.73;0.27;53;4;83
C003897;42;Puerto Carre√±o;285;2;604.04;28993.91;Dormido;0.73;0.27;8;3;22
C003898;56;Yopal;313;1;620.47;14891.34;Dormido;0.63;0.37;39;4;24
C003899;69;Quibd√≥;227;1;906.78;21762.62;Dormido;0.8;0.2;28;7;43
C003900;45;San Andr√©s;53;6;985.17;141864.05;En Riesgo;0.56;0.44;59;6;17
C003901;39;In√≠rida;2;11;3077.56;812477.04;Activo;0.55;0.45;58;11;45
C003902;42;Pereira;355;1;646.78;15522.73;Dormido;0.93;0.07;22;11;6
C003903;61;San Andr√©s;38;5;1359.49;163139.3;En Riesgo;0.78;0.22;59;7;24
C003904;61;Yopal;43;7;813.29;136632.75;En Riesgo;0.68;0.32;57;6;27
C003905;65;Ibagu√©;293;2;45.42;21801.6;Dormido;0.94;0.06;19;8;25
C003906;72;Valledupar;73;4;858.23;82389.81;En Riesgo;0.66;0.34;27;7;33
C003907;20;San Andr√©s;23;22;2047.46;1081057.26;Activo;0.65;0.35;52;10;16
C003908;56;Barranquilla;140;2;417.59;20044.09;Dormido;0.57;0.43;50;3;58
C003909;68;Yopal;16;9;2657.96;574118.87;Activo;0.55;0.45;21;6;73
C003910;46;Manizales;201;1;540.03;12960.64;Dormido;0.71;0.29;14;9;62
C003911;40;Leticia;16;23;2900.36;1600997.22;Activo;0.34;0.66;31;3;43
C003912;62;Puerto Carre√±o;198;1;664.84;15956.12;Dormido;0.72;0.28;18;10;31
C003913;51;Santa Marta;19;14;2137.29;718128.02;Activo;0.41;0.59;39;9;26
C003914;21;Bogot√°;84;5;1502.92;180350.78;En Riesgo;0.57;0.43;55;8;94
C003915;18;Medell√≠n;360;1;536.64;12879.42;Dormido;0.58;0.42;47;11;75
C003916;56;C√∫cuta;237;1;308.79;7410.99;Dormido;0.78;0.22;7;10;67
C003917;25;Leticia;4;15;2521.72;907820.88;Activo;0.79;0.21;30;9;42
C003918;66;Quibd√≥;47;3;1091.43;78582.72;En Riesgo;0.48;0.52;16;11;81
C003919;57;Yopal;310;2;409.49;19655.61;Dormido;0.7;0.3;42;8;46
C003920;32;Pereira;61;3;779.44;56119.71;En Riesgo;0.45;0.55;30;5;54
C003921;67;Mocoa;206;2;83.57;40113.41;Dormido;0.84;0.16;15;4;99
C003922;73;C√∫cuta;351;2;215.49;10343.58;Dormido;0.72;0.28;34;9;81
C003923;63;Florencia;12;13;278.71;869575.49;Activo;0.6;0.4;16;5;16
C003924;38;Bogot√°;350;1;327.23;7853.64;Dormido;0.57;0.43;42;9;53
C003925;30;Yopal;45;7;835.36;140341.04;En Riesgo;0.88;0.12;10;3;31
C003926;71;Bogot√°;78;7;861.64;144755.01;En Riesgo;0.71;0.29;16;11;86
C003927;43;Arauca;322;2;438.71;21058.11;Dormido;0.74;0.26;55;9;51
C003928;19;Arauca;56;6;1174.69;169155.2;En Riesgo;0.44;0.56;31;4;90
C003929;49;Popay√°n;47;7;1052.25;176777.92;En Riesgo;0.82;0.18;35;8;59
C003930;33;Leticia;176;2;284.97;13678.44;Dormido;0.85;0.15;56;8;70
C003931;25;Sincelejo;26;9;2143.56;463009.77;Activo;0.62;0.38;42;7;36
C003932;41;Villavicencio;19;15;234.58;844486.79;Activo;0.73;0.27;58;6;97
C003933;54;Ibagu√©;77;7;1701.28;285815.55;En Riesgo;0.61;0.39;41;6;14
C003934;18;Cali;78;3;1245.17;89652.06;En Riesgo;0.41;0.59;14;10;44
C003935;22;Yopal;21;14;2499.79;839928.49;Activo;0.45;0.55;15;5;63
C003936;32;Manizales;69;6;1234.98;177837.52;En Riesgo;0.52;0.48;26;4;34
C003937;35;C√∫cuta;86;5;1177.07;141248.68;En Riesgo;0.52;0.48;57;6;68
C003938;32;Tulu√°;77;3;986.81;71050.27;En Riesgo;0.52;0.48;21;5;44
C003939;41;Quibd√≥;26;21;2521.82;1270997.91;Activo;0.75;0.25;49;8;17
C003940;72;Mocoa;303;2;547.79;26293.99;Dormido;0.59;0.41;29;6;23
C003941;24;Cali;20;12;2309.44;665117.5;Activo;0.32;0.68;49;4;72
C003942;61;Puerto Carre√±o;63;7;864.39;145217.92;En Riesgo;0.53;0.47;51;7;75
C003943;21;Manizales;18;14;2306.87;775106.88;Activo;0.65;0.35;47;10;64
C003944;37;Bogot√°;12;14;2218.47;745405.55;Activo;0.72;0.28;41;4;96
C003945;56;Santa Marta;48;3;946.47;68145.69;En Riesgo;0.44;0.56;29;10;68
C003946;64;Sincelejo;23;9;188.88;407979.92;Activo;0.35;0.65;30;9;67
C003947;36;Cartagena;29;14;21.49;722062.98;Activo;0.43;0.57;30;7;64
C003948;70;Cali;7;16;3549.43;1362981.15;Activo;0.7;0.3;55;11;68
C003949;46;In√≠rida;1;9;2361.62;510108.93;Activo;0.74;0.26;24;8;39
C003950;48;Tulu√°;200;2;268.32;12879.37;Dormido;0.88;0.12;39;4;61
C003951;61;Yopal;51;3;795.32;57263.21;En Riesgo;0.81;0.19;31;3;41
C003952;65;Manizales;21;12;1657.43;477338.53;Activo;0.43;0.57;51;6;16
C003953;66;Manizales;41;3;594.08;42774.01;En Riesgo;0.6;0.4;12;4;94
C003954;46;Medell√≠n;336;2;65.92;31641.73;Dormido;0.85;0.15;20;11;79
C003955;27;Arauca;87;3;1452.98;104614.46;En Riesgo;0.81;0.19;59;5;17
C003956;32;Mocoa;20;13;2625.77;819238.73;Activo;0.66;0.34;21;7;5
C003957;19;Quibd√≥;265;1;672.13;16131.09;Dormido;0.61;0.39;47;5;29
C003958;30;Sincelejo;19;10;2629.52;631084.13;Activo;0.34;0.66;51;10;28
C003959;40;Ibagu√©;17;16;2430.43;933285.72;Activo;0.5;0.5;20;9;6
C003960;23;Popay√°n;2;13;2172.68;677875.18;Activo;0.59;0.41;7;10;42
C003961;43;In√≠rida;346;2;458.35;22001.03;Dormido;0.69;0.31;10;11;80
C003962;41;Pereira;26;12;2970.12;855393.65;Activo;0.6;0.4;14;6;69
C003963;55;Manizales;6;15;2174.91;782969.39;Activo;0.61;0.39;55;6;44
C003964;56;Ibagu√©;2;10;2807.46;673790.36;Activo;0.51;0.49;36;9;84
C003965;67;Pereira;140;2;400.49;19223.31;Dormido;0.91;0.09;41;11;96
C003966;65;Florencia;85;5;1356.07;162728.25;En Riesgo;0.42;0.58;46;8;28
C003967;46;Cartagena;333;1;708.29;16998.94;Dormido;0.85;0.15;41;5;65
C003968;61;Arauca;188;1;510.73;12257.58;Dormido;0.91;0.09;46;5;64
C003969;60;Ibagu√©;47;3;1025.12;73808.77;En Riesgo;0.5;0.5;16;4;34
C003970;55;Monter√≠a;82;3;753.47;54249.87;En Riesgo;0.46;0.54;49;10;35
C003971;20;Medell√≠n;172;1;497.03;11928.68;Dormido;0.76;0.24;39;8;1
C003972;43;In√≠rida;66;3;1088.65;78382.56;En Riesgo;0.79;0.21;15;9;8
C003973;67;Yopal;15;15;2164.06;779062.31;Activo;0.5;0.5;41;4;19
C003974;41;Arauca;13;11;2791.02;736828.26;Activo;0.47;0.53;42;10;46
C003975;45;Florencia;3;11;3031.86;800411.89;Activo;0.57;0.43;22;7;94
C003976;51;Santa Marta;86;6;1419.91;204467.41;En Riesgo;0.85;0.15;17;11;25
C003977;38;Villavicencio;139;1;396.69;9520.67;Dormido;0.52;0.48;36;10;6
C003978;35;Tulu√°;19;18;3047.07;1316335.82;Activo;0.33;0.67;21;6;85
C003979;44;Pereira;70;5;1309.76;157171;En Riesgo;0.65;0.35;21;6;16
C003980;74;Cali;57;3;892.05;64227.64;En Riesgo;0.5;0.5;52;3;25
C003981;40;Tulu√°;27;8;23.84;457727.46;Activo;0.8;0.2;10;3;8
C003982;62;Yopal;13;14;2121.62;712863.27;Activo;0.74;0.26;37;9;19
C003983;37;In√≠rida;88;5;1185.82;142298.22;En Riesgo;0.54;0.46;21;10;29
C003984;41;Monter√≠a;45;4;1769.26;169849.2;En Riesgo;0.77;0.23;13;3;73
C003985;64;Puerto Vallejo;68;4;1484.02;142465.89;En Riesgo;0.41;0.59;12;8;40
C003986;27;Santa Marta;39;7;1233.25;207185.88;En Riesgo;0.61;0.39;14;10;18
C003987;63;Valledupar;24;10;345.11;828264.72;Activo;0.33;0.67;21;7;42
C003988;45;Monter√≠a;6;22;3005.55;1586932.86;Activo;0.59;0.41;23;8;65
C003989;36;Medell√≠n;20;20;208.28;999742.44;Activo;0.31;0.69;53;7;30
C003990;52;San Andr√©s;17;13;2630.72;820783.55;Activo;0.6;0.4;26;3;89
C003991;65;Popay√°n;37;3;67.09;48304.7;En Riesgo;0.45;0.55;10;9;90
C003992;59;Pereira;67;4;946.68;90880.89;En Riesgo;0.52;0.48;46;10;74
C003993;71;Medell√≠n;67;3;1261.44;90823.37;En Riesgo;0.74;0.26;49;9;1
C003994;69;Pereira;6;23;2296.36;1267590.7;Activo;0.4;0.6;37;4;20
C003995;32;Riohacha;336;2;600.66;28831.54;Dormido;0.75;0.25;40;10;21
C003996;62;Pereira;45;3;1124.33;80951.46;En Riesgo;0.66;0.34;41;11;73
C003997;51;Mocoa;116;2;470.61;22589.11;Dormido;0.56;0.44;39;7;66
C003998;44;C√∫cuta;1;10;3802.87;912689.4;Activo;0.52;0.48;33;7;83
C003999;50;C√∫cuta;29;12;2854.77;822174.23;Activo;0.5;0.5;31;9;70
C004000;56;Mocoa;78;5;1164.65;139758.41;En Riesgo;0.56;0.44;23;6;65
C004001;34;Manizales;73;7;100.41;168688.64;En Riesgo;0.87;0.13;59;10;22
C004002;70;Pasto;149;2;363.47;17446.74;Dormido;0.63;0.37;10;5;1
C004003;52;Florencia;8;11;3350.15;884440.6;Activo;0.32;0.68;50;3;2
C004004;64;Sincelejo;32;7;1013.28;170230.89;En Riesgo;0.8;0.2;58;3;79
C004005;66;Puerto Carre√±o;5;16;2361.27;906728.44;Activo;0.51;0.49;32;6;99
C004006;40;Armenia;20;16;3152.92;1210719.97;Activo;0.35;0.65;35;7;49
C004007;28;Pasto;246;2;731.98;35135;Dormido;0.77;0.23;50;4;67
C004008;68;Pereira;64;7;113.93;191402.36;En Riesgo;0.45;0.55;17;5;36
C004009;67;Florencia;246;1;541.67;13000.02;Dormido;0.77;0.23;36;6;53
C004010;58;Mocoa;17;23;2673.43;1475734.77;Activo;0.44;0.56;33;9;87
C004011;45;Puerto Vallejo;19;8;2123.57;407725.33;Activo;0.51;0.49;52;3;73
C004012;31;Armenia;39;5;1055.47;126656.14;En Riesgo;0.45;0.55;38;8;62
C004013;61;Tulu√°;8;20;2199.47;1055747.1;Activo;0.49;0.51;51;3;43
C004014;25;Riohacha;20;23;2410.85;1330787.26;Activo;0.46;0.54;38;5;23
C004015;46;Manizales;7;15;2555.17;919862.72;Activo;0.39;0.61;46;3;20
C004016;38;Villavicencio;297;2;451.16;21655.87;Dormido;0.91;0.09;11;8;3
C004017;53;Medell√≠n;24;13;2157.55;673156.34;Activo;0.33;0.67;57;8;37
C004018;61;Barranquilla;11;14;3086.31;1036999.79;Activo;0.31;0.69;33;5;58
C004019;39;Valledupar;231;2;67.67;32481.37;Dormido;0.68;0.32;54;9;73
C004020;69;Ibagu√©;27;13;2199.07;686108.58;Activo;0.66;0.34;47;8;2
C004021;60;Santa Marta;13;15;2390.88;860716.23;Activo;0.79;0.21;38;7;26
C004022;31;Manizales;34;6;964.26;138853.47;En Riesgo;0.81;0.19;42;8;50
C004023;63;Popay√°n;73;5;1873.63;224835.19;En Riesgo;0.63;0.37;54;10;80
C004024;61;Bogot√°;195;1;806.29;19351.02;Dormido;0.76;0.24;47;5;53
C004025;55;Arauca;68;3;1757.58;126545.73;En Riesgo;0.49;0.51;7;8;50
C004026;30;Sincelejo;11;11;2164.97;571552.63;Activo;0.57;0.43;40;6;29
C004027;59;Florencia;42;7;1163.24;195423.92;En Riesgo;0.64;0.36;56;3;81
C004028;50;Barranquilla;86;6;1163.68;167569.4;En Riesgo;0.69;0.31;43;8;35
C004029;59;Tulu√°;8;16;3676.17;1411649.29;Activo;0.4;0.6;18;9;92
C004030;49;Pereira;191;2;231.73;11123.03;Dormido;0.77;0.23;59;8;50
C004031;62;Armenia;60;6;1042.99;150191.11;En Riesgo;0.58;0.42;36;4;93
C004032;54;Villavicencio;39;5;1196.69;143602.86;En Riesgo;0.49;0.51;56;8;16
C004033;68;C√∫cuta;34;3;778.65;56063.08;En Riesgo;0.81;0.19;48;11;53
C004034;65;Villavicencio;17;10;2987.06;716894.33;Activo;0.31;0.69;11;11;74
C004035;41;Arauca;15;12;2261.81;651401.6;Activo;0.77;0.23;26;6;17
C004036;23;Leticia;59;3;1607.27;115723.53;En Riesgo;0.68;0.32;50;10;88
C004037;48;Bogot√°;78;4;1020.51;97968.59;En Riesgo;0.42;0.58;46;7;63
C004038;45;In√≠rida;52;3;1164.83;83867.96;En Riesgo;0.84;0.16;45;3;1
C004039;22;Pereira;24;19;2268.81;1034579.26;Activo;0.3;0.7;23;8;10
C004040;28;Arauca;53;6;1460.41;210299.41;En Riesgo;0.78;0.22;32;4;7
C004041;37;Villavicencio;26;9;2568.92;554887.13;Activo;0.6;0.4;38;6;2
C004042;68;Monter√≠a;49;3;903.75;65070.05;En Riesgo;0.89;0.11;18;6;47
C004043;65;In√≠rida;69;4;120.47;115651.21;En Riesgo;0.86;0.14;47;10;4
C004044;29;Bucaramanga;356;2;636.35;30544.59;Dormido;0.68;0.32;48;6;57
C004045;53;Puerto Carre√±o;66;4;1395.75;133991.63;En Riesgo;0.61;0.39;14;9;84
C004046;21;Sincelejo;3;23;3082.15;1701346.17;Activo;0.6;0.4;43;8;40
C004047;73;Medell√≠n;29;22;2453.79;1295599.5;Activo;0.65;0.35;27;5;58
C004048;54;Barranquilla;29;21;2372.65;1195815.43;Activo;0.65;0.35;19;8;16
C004049;30;Puerto Vallejo;43;6;1539.01;221617.46;En Riesgo;0.58;0.42;20;6;24
C004050;37;Leticia;82;6;940.59;135444.86;En Riesgo;0.83;0.17;40;10;70
C004051;47;Barranquilla;185;1;28.49;6837.56;Dormido;0.69;0.31;20;4;88
C004052;37;Valledupar;47;3;1085.79;78176.53;En Riesgo;0.6;0.4;14;8;24
C004053;60;Leticia;27;11;2504.21;661111.56;Activo;0.5;0.5;31;8;96
C004054;74;Villavicencio;24;13;3095.57;965817.5;Activo;0.44;0.56;24;10;55
C004055;36;Yopal;32;5;1539.48;184737.88;En Riesgo;0.47;0.53;43;4;1
C004056;57;Villavicencio;43;6;1213.21;174701.74;En Riesgo;0.87;0.13;55;6;69
C004057;60;Armenia;88;7;775.86;130343.92;En Riesgo;0.85;0.15;40;9;84
C004058;72;Florencia;84;6;1450.71;208902.55;En Riesgo;0.45;0.55;16;3;59
C004059;46;Manizales;74;7;1291.68;217002.56;En Riesgo;0.76;0.24;29;10;97
C004060;30;Pasto;85;3;1178.02;84817.74;En Riesgo;0.89;0.11;24;3;90
C004061;62;Ibagu√©;14;10;2743.28;658387.07;Activo;0.73;0.27;14;6;78
C004062;61;Cartagena;268;2;703.64;33774.68;Dormido;0.93;0.07;29;3;82
C004063;57;Cartagena;5;19;3657.28;1667720.62;Activo;0.7;0.3;21;11;96
C004064;55;Riohacha;79;3;1410.24;101536.92;En Riesgo;0.61;0.39;49;9;69
C004065;62;Villavicencio;16;23;2084.48;1150630.39;Activo;0.76;0.24;22;5;56
C004066;29;Florencia;75;7;1211.78;203579.04;En Riesgo;0.7;0.3;14;7;0
C004067;38;Quibd√≥;6;22;2466.13;1302114.02;Activo;0.75;0.25;47;11;1
C004068;46;Bucaramanga;56;6;1381.52;198939.6;En Riesgo;0.87;0.13;50;4;58
C004069;69;Florencia;36;6;1502.29;216329.71;En Riesgo;0.89;0.11;52;7;10
C004070;64;Cartagena;240;1;440.13;10563.12;Dormido;0.76;0.24;52;9;42
C004071;32;Quibd√≥;217;1;860.76;20658.2;Dormido;0.64;0.36;27;10;54
C004072;37;Cali;227;1;505.61;12134.73;Dormido;0.91;0.09;36;10;73
C004073;55;San Andr√©s;10;17;2720.06;1109784.4;Activo;0.4;0.6;18;4;41
C004074;26;Armenia;11;19;3927.76;1791058.97;Activo;0.33;0.67;50;4;68
C004075;72;Quibd√≥;25;12;3247.31;935226;Activo;0.69;0.31;30;4;27
C004076;53;Bogot√°;20;13;2320.35;723950.59;Activo;0.48;0.52;19;10;82
C004077;68;Sincelejo;48;3;1209.02;87049.38;En Riesgo;0.41;0.59;58;8;2
C004078;46;Tulu√°;235;1;736.06;17665.44;Dormido;0.54;0.46;47;6;55
C004079;40;Tulu√°;45;5;1130.28;135633.34;En Riesgo;0.82;0.18;20;8;11
C004080;53;Puerto Carre√±o;1;23;2061.74;1138079.02;Activo;0.32;0.68;43;6;55
C004081;46;Puerto Carre√±o;64;3;1070.56;77080.05;En Riesgo;0.81;0.19;39;5;11
C004082;51;In√≠rida;56;4;131.91;126633.29;En Riesgo;0.5;0.5;38;10;61
C004083;46;Cali;159;1;577.93;13870.21;Dormido;0.5;0.5;10;10;45
C004084;37;Leticia;229;2;448.84;21544.39;Dormido;0.85;0.15;51;5;14
C004085;23;Popay√°n;210;2;612.38;29394.26;Dormido;0.71;0.29;54;4;81
C004086;25;Cartagena;50;7;1614.38;271216.63;En Riesgo;0.54;0.46;29;11;92
C004087;37;C√∫cuta;82;4;1382.88;132756.23;En Riesgo;0.5;0.5;46;9;61
C004088;60;Puerto Carre√±o;53;4;1160.68;111425.34;En Riesgo;0.7;0.3;46;6;2
C004089;26;Puerto Vallejo;66;7;915.61;153823.25;En Riesgo;0.66;0.34;10;11;35
C004090;47;Tulu√°;17;19;1444.95;658898.74;Activo;0.5;0.5;14;6;75
C004091;25;Pereira;47;7;1289.02;216556.18;En Riesgo;0.42;0.58;51;8;18
C004092;71;Yopal;20;23;1921.25;1060528.17;Activo;0.54;0.46;13;5;10
C004093;24;Manizales;1;14;2099.93;705575.61;Activo;0.31;0.69;35;9;87
C004094;65;In√≠rida;15;12;2905.74;836853.63;Activo;0.37;0.63;18;4;20
C004095;44;Manizales;73;4;941.45;90378.76;En Riesgo;0.43;0.57;46;3;60
C004096;18;Puerto Vallejo;47;6;1292.74;186154.26;En Riesgo;0.79;0.21;27;7;35
C004097;42;Florencia;3;8;2122.21;407464.54;Activo;0.58;0.42;27;9;26
C004098;29;Pereira;16;17;2366.19;965404.72;Activo;0.78;0.22;50;6;66
C004099;26;Santa Marta;26;11;2850.38;752499.98;Activo;0.56;0.44;44;11;41
C004100;22;Cartagena;316;2;1131.49;54311.64;Dormido;0.53;0.47;7;8;12
C004101;22;Medell√≠n;83;5;1391.15;166937.61;En Riesgo;0.56;0.44;42;7;19
C004102;49;Puerto Carre√±o;12;17;2626.01;1071411.73;Activo;0.69;0.31;54;7;27
C004103;31;Florencia;11;13;2649.59;826671.65;Activo;0.33;0.67;55;3;97
C004104;24;Mocoa;29;13;2734.76;853243.78;Activo;0.73;0.27;59;10;92
C004105;49;Puerto Vallejo;3;11;2675.14;706237.69;Activo;0.66;0.34;54;11;5
C004106;52;Tulu√°;48;6;1593.07;229401.51;En Riesgo;0.52;0.48;10;6;96
C004107;41;Puerto Vallejo;72;5;1509.67;181160.99;En Riesgo;0.89;0.11;27;7;89
C004108;50;Monter√≠a;63;7;1378.09;231519.68;En Riesgo;0.81;0.19;57;8;66
C004109;61;Sincelejo;325;2;363.64;17454.51;Dormido;0.52;0.48;14;6;14
C004110;32;Mocoa;69;7;740.98;124484.75;En Riesgo;0.41;0.59;43;6;14
C004111;54;Ibagu√©;3;9;1659.86;358528.76;Activo;0.44;0.56;14;7;10
C004112;68;Valledupar;57;4;1085.75;104232.11;En Riesgo;0.79;0.21;35;3;34
C004113;47;Quibd√≥;355;1;808.96;19415.08;Dormido;0.51;0.49;51;10;27
C004114;26;Villavicencio;33;7;1605.08;269652.98;En Riesgo;0.88;0.12;37;5;81
C004115;58;Quibd√≥;115;1;656.23;15749.55;Dormido;0.67;0.33;6;4;20
C004116;59;Quibd√≥;162;1;681.83;16363.88;Dormido;0.67;0.33;21;9;92
C004117;28;Leticia;17;12;2316.74;667221.13;Activo;0.71;0.29;10;10;76
C004118;25;Medell√≠n;291;1;63.72;15292.77;Dormido;0.58;0.42;23;6;87
C004119;23;Popay√°n;132;2;420.15;20167.13;Dormido;0.91;0.09;15;9;27
C004120;51;Pasto;55;6;1475.55;212479.43;En Riesgo;0.64;0.36;9;4;15
C004121;42;Mocoa;200;1;404.34;9704.16;Dormido;0.73;0.27;48;4;47
C004122;69;Manizales;16;22;2497.48;1318670.28;Activo;0.54;0.46;52;3;7
C004123;27;Puerto Vallejo;88;3;1007.52;72541.41;En Riesgo;0.8;0.2;21;11;66
C004124;28;Leticia;59;3;1488.45;107168.63;En Riesgo;0.67;0.33;36;6;83
C004125;71;Valledupar;71;5;1181.03;141723.12;En Riesgo;0.46;0.54;21;3;6
C004126;52;Florencia;41;7;1657.36;278436.94;En Riesgo;0.66;0.34;52;7;43
C004127;49;Yopal;23;14;2428.31;815913.64;Activo;0.44;0.56;9;3;17
C004128;48;Ibagu√©;155;1;1066.53;25596.73;Dormido;0.52;0.48;25;5;93
C004129;40;Popay√°n;203;2;999.23;47963.15;Dormido;0.61;0.39;39;4;94
C004130;49;Riohacha;82;5;1274.21;152905.34;En Riesgo;0.89;0.11;20;6;13
C004131;61;Riohacha;18;16;1937.41;743967.03;Activo;0.63;0.37;59;6;66
C004132;32;Puerto Vallejo;16;18;3322.88;1435482.24;Activo;0.57;0.43;37;10;82
C004133;21;Tulu√°;76;3;1012.93;72930.87;En Riesgo;0.82;0.18;22;6;11
C004134;19;C√∫cuta;60;4;1378.44;132330.42;En Riesgo;0.77;0.23;16;8;75
C004135;47;Puerto Vallejo;19;19;2299.93;1048769.59;Activo;0.75;0.25;43;5;8
C004136;74;Leticia;26;21;3100.05;1562426.92;Activo;0.79;0.21;27;8;57
C004137;72;Medell√≠n;271;1;646.07;15505.56;Dormido;0.53;0.47;47;4;28
C004138;20;Bucaramanga;4;13;2295.07;716063.39;Activo;0.69;0.31;28;9;15
C004139;50;Mocoa;10;15;2006.77;722438.92;Activo;0.72;0.28;10;3;18
C004140;55;Tulu√°;55;5;945.39;113446.25;En Riesgo;0.82;0.18;50;7;89
C004141;56;Tulu√°;28;21;3033.79;1529029.26;Activo;0.42;0.58;43;6;18
C004142;24;Villavicencio;62;7;1954.17;328300.16;En Riesgo;0.66;0.34;25;4;62
C004143;21;Bucaramanga;52;3;1052.99;75815.21;En Riesgo;0.4;0.6;12;3;39
C004144;52;Cartagena;62;4;1412.52;135601.49;En Riesgo;0.74;0.26;12;9;88
C004145;54;Cali;14;10;2795.52;670924.52;Activo;0.53;0.47;19;9;6
C004146;69;Armenia;36;5;1308.84;157061.26;En Riesgo;0.67;0.33;31;9;44
C004147;50;Bucaramanga;241;2;287.14;13782.54;Dormido;0.6;0.4;11;9;55
C004148;41;Puerto Carre√±o;48;4;1627.03;156195.07;En Riesgo;0.68;0.32;48;10;3
C004149;56;In√≠rida;25;21;2840.11;1431417.21;Activo;0.47;0.53;31;6;98
C004150;53;Santa Marta;49;4;1145.46;109963.89;En Riesgo;0.55;0.45;46;3;34
C004151;50;In√≠rida;310;1;25.78;6187.22;Dormido;0.88;0.12;53;3;3
C004152;40;Pasto;22;18;2763.02;1193625.34;Activo;0.72;0.28;21;8;79
C004153;57;Pereira;93;1;831.69;19960.57;Dormido;0.81;0.19;27;6;81
C004154;38;C√∫cuta;53;6;1625.92;234133.12;En Riesgo;0.68;0.32;31;11;48
C004155;52;Puerto Vallejo;29;12;1304.79;375778.55;Activo;0.61;0.39;32;3;48
C004156;74;Mocoa;232;1;677.63;16263.08;Dormido;0.65;0.35;32;5;69
C004157;42;Arauca;9;9;1632.88;352701.72;Activo;0.69;0.31;31;5;19
C004158;60;Bogot√°;74;4;1275.81;122478.23;En Riesgo;0.44;0.56;37;3;63
C004159;67;Yopal;180;1;897.47;21539.33;Dormido;0.53;0.47;42;8;45
C004160;49;Arauca;102;2;807.55;38762.41;Dormido;0.87;0.13;57;11;33
C004161;36;Puerto Vallejo;344;2;602.35;28912.81;Dormido;0.7;0.3;37;9;3
C004162;19;Medell√≠n;17;10;2348.34;563601.12;Activo;0.69;0.31;29;8;54
C004163;69;Villavicencio;16;18;2681.53;1158420.11;Activo;0.67;0.33;38;3;17
C004164;73;San Andr√©s;40;3;1390.34;100104.6;En Riesgo;0.68;0.32;57;9;19
C004165;65;Sincelejo;11;8;3014.52;578787.27;Activo;0.79;0.21;11;8;27
C004166;68;Leticia;1;9;2806.53;606211.45;Activo;0.76;0.24;28;3;61
C004167;29;Popay√°n;10;14;2491.17;837033.56;Activo;0.61;0.39;22;7;89
C004168;50;Manizales;75;6;1129.99;162719.18;En Riesgo;0.65;0.35;26;4;20
C004169;64;Medell√≠n;27;8;1443.74;277197.36;Activo;0.39;0.61;25;4;47
C004170;34;Bogot√°;78;3;1023.97;73725.93;En Riesgo;0.59;0.41;28;7;12
C004171;67;Pereira;9;21;273.49;1378391.91;Activo;0.41;0.59;45;8;20
C004172;18;Armenia;251;1;863.23;20717.57;Dormido;0.81;0.19;31;3;38
C004173;62;Bogot√°;14;17;1234.67;503745.68;Activo;0.37;0.63;9;11;18
C004174;36;Ibagu√©;31;5;1077.32;129278.87;En Riesgo;0.78;0.22;11;11;38
C004175;19;Monter√≠a;29;22;247.46;1306590.73;Activo;0.48;0.52;18;8;91
C004176;64;Pereira;356;1;688.59;16526.13;Dormido;0.54;0.46;39;7;67
C004177;26;San Andr√©s;84;6;1027.53;147964.56;En Riesgo;0.62;0.38;23;9;25
C004178;28;Riohacha;48;3;931.66;67079.51;En Riesgo;0.59;0.41;41;10;31
C004179;52;Cartagena;3;13;2284.16;712657.03;Activo;0.56;0.44;9;10;42
C004180;55;Florencia;340;2;765.13;36726.05;Dormido;0.93;0.07;37;3;18
C004181;35;Tulu√°;164;2;432.95;20781.46;Dormido;0.64;0.36;43;11;64
C004182;72;Puerto Carre√±o;27;14;2863.19;962030.29;Activo;0.57;0.43;34;11;66
C004183;55;Puerto Vallejo;56;3;900.53;64838.19;En Riesgo;0.87;0.13;51;5;27
C004184;33;Medell√≠n;192;1;589.82;14155.65;Dormido;0.84;0.16;50;3;10
C004185;57;Arauca;87;6;100.93;145339.89;En Riesgo;0.71;0.29;57;10;73
C004186;67;Popay√°n;12;23;2266.56;1251141.52;Activo;0.6;0.4;50;10;14
C004187;39;Bucaramanga;51;6;1069.79;154049.25;En Riesgo;0.8;0.2;57;5;2
C004188;55;Yopal;234;1;633.38;15201.22;Dormido;0.75;0.25;27;4;86
C004189;73;C√∫cuta;25;19;3660.33;1669112.34;Activo;0.55;0.45;22;11;61
C004190;34;Bucaramanga;32;4;872.67;83775.99;En Riesgo;0.4;0.6;30;9;98
C004191;61;Santa Marta;66;3;508.99;36647.19;En Riesgo;0.8;0.2;35;11;30
C004192;40;Monter√≠a;4;22;2795.61;1476079.66;Activo;0.32;0.68;32;8;0
C004193;26;Medell√≠n;8;15;261.16;940175.63;Activo;0.55;0.45;58;9;8
C004194;57;Barranquilla;82;5;1355.34;162640.89;En Riesgo;0.74;0.26;33;8;67
C004195;19;Bogot√°;139;2;531.78;25525.56;Dormido;0.78;0.22;40;5;67
C004196;47;Valledupar;74;7;1099.01;184633.49;En Riesgo;0.52;0.48;12;8;56
C004197;65;Puerto Carre√±o;32;3;1067.55;76863.89;En Riesgo;0.66;0.34;38;7;0
C004198;68;In√≠rida;25;11;2179.67;575433.07;Activo;0.54;0.46;8;6;9
C004199;74;Pasto;33;5;1930.55;231666.48;En Riesgo;0.52;0.48;34;4;82
C004200;66;Leticia;36;3;1423.38;102483.3;En Riesgo;0.43;0.57;23;8;75
C004201;26;Leticia;14;20;2742.44;1316370.89;Activo;0.48;0.52;37;11;34
C004202;37;Barranquilla;75;4;685.81;65837.46;En Riesgo;0.41;0.59;19;6;38
C004203;39;Yopal;36;3;155.56;112003.11;En Riesgo;0.51;0.49;51;10;55
C004204;69;Santa Marta;41;5;1497.37;179684;En Riesgo;0.73;0.27;25;10;23
C004205;39;Puerto Carre√±o;46;5;1335.58;160269.54;En Riesgo;0.51;0.49;37;5;24
C004206;50;Puerto Vallejo;5;19;2399.61;1094220.83;Activo;0.38;0.62;44;11;62
C004207;59;Quibd√≥;51;5;901.69;108203.22;En Riesgo;0.54;0.46;39;8;70
C004208;60;Manizales;29;14;207.25;696359.92;Activo;0.44;0.56;34;10;3
C004209;68;Valledupar;363;2;573.41;27523.68;Dormido;0.75;0.25;49;4;10
C004210;71;Santa Marta;295;2;958.01;45984.36;Dormido;0.84;0.16;43;6;39
C004211;36;Leticia;35;6;1468.76;211500.89;En Riesgo;0.63;0.37;41;9;56
C004212;41;Yopal;11;13;2392.93;746593.76;Activo;0.35;0.65;29;10;87
C004213;33;Arauca;145;2;900.78;43237.28;Dormido;0.75;0.25;34;3;44
C004214;52;Popay√°n;116;1;40.49;9717.72;Dormido;0.72;0.28;34;9;61
C004215;55;Mocoa;223;1;425.33;10207.99;Dormido;0.88;0.12;12;3;55
C004216;21;Pasto;87;5;1244.42;149329.82;En Riesgo;0.56;0.44;59;9;76
C004217;55;Bucaramanga;19;18;2515.78;1086815.4;Activo;0.7;0.3;50;11;25
C004218;64;Bogot√°;79;6;1806.43;260125.77;En Riesgo;0.82;0.18;38;9;22
C004219;24;Armenia;343;2;627.35;30112.81;Dormido;0.82;0.18;57;3;61
C004220;39;Monter√≠a;73;6;1659.13;238915.2;En Riesgo;0.87;0.13;22;5;52
C004221;29;Yopal;25;22;185.43;979069.26;Activo;0.59;0.41;58;5;88
C004222;25;Quibd√≥;322;2;549.89;26394.94;Dormido;0.76;0.24;10;11;83
C004223;50;Manizales;6;19;267.65;1220482.3;Activo;0.32;0.68;32;5;61
C004224;21;Pasto;7;13;3086.75;963065.98;Activo;0.45;0.55;8;9;47
C004225;28;Sincelejo;25;17;2777.56;1133244.71;Activo;0.69;0.31;37;10;19
C004226;32;Mocoa;359;1;4.15;9959.94;Dormido;0.94;0.06;38;10;42
C004227;53;Arauca;87;5;1114.35;133721.56;En Riesgo;0.76;0.24;59;3;90
C004228;58;Bucaramanga;21;19;2684.97;1224344.5;Activo;0.46;0.54;34;9;34
C004229;28;Quibd√≥;179;1;825.61;19814.7;Dormido;0.78;0.22;31;10;89
C004230;67;Florencia;6;20;2834.12;1360379.57;Activo;0.48;0.52;58;11;74
C004231;60;Leticia;19;21;314.07;1582912.12;Activo;0.36;0.64;34;8;2
C004232;18;C√∫cuta;25;19;2249.36;1025708.33;Activo;0.53;0.47;39;8;73
C004233;56;Armenia;22;17;2742.24;1118831.96;Activo;0.79;0.21;22;11;12
C004234;23;Pasto;22;21;2462.52;1241109.62;Activo;0.51;0.49;7;3;14
C004235;57;In√≠rida;3;22;2859.51;1509821.66;Activo;0.35;0.65;32;3;65
C004236;19;San Andr√©s;183;1;771.74;18521.66;Dormido;0.9;0.1;11;10;34
C004237;18;Bucaramanga;9;8;2638.58;506606.58;Activo;0.75;0.25;48;10;1
C004238;45;Cali;340;2;325.12;15605.97;Dormido;0.82;0.18;37;8;92
C004239;74;Puerto Vallejo;70;4;1610.92;154648.62;En Riesgo;0.7;0.3;53;5;44
C004240;58;Sincelejo;273;1;263.72;6329.4;Dormido;0.89;0.11;19;6;65
C004241;54;Riohacha;59;3;1298.89;93519.99;En Riesgo;0.75;0.25;36;7;85
C004242;65;Popay√°n;18;9;1758.48;379830.61;Activo;0.61;0.39;59;6;25
C004243;36;Ibagu√©;11;20;2933.12;1407898.88;Activo;0.7;0.3;17;6;12
C004244;33;Barranquilla;41;3;1243.28;89515.97;En Riesgo;0.57;0.43;48;10;38
C004245;20;Bucaramanga;85;6;1103.38;158886.4;En Riesgo;0.75;0.25;11;3;9
C004246;30;Pasto;29;11;2594.34;684904.65;Activo;0.71;0.29;49;9;38
C004247;51;Sincelejo;51;3;1502.69;108193.73;En Riesgo;0.67;0.33;43;9;17
C004248;69;Manizales;194;1;848.87;20372.77;Dormido;0.61;0.39;48;7;37
C004249;48;Valledupar;7;16;3025.31;1161719.14;Activo;0.7;0.3;28;9;71
C004250;44;Tulu√°;6;19;2419.31;1103203.42;Activo;0.51;0.49;52;11;13
C004251;50;Valledupar;331;1;586.74;14081.79;Dormido;0.93;0.07;51;5;34
C004252;70;Armenia;7;12;2534.61;729967.83;Activo;0.61;0.39;24;6;85
C004253;25;Bogot√°;34;7;890.66;149630.91;En Riesgo;0.67;0.33;49;11;51
C004254;27;Medell√≠n;12;17;2378.24;970320.79;Activo;0.38;0.62;36;5;43
C004255;53;Medell√≠n;161;2;595.45;28581.58;Dormido;0.82;0.18;58;5;73
C004256;62;Cartagena;3;12;3260.47;939014.2;Activo;0.61;0.39;8;6;93
C004257;19;Monter√≠a;65;5;1104.26;132510.95;En Riesgo;0.81;0.19;53;5;82
C004258;51;Florencia;29;21;2411.41;1215351.43;Activo;0.54;0.46;49;3;41
C004259;32;Ibagu√©;39;5;880.58;105670.12;En Riesgo;0.57;0.43;59;11;40
C004260;20;Villavicencio;8;18;1759.74;760207.23;Activo;0.64;0.36;9;11;95
C004261;56;Florencia;3;20;222.65;1068721.23;Activo;0.74;0.26;22;5;61
C004262;61;Yopal;1;20;2514.32;1206875.79;Activo;0.74;0.26;51;3;63
C004263;28;In√≠rida;69;6;1187.95;171064.92;En Riesgo;0.68;0.32;34;5;72
C004264;51;Sincelejo;6;15;2631.53;947351.77;Activo;0.56;0.44;29;7;9
C004265;36;C√∫cuta;42;6;1139.39;164071.66;En Riesgo;0.52;0.48;29;7;21
C004266;29;Puerto Carre√±o;28;8;2229.84;428129.28;Activo;0.78;0.22;12;10;3
C004267;29;Santa Marta;16;23;2237.71;1235215.66;Activo;0.69;0.31;30;10;22
C004268;51;Sincelejo;270;2;880.05;42242.23;Dormido;0.78;0.22;56;3;51
C004269;58;Medell√≠n;18;9;2237.78;483359.51;Activo;0.44;0.56;53;3;97
C004270;65;Cartagena;153;2;639.95;30717.77;Dormido;0.88;0.12;17;4;31
C004271;51;Puerto Carre√±o;40;7;846.33;142183.04;En Riesgo;0.49;0.51;43;4;25
C004272;53;Riohacha;49;4;1304.54;125236.01;En Riesgo;0.88;0.12;15;9;43
C004273;53;Riohacha;74;5;699.56;83947.04;En Riesgo;0.46;0.54;51;7;81
C004274;31;Puerto Carre√±o;127;1;879.58;21109.89;Dormido;0.86;0.14;39;8;31
C004275;47;Pereira;79;4;1431.03;137379.3;En Riesgo;0.64;0.36;47;7;93
C004276;58;Arauca;69;3;1664.29;119828.62;En Riesgo;0.62;0.38;55;10;0
C004277;57;Ibagu√©;1;10;3251.13;780270.75;Activo;0.45;0.55;50;6;30
C004278;67;Cali;237;1;55.04;13209.7;Dormido;0.51;0.49;17;9;12
C004279;57;Pereira;72;5;1048.33;125800.15;En Riesgo;0.6;0.4;9;6;6
C004280;74;Pereira;53;6;1263.82;181989.45;En Riesgo;0.68;0.32;26;5;76
C004281;27;Armenia;328;1;446.99;10727.7;Dormido;0.93;0.07;6;7;24
C004282;59;Leticia;190;2;936.61;44957.18;Dormido;0.94;0.06;54;9;1
C004283;39;Quibd√≥;4;21;2037.79;1027047.29;Activo;0.79;0.21;12;11;29
C004284;57;Bucaramanga;37;3;1569.84;113028.23;En Riesgo;0.85;0.15;32;4;46
C004285;23;Arauca;257;1;566.08;13586.04;Dormido;0.55;0.45;45;9;8
C004286;65;Tulu√°;212;2;248.03;11905.48;Dormido;0.57;0.43;16;5;41
C004287;74;Leticia;8;12;1985.39;571791.7;Activo;0.38;0.62;39;9;15
C004288;59;Medell√≠n;5;21;2064.06;1040288.38;Activo;0.61;0.39;18;4;28
C004289;34;Manizales;5;13;2144.67;669137.64;Activo;0.74;0.26;27;3;42
C004290;39;Florencia;16;14;2645.42;888862.63;Activo;0.63;0.37;28;6;89
C004291;70;Tulu√°;17;10;2681.83;643638.2;Activo;0.62;0.38;56;5;79
C004292;65;Puerto Carre√±o;76;4;1343.66;128991.21;En Riesgo;0.45;0.55;17;7;56
C004293;53;Bucaramanga;88;7;159.48;267925.91;En Riesgo;0.42;0.58;8;6;87
C004294;63;Cartagena;295;1;826.37;19832.84;Dormido;0.69;0.31;40;3;14
C004295;39;Pereira;14;15;3103.37;1117213.44;Activo;0.35;0.65;52;7;2
C004296;21;Barranquilla;103;2;606.47;29110.74;Dormido;0.58;0.42;29;7;44
C004297;58;In√≠rida;68;4;1002.34;96224.97;En Riesgo;0.45;0.55;17;8;31
C004298;29;Popay√°n;1;16;1577.82;605884.54;Activo;0.56;0.44;21;7;32
C004299;60;Bogot√°;179;2;585.58;28107.99;Dormido;0.71;0.29;10;6;57
C004300;49;Popay√°n;228;1;542.28;13014.66;Dormido;0.88;0.12;32;3;81
C004301;63;San Andr√©s;65;6;1177.82;169606.03;En Riesgo;0.76;0.24;22;7;95
C004302;52;Popay√°n;215;1;524.44;12586.55;Dormido;0.88;0.12;21;3;49
C004303;38;Bucaramanga;72;3;1548.86;111517.79;En Riesgo;0.78;0.22;45;5;71
C004304;54;Mocoa;269;2;893.15;42871.24;Dormido;0.87;0.13;38;8;6
C004305;32;Monter√≠a;5;18;2696.77;1165003.24;Activo;0.31;0.69;42;5;28
C004306;68;Bucaramanga;56;3;162.34;116884.8;En Riesgo;0.67;0.33;39;8;87
C004307;21;Armenia;325;1;480.92;11542.12;Dormido;0.83;0.17;28;4;11
C004308;64;C√∫cuta;63;4;1434.16;137679.03;En Riesgo;0.75;0.25;9;9;27
C004309;74;Pereira;130;2;67.63;32462.19;Dormido;0.63;0.37;34;6;97
C004310;40;In√≠rida;59;5;85.79;102948.32;En Riesgo;0.43;0.57;25;3;25
C004311;36;C√∫cuta;129;1;482.17;11572.01;Dormido;0.66;0.34;28;11;12
C004312;62;Arauca;15;23;2186.35;1206865.08;Activo;0.52;0.48;34;3;60
C004313;57;Quibd√≥;64;3;952.63;68589.11;En Riesgo;0.78;0.22;30;10;48
C004314;35;Florencia;150;2;383.78;18421.64;Dormido;0.69;0.31;7;3;63
C004315;67;Cartagena;21;15;2120.42;763352.75;Activo;0.58;0.42;50;9;35
C004316;51;Medell√≠n;85;4;1069.94;102714.57;En Riesgo;0.5;0.5;9;10;10
C004317;41;San Andr√©s;18;20;3103.34;1489602.36;Activo;0.51;0.49;35;9;79
C004318;69;Cartagena;28;18;2591.98;1119737.33;Activo;0.52;0.48;17;6;19
C004319;29;Mocoa;4;11;1852.01;488931.93;Activo;0.78;0.22;49;7;42
C004320;25;Florencia;83;6;977.49;140759.15;En Riesgo;0.57;0.43;12;7;26
C004321;38;In√≠rida;59;6;954.44;137439.35;En Riesgo;0.85;0.15;35;3;21
C004322;29;Quibd√≥;43;4;722.73;69381.92;En Riesgo;0.48;0.52;52;11;79
C004323;31;Florencia;50;5;1066.95;128034.57;En Riesgo;0.53;0.47;44;6;94
C004324;47;Ibagu√©;311;2;762.07;36579.32;Dormido;0.93;0.07;32;5;60
C004325;56;Villavicencio;234;1;398.83;9571.97;Dormido;0.94;0.06;13;6;2
C004326;30;C√∫cuta;77;7;1316.86;221232.73;En Riesgo;0.45;0.55;15;5;59
C004327;33;Pereira;46;6;1791.21;257934.81;En Riesgo;0.72;0.28;11;8;28
C004328;40;Florencia;19;8;2254.68;432898.77;Activo;0.7;0.3;58;7;53
C004329;57;Pereira;22;16;2086.88;801361.89;Activo;0.8;0.2;29;4;69
C004330;55;Valledupar;13;21;3561.98;1795236.91;Activo;0.5;0.5;20;3;29
C004331;18;Medell√≠n;55;6;905.46;130386.45;En Riesgo;0.79;0.21;14;3;26
C004332;27;Puerto Carre√±o;89;3;1217.53;87662.07;En Riesgo;0.89;0.11;50;11;57
C004333;73;Tulu√°;85;5;1240.81;148897.44;En Riesgo;0.78;0.22;36;10;74
C004334;58;Riohacha;290;1;370.61;8894.66;Dormido;0.82;0.18;59;6;72
C004335;44;Florencia;78;4;937.03;89955.15;En Riesgo;0.69;0.31;40;11;11
C004336;31;Valledupar;36;7;1022.54;171785.88;En Riesgo;0.73;0.27;26;10;13
C004337;64;Yopal;308;1;875.06;21001.48;Dormido;0.8;0.2;44;7;40
C004338;33;Barranquilla;32;6;1076.08;154955.09;En Riesgo;0.62;0.38;7;3;48
C004339;21;Riohacha;53;5;732.46;87894.72;En Riesgo;0.88;0.12;12;10;7
C004340;39;Barranquilla;11;14;2889.67;970927.73;Activo;0.37;0.63;11;9;9
C004341;66;Riohacha;9;13;271.44;846892.97;Activo;0.4;0.6;26;3;6
C004342;35;Riohacha;52;7;1644.96;276353.22;En Riesgo;0.44;0.56;12;4;52
C004343;71;In√≠rida;232;1;629.83;15116.03;Dormido;0.58;0.42;21;4;49
C004344;30;C√∫cuta;58;3;1112.18;80076.67;En Riesgo;0.78;0.22;24;5;1
C004345;68;Sincelejo;314;1;335.83;8059.95;Dormido;0.74;0.26;26;10;25
C004346;33;Quibd√≥;362;2;660.31;31695.06;Dormido;0.76;0.24;54;4;37
C004347;28;Yopal;84;4;1275.56;122453.88;En Riesgo;0.8;0.2;58;4;74
C004348;48;Valledupar;34;6;1006.98;145005.81;En Riesgo;0.43;0.57;33;7;95
C004349;39;In√≠rida;64;5;1086.14;130336.84;En Riesgo;0.44;0.56;43;5;53
C004350;52;Florencia;17;19;2516.91;1147712.8;Activo;0.39;0.61;6;3;80
C004351;39;Florencia;13;12;2035.62;586257.67;Activo;0.75;0.25;55;9;63
C004352;45;Quibd√≥;115;1;487.76;11706.13;Dormido;0.63;0.37;9;5;43
C004353;32;Valledupar;202;1;602.49;14459.83;Dormido;0.94;0.06;16;5;72
C004354;21;Mocoa;53;7;1180.08;198254.1;En Riesgo;0.84;0.16;35;10;20
C004355;53;Pasto;17;22;2005.25;1058770.36;Activo;0.36;0.64;24;10;65
C004356;24;Pereira;21;17;3023.83;1233720.71;Activo;0.34;0.66;51;4;9
C004357;72;Ibagu√©;9;20;1675.04;804019.35;Activo;0.56;0.44;54;6;94
C004358;32;Valledupar;138;1;57.54;13809.52;Dormido;0.94;0.06;33;10;33
C004359;39;Bogot√°;24;19;2462.08;1122706.74;Activo;0.34;0.66;25;7;32
C004360;43;Puerto Carre√±o;12;23;1571.47;867452.49;Activo;0.34;0.66;50;8;29
C004361;41;Ibagu√©;7;16;2571.45;987437.29;Activo;0.42;0.58;47;10;36
C004362;40;Cartagena;100;1;235.51;5652.17;Dormido;0.59;0.41;53;8;94
C004363;44;San Andr√©s;193;2;518.18;24872.45;Dormido;0.78;0.22;28;4;67
C004364;50;San Andr√©s;23;16;2492.99;957309.31;Activo;0.46;0.54;33;10;96
C004365;73;Riohacha;16;15;2786.93;1003296.1;Activo;0.66;0.34;40;8;91
C004366;41;Ibagu√©;21;23;2557.63;1411811.28;Activo;0.36;0.64;20;5;54
C004367;56;Puerto Carre√±o;295;2;713.16;34231.58;Dormido;0.91;0.09;26;7;57
C004368;61;Pasto;78;5;1395.14;167417.23;En Riesgo;0.64;0.36;47;11;18
C004369;19;Armenia;78;3;1482.52;106741.48;En Riesgo;0.81;0.19;24;5;3
C004370;53;Quibd√≥;25;9;2285.45;493657.11;Activo;0.3;0.7;8;4;39
C004371;21;Puerto Carre√±o;32;6;903.63;130122.61;En Riesgo;0.43;0.57;55;5;98
C004372;43;Barranquilla;230;1;388.76;9330.29;Dormido;0.71;0.29;12;9;94
C004373;70;Valledupar;237;1;649.34;15584.05;Dormido;0.89;0.11;36;11;93
C004374;38;Popay√°n;354;2;541.98;26015.01;Dormido;0.58;0.42;14;7;4
C004375;56;Bucaramanga;68;3;1025.93;73867.19;En Riesgo;0.8;0.2;21;5;14
C004376;55;Popay√°n;16;22;2511.74;1326200.95;Activo;0.31;0.69;39;3;18
C004377;48;Leticia;53;6;967.61;139336.34;En Riesgo;0.55;0.45;41;9;89
C004378;54;Manizales;3;23;1122.87;619824.47;Activo;0.39;0.61;36;7;9
C004379;22;Villavicencio;13;8;2917.02;560067.64;Activo;0.32;0.68;34;5;3
C004380;65;Villavicencio;89;4;121.25;116399.78;En Riesgo;0.66;0.34;31;9;32
C004381;24;C√∫cuta;62;5;1041.94;125033.01;En Riesgo;0.47;0.53;14;10;17
C004382;35;Cali;306;1;877.18;21052.21;Dormido;0.94;0.06;51;7;71
C004383;41;Valledupar;29;12;2778.42;800184.32;Activo;0.75;0.25;22;10;68
C004384;22;Puerto Vallejo;31;5;159.55;191459.43;En Riesgo;0.52;0.48;58;4;70
C004385;38;Armenia;1;23;3049.69;1683426.89;Activo;0.73;0.27;13;10;57
C004386;24;Pasto;226;1;651.44;15634.58;Dormido;0.88;0.12;55;6;93
C004387;60;Tulu√°;49;4;1308.69;125634.26;En Riesgo;0.69;0.31;48;8;41
C004388;51;Sincelejo;4;10;2681.15;643476.32;Activo;0.72;0.28;52;10;82
C004389;42;Quibd√≥;74;5;1719.38;206326.01;En Riesgo;0.71;0.29;56;7;9
C004390;63;Arauca;68;3;1526.77;109927.75;En Riesgo;0.56;0.44;11;5;15
C004391;74;Cali;7;17;2585.58;1054917;Activo;0.32;0.68;20;6;57
C004392;37;Ibagu√©;278;1;761.59;18278.23;Dormido;0.95;0.05;30;6;82
C004393;63;Armenia;28;17;3236.36;1320434.07;Activo;0.65;0.35;34;6;41
C004394;50;Puerto Carre√±o;71;3;80.31;57823.55;En Riesgo;0.56;0.44;24;6;81
C004395;39;Pereira;9;18;3290.66;1421564.66;Activo;0.44;0.56;59;10;6
C004396;36;Armenia;298;2;509.13;24438.11;Dormido;0.87;0.13;49;10;14
C004397;51;Bucaramanga;23;18;1357.19;586308.1;Activo;0.7;0.3;37;3;21
C004398;55;C√∫cuta;113;1;636.42;15274.08;Dormido;0.51;0.49;24;5;94
C004399;30;C√∫cuta;12;20;2584.58;1240599.59;Activo;0.77;0.23;53;5;70
C004400;51;Arauca;61;6;111.63;160747.07;En Riesgo;0.65;0.35;13;4;87
C004401;63;Villavicencio;85;5;146.99;176388.21;En Riesgo;0.78;0.22;24;7;75
C004402;19;C√∫cuta;59;6;1157.17;166633.13;En Riesgo;0.82;0.18;30;5;69
C004403;55;Leticia;23;9;3017.84;651854.08;Activo;0.32;0.68;36;4;57
C004404;29;Barranquilla;86;4;865.51;83089.14;En Riesgo;0.8;0.2;14;3;93
C004405;33;Popay√°n;122;2;447.98;21503.15;Dormido;0.6;0.4;13;5;2
C004406;23;Pasto;42;5;157.18;188615.85;En Riesgo;0.52;0.48;23;11;97
C004407;59;Valledupar;26;23;2026.86;1118824.48;Activo;0.58;0.42;24;6;79
C004408;19;Pasto;304;2;338.59;16252.22;Dormido;0.92;0.08;50;11;1
C004409;59;Monter√≠a;49;7;167.67;281685.59;En Riesgo;0.67;0.33;17;5;89
C004410;59;Tulu√°;38;3;1217.77;87679.52;En Riesgo;0.49;0.51;28;6;34
C004411;22;Bogot√°;65;4;1214.18;116561.24;En Riesgo;0.75;0.25;45;4;32
C004412;22;Sincelejo;89;5;1069.19;128302.38;En Riesgo;0.78;0.22;48;10;67
C004413;66;Medell√≠n;71;5;1597.46;191695.6;En Riesgo;0.62;0.38;28;5;97
C004414;58;Tulu√°;28;13;2682.28;836870.73;Activo;0.76;0.24;20;11;42
C004415;68;Leticia;22;14;263.11;884048.46;Activo;0.63;0.37;19;5;25
C004416;58;Villavicencio;76;6;951.62;137033.6;En Riesgo;0.48;0.52;25;4;45
C004417;68;Yopal;29;14;1977.03;664280.75;Activo;0.54;0.46;13;9;59
C004418;71;Manizales;295;2;630.74;30275.72;Dormido;0.56;0.44;56;11;68
C004419;28;Manizales;87;4;140.16;134553.98;En Riesgo;0.68;0.32;52;7;89
C004420;47;Cartagena;15;13;2956.42;922403.57;Activo;0.77;0.23;58;8;53
C004421;23;Riohacha;126;1;579.21;13900.96;Dormido;0.9;0.1;18;11;62
C004422;74;Puerto Vallejo;58;7;98.61;165664.35;En Riesgo;0.73;0.27;38;3;69
C004423;57;Arauca;4;12;2632.51;758163.8;Activo;0.58;0.42;13;11;46
C004424;41;In√≠rida;3;22;188.61;995859.18;Activo;0.64;0.36;15;6;84
C004425;19;Pereira;16;13;1746.23;544823.55;Activo;0.64;0.36;9;3;2
C004426;45;Manizales;15;21;3058.25;1541359.81;Activo;0.34;0.66;11;3;79
C004427;32;Sincelejo;47;6;1424.89;205183.86;En Riesgo;0.9;0.1;19;4;58
C004428;35;San Andr√©s;317;1;711.71;17081.12;Dormido;0.65;0.35;40;3;22
C004429;46;Arauca;59;6;1229.21;177006.17;En Riesgo;0.83;0.17;57;3;20
C004430;54;Cali;4;14;2692.59;904710.5;Activo;0.44;0.56;53;6;46
C004431;68;Puerto Vallejo;4;18;2420.84;1045803.33;Activo;0.3;0.7;37;4;16
C004432;19;Tulu√°;144;1;336.05;8065.2;Dormido;0.66;0.34;41;11;23
C004433;71;Quibd√≥;17;14;2383.19;800751.79;Activo;0.64;0.36;11;11;86
C004434;26;Santa Marta;6;18;2970.95;1283448.49;Activo;0.57;0.43;50;3;4
C004435;67;In√≠rida;20;20;2549.74;1223872.88;Activo;0.32;0.68;53;5;10
C004436;48;Villavicencio;37;3;111.61;80358.87;En Riesgo;0.43;0.57;22;9;93
C004437;71;Mocoa;9;16;2529.38;971282.01;Activo;0.63;0.37;48;3;35
C004438;60;San Andr√©s;113;2;787.75;37811.79;Dormido;0.53;0.47;59;8;99
C004439;20;Santa Marta;42;3;802.71;57795;En Riesgo;0.61;0.39;25;9;68
C004440;32;Santa Marta;13;11;248.25;655381.07;Activo;0.68;0.32;39;7;54
C004441;64;Cartagena;9;16;3249.48;1247798.84;Activo;0.49;0.51;20;4;10
C004442;63;Puerto Vallejo;50;7;1597.77;268425.29;En Riesgo;0.49;0.51;53;11;2
C004443;55;Armenia;24;9;3156.57;681818.35;Activo;0.71;0.29;21;3;29
C004444;60;Arauca;66;6;1525.35;219650.09;En Riesgo;0.43;0.57;11;8;8
C004445;35;Arauca;332;1;786.68;18880.21;Dormido;0.68;0.32;31;4;52
C004446;22;Bogot√°;26;20;3827.47;1837187.79;Activo;0.54;0.46;56;11;6
C004447;27;Santa Marta;15;11;2771.19;731594.73;Activo;0.35;0.65;34;3;33
C004448;60;Tulu√°;191;2;740.64;35550.88;Dormido;0.85;0.15;10;3;18
C004449;59;Valledupar;244;2;644.68;30944.65;Dormido;0.66;0.34;24;4;9
C004450;72;Puerto Vallejo;2;23;2968.81;1638781.1;Activo;0.72;0.28;37;3;72
C004451;64;Puerto Vallejo;82;3;1099.64;79174.16;En Riesgo;0.54;0.46;35;3;52
C004452;36;Sincelejo;57;7;1113.37;187046.27;En Riesgo;0.6;0.4;56;5;10
C004453;60;Popay√°n;26;23;2383.49;1315686.15;Activo;0.72;0.28;57;7;67
C004454;18;Cali;78;5;1344.45;161334.12;En Riesgo;0.58;0.42;7;8;83
C004455;22;Riohacha;4;23;3198.07;1765333.53;Activo;0.67;0.33;22;10;90
C004456;36;Santa Marta;52;6;1589.95;228952.64;En Riesgo;0.66;0.34;23;7;60
C004457;37;Quibd√≥;77;4;12.28;117887.95;En Riesgo;0.53;0.47;23;11;80
C004458;70;Manizales;25;20;1164.89;559146.23;Activo;0.4;0.6;51;6;44
C004459;23;Pasto;286;2;575.69;27633.11;Dormido;0.85;0.15;59;8;54
C004460;30;C√∫cuta;20;14;2335.98;784888.99;Activo;0.49;0.51;25;8;1
C004461;59;Cali;248;1;630.25;15125.89;Dormido;0.56;0.44;47;5;2
C004462;40;Puerto Vallejo;112;1;304.22;7301.38;Dormido;0.68;0.32;40;4;49
C004463;65;Puerto Carre√±o;12;9;2320.78;501287.9;Activo;0.39;0.61;37;11;98
C004464;33;Sincelejo;14;17;2270.73;926457.35;Activo;0.76;0.24;52;7;70
C004465;18;Bogot√°;2;16;241.35;926782.21;Activo;0.76;0.24;20;5;13
C004466;53;Florencia;33;6;1016.58;146388.14;En Riesgo;0.56;0.44;54;6;35
C004467;20;Riohacha;257;2;785.05;37682.61;Dormido;0.69;0.31;58;7;84
C004468;58;In√≠rida;335;1;381.05;9145.3;Dormido;0.72;0.28;20;6;13
C004469;60;Villavicencio;77;6;1099.75;158364.27;En Riesgo;0.86;0.14;14;5;23
C004470;53;Arauca;288;1;338.38;8121.06;Dormido;0.76;0.24;12;5;31
C004471;40;In√≠rida;333;1;715.12;17162.91;Dormido;0.82;0.18;13;9;15
C004472;29;Pereira;34;5;949.61;113952.61;En Riesgo;0.88;0.12;17;10;47
C004473;57;Leticia;6;21;1516.58;764355.04;Activo;0.37;0.63;43;11;2
C004474;59;Tulu√°;6;9;167.56;361928.53;Activo;0.69;0.31;31;8;43
C004475;64;Santa Marta;36;3;986.62;71036.61;En Riesgo;0.47;0.53;24;7;43
C004476;43;Tulu√°;82;7;1305.28;219287.05;En Riesgo;0.63;0.37;35;5;12
C004477;67;Ibagu√©;32;5;859.95;103193.49;En Riesgo;0.78;0.22;12;3;9
C004478;24;Florencia;330;1;480.37;11528.94;Dormido;0.69;0.31;39;5;5
C004479;22;Manizales;173;2;687.85;33016.8;Dormido;0.86;0.14;19;10;64
C004480;20;Villavicencio;32;5;1223.97;146876.74;En Riesgo;0.76;0.24;39;11;9
C004481;53;Yopal;84;3;112.38;80913.72;En Riesgo;0.8;0.2;48;6;57
C004482;41;In√≠rida;224;2;376.08;18051.96;Dormido;0.66;0.34;13;11;28
C004483;71;Valledupar;54;7;1179.55;198163.72;En Riesgo;0.52;0.48;15;9;89
C004484;32;Santa Marta;86;6;1303.64;187724.23;En Riesgo;0.47;0.53;48;11;98
C004485;57;Villavicencio;88;7;813.24;136624.57;En Riesgo;0.71;0.29;38;11;38
C004486;66;Puerto Carre√±o;127;2;549.55;26378.58;Dormido;0.76;0.24;50;7;99
C004487;32;Riohacha;108;2;694.86;33353.22;Dormido;0.87;0.13;47;11;27
C004488;69;Puerto Carre√±o;229;1;673.94;16174.64;Dormido;0.66;0.34;32;11;55
C004489;53;Manizales;70;7;844.34;141849.63;En Riesgo;0.78;0.22;59;10;93
C004490;26;Barranquilla;47;7;1716.13;288309.56;En Riesgo;0.73;0.27;26;7;94
C004491;33;Pasto;69;4;1432.05;137477.16;En Riesgo;0.56;0.44;58;6;1
C004492;49;Puerto Vallejo;70;3;1616.29;116372.88;En Riesgo;0.6;0.4;30;11;34
C004493;33;Sincelejo;45;3;1213.02;87337.36;En Riesgo;0.56;0.44;22;7;20
C004494;56;Armenia;327;1;513.38;12321.08;Dormido;0.73;0.27;43;11;1
C004495;41;Cali;12;22;2542.86;1342628.28;Activo;0.31;0.69;35;5;44
C004496;25;Riohacha;23;14;2658.38;893215.46;Activo;0.51;0.49;18;3;26
C004497;45;C√∫cuta;54;3;963.31;69358.18;En Riesgo;0.6;0.4;35;9;71
C004498;24;Arauca;72;4;1096.55;105269.27;En Riesgo;0.59;0.41;50;4;98
C004499;22;Pereira;1;20;2924.93;1403965.7;Activo;0.44;0.56;17;10;62
C004500;21;C√∫cuta;345;1;516.79;12403.05;Dormido;0.83;0.17;22;6;31
C004501;55;San Andr√©s;14;12;2272.19;654391.41;Activo;0.31;0.69;47;9;34
C004502;72;Pasto;21;16;2762.98;1060984.94;Activo;0.56;0.44;10;7;32
C004503;20;Monter√≠a;77;7;1437.65;241524.6;En Riesgo;0.55;0.45;19;6;77
C004504;50;Medell√≠n;4;16;3084.65;1184505.82;Activo;0.32;0.68;28;7;14
C004505;33;Ibagu√©;20;15;3630.96;1307146.67;Activo;0.59;0.41;12;10;97
C004506;64;Quibd√≥;23;20;2573.71;1235380.56;Activo;0.44;0.56;12;4;73
C004507;28;C√∫cuta;3;23;2668.31;1472906.11;Activo;0.68;0.32;11;10;56
C004508;72;Medell√≠n;12;23;2863.33;1580557.01;Activo;0.44;0.56;50;3;72
C004509;67;Villavicencio;13;17;2069.86;844503.58;Activo;0.39;0.61;24;8;0
C004510;22;Quibd√≥;24;15;2914.57;1049244.25;Activo;0.71;0.29;27;10;43
C004511;68;Cartagena;3;11;2432.63;642214.1;Activo;0.35;0.65;30;8;4
C004512;18;Quibd√≥;21;16;1299.02;498823.74;Activo;0.55;0.45;12;5;60
C004513;58;Pereira;18;23;2731.07;1507550.74;Activo;0.53;0.47;20;7;28
C004514;36;Cartagena;7;22;1646.73;869475.89;Activo;0.4;0.6;28;4;42
C004515;40;Puerto Carre√±o;23;22;3245.44;1713594.62;Activo;0.73;0.27;9;11;50
C004516;43;Arauca;274;2;762.67;36608.08;Dormido;0.73;0.27;17;3;1
C004517;45;Bucaramanga;166;2;739.01;35472.68;Dormido;0.64;0.36;52;8;57
C004518;23;Tulu√°;173;1;520.23;12485.45;Dormido;0.54;0.46;33;7;88
C004519;64;Popay√°n;25;14;263.66;885897.48;Activo;0.69;0.31;42;5;48
C004520;30;Riohacha;55;6;1572.09;226381.42;En Riesgo;0.88;0.12;55;3;92
C004521;21;Bucaramanga;26;12;3832.31;1103704.17;Activo;0.64;0.36;23;4;69
C004522;44;Manizales;6;9;2549.98;550796.11;Activo;0.54;0.46;44;4;82
C004523;55;Popay√°n;181;2;383.31;18399;Dormido;0.69;0.31;20;10;28
C004524;60;Yopal;291;2;508.46;24406.21;Dormido;0.56;0.44;54;8;24
C004525;53;Cartagena;1;19;2585.42;1178953.22;Activo;0.34;0.66;58;7;1
C004526;36;Quibd√≥;62;3;1422.63;102429.49;En Riesgo;0.86;0.14;21;8;26
C004527;64;Cartagena;38;6;13.62;196128.3;En Riesgo;0.44;0.56;59;10;91
C004528;26;C√∫cuta;24;21;2656.65;1338951.6;Activo;0.5;0.5;35;11;39
C004529;69;Popay√°n;55;4;1718.06;164933.46;En Riesgo;0.61;0.39;54;9;75
C004530;49;Arauca;25;22;2390.18;1262014.89;Activo;0.71;0.29;50;10;21
C004531;27;Manizales;226;2;669.61;32141.37;Dormido;0.82;0.18;12;10;11
C004532;44;Florencia;61;5;1015.12;121814.29;En Riesgo;0.78;0.22;30;10;68
C004533;46;In√≠rida;12;18;3656.64;1579669.7;Activo;0.32;0.68;48;10;87
C004534;39;Quibd√≥;159;1;769.58;18469.99;Dormido;0.65;0.35;20;11;69
C004535;69;Manizales;36;5;1852.28;222273.08;En Riesgo;0.84;0.16;41;9;67
C004536;71;Pereira;1;17;2276.42;928780.1;Activo;0.67;0.33;47;7;81
C004537;73;Puerto Carre√±o;48;5;1197.77;143732.23;En Riesgo;0.52;0.48;34;8;2
C004538;73;In√≠rida;64;3;1367.44;98455.34;En Riesgo;0.61;0.39;37;10;10
C004539;40;Puerto Vallejo;78;5;694.44;83332.36;En Riesgo;0.41;0.59;26;3;97
C004540;31;Manizales;213;1;93.25;22380.05;Dormido;0.88;0.12;15;4;70
C004541;64;Mocoa;17;21;2630.14;1325590.93;Activo;0.41;0.59;30;9;76
C004542;56;Puerto Vallejo;11;21;1943.69;979617.36;Activo;0.54;0.46;7;8;98
C004543;43;Quibd√≥;35;5;1063.22;127586.62;En Riesgo;0.53;0.47;57;8;89
C004544;32;Sincelejo;60;7;1523.21;255899.16;En Riesgo;0.87;0.13;16;6;24
C004545;35;Pereira;8;18;2994.45;1293601.39;Activo;0.49;0.51;21;11;77
C004546;19;C√∫cuta;87;3;1361.28;98011.92;En Riesgo;0.81;0.19;16;11;66
C004547;54;Manizales;4;22;2997.79;1582830.7;Activo;0.42;0.58;25;11;49
C004548;67;Villavicencio;121;2;925.21;44409.94;Dormido;0.57;0.43;51;8;92
C004549;41;Santa Marta;25;14;2701.33;907647.12;Activo;0.39;0.61;26;9;61
C004550;69;Santa Marta;73;5;1232.34;147881.13;En Riesgo;0.52;0.48;21;7;8
C004551;72;Santa Marta;363;2;402.08;19299.73;Dormido;0.85;0.15;21;6;95
C004552;36;Yopal;15;17;2873.41;1172349.98;Activo;0.31;0.69;7;7;41
C004553;32;Arauca;70;6;1551.42;223404.64;En Riesgo;0.81;0.19;10;3;68
C004554;19;Florencia;20;20;2315.52;1111449.76;Activo;0.44;0.56;55;5;93
C004555;54;Santa Marta;93;2;652.02;31296.8;Dormido;0.59;0.41;15;7;82
C004556;57;Yopal;7;20;2227.53;1069215.77;Activo;0.51;0.49;23;8;11
C004557;19;Leticia;3;23;2057.61;1135801.84;Activo;0.66;0.34;51;5;85
C004558;45;Pasto;279;1;245.41;5889.78;Dormido;0.62;0.38;50;7;95
C004559;31;Monter√≠a;81;7;1253.68;210618.88;En Riesgo;0.61;0.39;30;11;36
C004560;62;In√≠rida;59;3;597.07;42988.85;En Riesgo;0.56;0.44;29;10;55
C004561;44;Mocoa;108;2;659.66;31663.74;Dormido;0.57;0.43;16;5;27
C004562;66;Yopal;86;6;1278.24;184066.22;En Riesgo;0.71;0.29;58;10;9
C004563;36;Popay√°n;15;13;2306.83;719730.43;Activo;0.32;0.68;59;5;24
C004564;41;Cali;233;1;802.23;19253.51;Dormido;0.71;0.29;9;8;58
C004565;37;Cartagena;49;4;910.64;87421.45;En Riesgo;0.65;0.35;47;4;34
C004566;69;Monter√≠a;3;10;2262.07;542896.89;Activo;0.45;0.55;44;11;59
C004567;40;Yopal;300;2;45.71;21940.98;Dormido;0.7;0.3;46;7;61
C004568;69;Barranquilla;77;3;996.68;71761.16;En Riesgo;0.6;0.4;41;10;6
C004569;50;Bogot√°;57;3;1164.84;83868.76;En Riesgo;0.78;0.22;8;4;34
C004570;34;Ibagu√©;43;3;1107.05;79707.69;En Riesgo;0.44;0.56;15;9;90
C004571;51;Santa Marta;10;16;2446.85;939591.99;Activo;0.32;0.68;36;9;91
C004572;49;Bucaramanga;1;11;3240.35;855453.71;Activo;0.32;0.68;47;11;65
C004573;39;Arauca;27;22;3484.67;1839907.22;Activo;0.58;0.42;6;11;69
C004574;18;In√≠rida;17;9;2149.78;464351.95;Activo;0.33;0.67;25;11;11
C004575;63;Santa Marta;38;4;168.48;161741.04;En Riesgo;0.54;0.46;47;3;78
C004576;46;Cartagena;186;1;128.13;3075.13;Dormido;0.67;0.33;48;4;38
C004577;66;Medell√≠n;1;23;3206.23;1769837.03;Activo;0.43;0.57;56;11;66
C004578;28;Sincelejo;40;7;777.04;130542.93;En Riesgo;0.61;0.39;53;6;7
C004579;21;Puerto Vallejo;23;23;3158.04;1743237.46;Activo;0.8;0.2;58;10;84
C004580;19;Valledupar;78;6;1092.31;157292.06;En Riesgo;0.81;0.19;13;6;12
C004581;39;Sincelejo;58;6;1113.83;160390.83;En Riesgo;0.73;0.27;57;6;71
C004582;31;Valledupar;13;18;2765.82;1194834.89;Activo;0.71;0.29;52;3;6
C004583;53;Riohacha;88;5;1649.81;197977.39;En Riesgo;0.77;0.23;36;9;71
C004584;18;Ibagu√©;3;22;2437.61;1287056.25;Activo;0.8;0.2;56;7;65
C004585;45;Medell√≠n;13;15;3211.69;1156209.5;Activo;0.3;0.7;13;3;20
C004586;43;Bucaramanga;8;15;1131.33;407279.33;Activo;0.47;0.53;12;11;74
C004587;66;Bogot√°;11;15;296.54;1067543.89;Activo;0.52;0.48;50;8;36
C004588;44;Bucaramanga;72;3;43.35;31211.89;En Riesgo;0.5;0.5;27;8;63
C004589;44;Arauca;6;14;1935.44;650306.51;Activo;0.73;0.27;8;7;41
C004590;51;In√≠rida;336;2;90.95;43655.93;Dormido;0.93;0.07;38;6;14
C004591;69;Sincelejo;53;5;129.54;155448.41;En Riesgo;0.87;0.13;15;9;89
C004592;70;Tulu√°;201;2;718.22;34474.35;Dormido;0.78;0.22;18;8;35
C004593;25;Pereira;3;10;1894.03;454566.93;Activo;0.32;0.68;25;7;95
C004594;39;Leticia;2;17;2657.89;1084417.37;Activo;0.59;0.41;46;9;44
C004595;18;Riohacha;9;16;2124.35;815750.58;Activo;0.42;0.58;58;7;81
C004596;55;Arauca;75;3;1308.19;94189.5;En Riesgo;0.84;0.16;30;11;99
C004597;52;Villavicencio;155;1;35.03;8407.12;Dormido;0.5;0.5;12;5;52
C004598;67;Armenia;92;1;367.49;8819.76;Dormido;0.66;0.34;56;5;6
C004599;22;Bucaramanga;181;1;111.15;2667.58;Dormido;0.55;0.45;56;5;32
C004600;44;Tulu√°;19;12;1203.79;346692.64;Activo;0.35;0.65;45;10;64
C004601;41;Barranquilla;330;2;833.49;40007.49;Dormido;0.56;0.44;25;11;64
C004602;67;C√∫cuta;73;6;1467.28;211288.05;En Riesgo;0.84;0.16;46;11;14
C004603;59;Mocoa;49;3;1262.59;90906.31;En Riesgo;0.87;0.13;14;5;70
C004604;70;Santa Marta;43;4;794.21;76243.7;En Riesgo;0.67;0.33;25;11;76
C004605;62;Barranquilla;58;6;1295.95;186617.25;En Riesgo;0.7;0.3;7;4;68
C004606;54;Popay√°n;77;4;1205.01;115681.29;En Riesgo;0.47;0.53;27;10;45
C004607;57;Quibd√≥;23;12;212.86;613037.67;Activo;0.73;0.27;34;8;83
C004608;30;Ibagu√©;56;5;1328.59;159431.3;En Riesgo;0.77;0.23;38;8;26
C004609;19;C√∫cuta;13;15;338.22;1217590.61;Activo;0.34;0.66;21;6;1
C004610;21;Quibd√≥;6;11;1686.45;445222.47;Activo;0.35;0.65;29;3;88
C004611;58;Villavicencio;83;7;1251.24;210208.97;En Riesgo;0.4;0.6;41;6;25
C004612;27;Medell√≠n;46;5;1098.29;131794.43;En Riesgo;0.74;0.26;50;11;81
C004613;23;Tulu√°;14;21;301.52;1519663.06;Activo;0.48;0.52;20;10;90
C004614;29;Pasto;340;2;490.33;23535.93;Dormido;0.88;0.12;14;6;14
C004615;25;Santa Marta;8;12;248.67;716170.68;Activo;0.33;0.67;44;5;54
C004616;33;Cartagena;73;7;1033.12;173563.37;En Riesgo;0.62;0.38;45;5;98
C004617;47;Medell√≠n;343;1;934.87;22436.8;Dormido;0.84;0.16;40;9;5
C004618;31;Monter√≠a;2;23;2304.83;1272263.46;Activo;0.75;0.25;56;4;83
C004619;74;Santa Marta;239;1;419.86;10076.65;Dormido;0.71;0.29;17;6;90
C004620;54;Monter√≠a;112;2;568.69;27297;Dormido;0.77;0.23;12;3;90
C004621;50;Valledupar;62;5;130.48;156576.43;En Riesgo;0.74;0.26;46;3;12
C004622;57;Medell√≠n;79;3;1100.74;79253.57;En Riesgo;0.64;0.36;41;4;77
C004623;69;Valledupar;73;5;936.85;112422.37;En Riesgo;0.53;0.47;47;9;59
C004624;40;Florencia;155;1;53.73;12895.28;Dormido;0.87;0.13;7;4;56
C004625;22;Monter√≠a;266;1;520.16;12483.8;Dormido;0.79;0.21;52;9;9
C004626;32;Puerto Carre√±o;125;1;635.15;15243.54;Dormido;0.77;0.23;11;9;23
C004627;51;Puerto Carre√±o;223;1;507.86;12188.54;Dormido;0.93;0.07;24;4;0
C004628;72;Mocoa;21;23;2207.77;1218687.57;Activo;0.45;0.55;59;6;95
C004629;72;Pereira;23;23;3021.61;1667930.84;Activo;0.69;0.31;7;10;74
C004630;50;Pereira;4;10;2219.49;532678.29;Activo;0.57;0.43;18;11;32
C004631;34;Bogot√°;22;15;3126.45;1125523.69;Activo;0.48;0.52;28;11;42
C004632;41;Pereira;54;5;1095.12;131414.67;En Riesgo;0.89;0.11;15;5;88
C004633;57;C√∫cuta;8;18;3038.17;1312488.68;Activo;0.77;0.23;12;9;38
C004634;50;Bogot√°;1;10;2152.08;516499.06;Activo;0.34;0.66;50;6;36
C004635;65;In√≠rida;51;4;932.55;89524.54;En Riesgo;0.41;0.59;47;4;58
C004636;19;Santa Marta;10;10;2264.87;543567.92;Activo;0.73;0.27;55;11;88
C004637;57;Villavicencio;125;2;727.17;34904.05;Dormido;0.87;0.13;38;6;56
C004638;41;Mocoa;21;20;3183.72;1528187.28;Activo;0.54;0.46;14;5;90
C004639;60;Puerto Carre√±o;141;1;78.76;18902.31;Dormido;0.53;0.47;19;7;14
C004640;70;Arauca;1;19;2922.95;1332863.04;Activo;0.61;0.39;44;7;39
C004641;57;Manizales;66;5;991.06;118926.95;En Riesgo;0.79;0.21;7;3;73
C004642;56;Cartagena;53;4;1198.58;115063.23;En Riesgo;0.76;0.24;26;9;8
C004643;40;Medell√≠n;178;1;683.28;16398.75;Dormido;0.62;0.38;8;4;76
C004644;71;Armenia;197;2;614.88;29514.46;Dormido;0.79;0.21;38;8;7
C004645;54;Arauca;19;23;2617.04;1444606.83;Activo;0.73;0.27;57;8;65
C004646;47;Manizales;49;3;994.44;71599.98;En Riesgo;0.8;0.2;45;6;23
C004647;25;Quibd√≥;81;6;1154.61;166264.22;En Riesgo;0.61;0.39;6;6;27
C004648;36;Pereira;24;21;3167.84;1596592.61;Activo;0.36;0.64;54;11;22
C004649;66;Bogot√°;23;8;1851.94;355573.22;Activo;0.34;0.66;59;6;64
C004650;61;Popay√°n;80;3;1474.98;106198.59;En Riesgo;0.79;0.21;49;3;3
C004651;58;Valledupar;22;19;2902.04;1323329.68;Activo;0.43;0.57;35;10;84
C004652;43;Florencia;37;6;988.41;142330.76;En Riesgo;0.49;0.51;59;9;91
C004653;27;Barranquilla;9;22;2720.53;1436442.22;Activo;0.39;0.61;17;8;26
C004654;31;Bogot√°;299;2;716.59;34396.28;Dormido;0.94;0.06;49;6;27
C004655;71;Bucaramanga;7;18;2460.34;1062867.61;Activo;0.3;0.7;48;9;27
C004656;43;Villavicencio;24;18;2787.35;1204135.7;Activo;0.78;0.22;36;9;95
C004657;19;Ibagu√©;48;3;724.81;52186.36;En Riesgo;0.8;0.2;40;10;1
C004658;21;Villavicencio;55;5;1433.39;172006.57;En Riesgo;0.78;0.22;38;7;29
C004659;40;Medell√≠n;44;5;1559.78;187173.76;En Riesgo;0.48;0.52;45;8;40
C004660;33;Leticia;86;3;1409.19;101461.61;En Riesgo;0.56;0.44;16;5;7
C004661;49;Manizales;9;23;2322.71;1282136.53;Activo;0.54;0.46;17;4;29
C004662;42;Quibd√≥;68;3;1241.09;89358.38;En Riesgo;0.79;0.21;53;3;51
C004663;39;Manizales;4;16;1964.48;754359.97;Activo;0.7;0.3;34;8;87
C004664;39;Medell√≠n;71;4;960.51;92208.94;En Riesgo;0.79;0.21;44;5;95
C004665;65;Ibagu√©;3;13;2250.88;702273.5;Activo;0.41;0.59;17;3;67
C004666;73;Riohacha;38;4;127.37;122275.44;En Riesgo;0.54;0.46;13;4;45
C004667;27;Monter√≠a;10;9;198.77;429343.77;Activo;0.76;0.24;46;10;30
C004668;61;Valledupar;87;7;1083.42;182015.16;En Riesgo;0.81;0.19;14;9;95
C004669;74;Sincelejo;5;14;2523.61;847932.78;Activo;0.5;0.5;14;3;98
C004670;48;Mocoa;284;2;714.07;34275.18;Dormido;0.8;0.2;26;11;53
C004671;35;Armenia;69;7;1106.87;185954.25;En Riesgo;0.88;0.12;23;6;76
C004672;34;Arauca;69;5;1517.86;182143.32;En Riesgo;0.88;0.12;6;5;93
C004673;44;Villavicencio;127;2;69.01;33124.7;Dormido;0.54;0.46;57;8;43
C004674;45;C√∫cuta;52;6;1104.57;159057.96;En Riesgo;0.79;0.21;38;11;9
C004675;53;C√∫cuta;24;19;2343.51;1068640.57;Activo;0.5;0.5;15;9;43
C004676;50;Leticia;26;9;2407.36;519990.11;Activo;0.3;0.7;39;7;12
C004677;57;Tulu√°;54;4;1499.95;143995.57;En Riesgo;0.43;0.57;11;6;79
C004678;29;Bucaramanga;8;13;2009.46;626951.24;Activo;0.68;0.32;54;10;17
C004679;71;Barranquilla;70;7;126.44;212419.01;En Riesgo;0.63;0.37;57;3;28
C004680;32;Villavicencio;93;2;681.78;32725.26;Dormido;0.81;0.19;9;6;88
C004681;71;Florencia;63;5;1700.51;204061.4;En Riesgo;0.84;0.16;41;8;53
C004682;66;Sincelejo;39;5;897.58;107709.99;En Riesgo;0.65;0.35;6;7;25
C004683;40;Ibagu√©;25;14;3536.58;1188290.77;Activo;0.65;0.35;48;4;68
C004684;29;Manizales;24;15;1923.92;692612.49;Activo;0.38;0.62;44;6;78
C004685;24;Arauca;49;3;958.06;68980.26;En Riesgo;0.48;0.52;36;7;3
C004686;35;Ibagu√©;40;7;1309.93;220067.63;En Riesgo;0.83;0.17;55;8;0
C004687;41;Villavicencio;16;21;3225.72;1625760.63;Activo;0.64;0.36;11;11;11
C004688;55;Barranquilla;56;6;761.35;109633.76;En Riesgo;0.7;0.3;22;5;42
C004689;60;Puerto Vallejo;210;2;649.94;31197.01;Dormido;0.64;0.36;35;6;69
C004690;32;Arauca;25;23;2084.23;1150494.82;Activo;0.78;0.22;45;3;22
C004691;22;Cali;2;18;16.53;714094.99;Activo;0.52;0.48;43;9;99
C004692;40;Manizales;284;2;696.13;33414.33;Dormido;0.71;0.29;31;5;33
C004693;64;Quibd√≥;73;6;1341.88;193230.99;En Riesgo;0.47;0.53;22;10;78
C004694;59;Valledupar;118;1;459.94;11038.48;Dormido;0.7;0.3;29;10;75
C004695;55;Quibd√≥;5;17;1873.39;764344.99;Activo;0.45;0.55;22;10;12
C004696;22;Arauca;56;6;1675.73;241304.48;En Riesgo;0.45;0.55;40;3;95
C004697;24;Mocoa;72;3;1593.32;114719.33;En Riesgo;0.8;0.2;39;11;27
C004698;36;C√∫cuta;40;5;1772.28;212673.51;En Riesgo;0.87;0.13;53;3;17
C004699;66;In√≠rida;278;2;207.04;9937.85;Dormido;0.59;0.41;42;8;67
C004700;30;Bucaramanga;29;17;2450.17;999669.1;Activo;0.58;0.42;33;8;49
C004701;23;Santa Marta;108;2;498.48;23927.25;Dormido;0.81;0.19;59;8;39
C004702;74;Medell√≠n;19;13;36.06;1125070.96;Activo;0.64;0.36;32;4;53
C004703;29;Yopal;29;14;2185.72;734401.15;Activo;0.55;0.45;16;11;33
C004704;61;Barranquilla;25;12;3320.04;956172.23;Activo;0.67;0.33;6;3;68
C004705;47;Tulu√°;54;5;13.43;161159.94;En Riesgo;0.77;0.23;14;9;31
C004706;68;Pasto;27;17;2232.37;910806.13;Activo;0.71;0.29;44;3;66
C004707;41;Arauca;359;2;46.85;22487.97;Dormido;0.56;0.44;23;10;24
C004708;37;Armenia;50;3;859.97;61917.94;En Riesgo;0.8;0.2;52;11;80
C004709;35;Yopal;28;14;2157.88;725046.87;Activo;0.33;0.67;49;5;4
C004710;72;Armenia;57;3;1447.58;104225.69;En Riesgo;0.55;0.45;55;9;59
C004711;69;Pereira;19;10;2399.12;575788.8;Activo;0.59;0.41;50;6;41
C004712;35;Pasto;22;16;2970.97;1140853.16;Activo;0.69;0.31;31;3;43
C004713;27;Puerto Carre√±o;6;18;2440.98;1054504.74;Activo;0.53;0.47;47;3;1
C004714;20;Barranquilla;62;5;1384.19;166103.07;En Riesgo;0.73;0.27;11;9;99
C004715;62;Manizales;15;13;2795.05;872054.48;Activo;0.65;0.35;15;8;94
C004716;41;Bogot√°;259;2;480.73;23074.88;Dormido;0.56;0.44;31;8;88
C004717;66;Arauca;64;7;1519.24;255232.6;En Riesgo;0.46;0.54;45;8;67
C004718;59;Quibd√≥;217;2;851.43;40868.59;Dormido;0.94;0.06;22;6;5
C004719;51;Popay√°n;18;14;1674.59;562663.53;Activo;0.41;0.59;46;3;76
C004720;43;C√∫cuta;74;4;1084.66;104127.66;En Riesgo;0.49;0.51;26;3;78
C004721;22;Armenia;72;7;1304.47;219150.22;En Riesgo;0.75;0.25;14;8;52
C004722;32;Tulu√°;287;1;384.84;9236.17;Dormido;0.95;0.05;14;11;7
C004723;33;Villavicencio;29;14;1930.29;648577.74;Activo;0.47;0.53;49;3;73
C004724;37;Popay√°n;38;3;1068.47;76929.86;En Riesgo;0.77;0.23;32;9;13
C004725;67;Yopal;27;20;2852.87;1369378.89;Activo;0.59;0.41;23;11;96
C004726;54;Pereira;15;9;3336.53;720689.47;Activo;0.32;0.68;22;7;77
C004727;23;Ibagu√©;201;2;697.36;33473.24;Dormido;0.64;0.36;28;9;56
C004728;19;Quibd√≥;21;19;2845.54;1297564.76;Activo;0.47;0.53;51;11;53
C004729;26;Santa Marta;23;12;2371.01;682849.59;Activo;0.32;0.68;16;9;20
C004730;25;Cartagena;21;22;3041.47;1605895.03;Activo;0.43;0.57;19;6;90
C004731;21;Yopal;240;2;808.81;38822.88;Dormido;0.53;0.47;19;4;62
C004732;69;In√≠rida;37;7;1372.95;230656.29;En Riesgo;0.77;0.23;47;7;43
C004733;22;Puerto Vallejo;147;2;672.92;32300.22;Dormido;0.75;0.25;29;7;43
C004734;23;Ibagu√©;23;12;2412.27;694734.05;Activo;0.5;0.5;44;10;98
C004735;59;Medell√≠n;28;13;2483.65;774898.19;Activo;0.68;0.32;35;9;99
C004736;54;Armenia;16;13;3079.61;960837.64;Activo;0.45;0.55;46;11;62
C004737;45;Pasto;4;8;2706.26;519601.63;Activo;0.79;0.21;12;8;65
C004738;23;Pereira;52;7;1087.25;182657.72;En Riesgo;0.64;0.36;49;5;61
C004739;71;Mocoa;81;6;1345.96;193817.9;En Riesgo;0.52;0.48;33;9;95
C004740;69;Sincelejo;340;2;358.25;17196.05;Dormido;0.52;0.48;13;7;22
C004741;19;Pasto;27;13;2688.19;838714.28;Activo;0.79;0.21;42;9;81
C004742;74;Ibagu√©;21;18;1220.06;527066.91;Activo;0.45;0.55;45;9;24
C004743;61;Quibd√≥;28;10;2393.17;574360.81;Activo;0.51;0.49;35;11;28
C004744;52;Mocoa;44;5;1600.97;192116.61;En Riesgo;0.81;0.19;49;3;42
C004745;37;In√≠rida;28;19;1568.62;715290.68;Activo;0.63;0.37;52;7;98
C004746;53;Ibagu√©;15;8;2794.56;536555.28;Activo;0.34;0.66;35;9;19
C004747;52;Santa Marta;26;23;1817.76;1003402.14;Activo;0.56;0.44;23;4;51
C004748;32;Arauca;57;4;1233.57;118422.89;En Riesgo;0.53;0.47;8;11;72
C004749;23;In√≠rida;174;2;611.45;29349.4;Dormido;0.63;0.37;47;4;34
C004750;66;Leticia;20;14;3514.89;1181001.43;Activo;0.54;0.46;56;11;67
C004751;21;Monter√≠a;15;9;2983.66;644470.61;Activo;0.37;0.63;29;11;18
C004752;67;Valledupar;9;23;2780.12;1534624.56;Activo;0.53;0.47;15;6;64
C004753;30;In√≠rida;50;6;1088.61;156759.71;En Riesgo;0.75;0.25;16;11;83
C004754;58;Leticia;15;21;2095.77;1056267.81;Activo;0.34;0.66;14;7;81
C004755;23;Monter√≠a;332;2;238.91;11467.78;Dormido;0.58;0.42;50;9;18
C004756;44;Pasto;82;4;1058.91;101654.99;En Riesgo;0.67;0.33;13;11;42
C004757;51;Tulu√°;19;14;3139.39;1054834.29;Activo;0.43;0.57;24;5;34
C004758;49;Armenia;69;3;1108.13;79785.63;En Riesgo;0.89;0.11;12;8;15
C004759;42;Manizales;86;4;990.58;95095.36;En Riesgo;0.77;0.23;8;8;65
C004760;44;Armenia;271;2;675.73;32435.07;Dormido;0.69;0.31;42;9;28
C004761;32;San Andr√©s;76;5;1504.23;180507.3;En Riesgo;0.78;0.22;50;6;5
C004762;60;Valledupar;94;1;551.15;13227.53;Dormido;0.8;0.2;47;6;60
C004763;69;Puerto Carre√±o;23;12;28.6;823680.9;Activo;0.56;0.44;36;8;18
C004764;47;Puerto Carre√±o;15;8;2801.06;537804.41;Activo;0.4;0.6;16;3;13
C004765;43;Bucaramanga;27;8;178.93;343546.54;Activo;0.58;0.42;48;4;86
C004766;30;Santa Marta;29;14;3355.25;1127364.66;Activo;0.33;0.67;29;7;6
C004767;50;Tulu√°;269;1;597.72;14345.19;Dormido;0.81;0.19;36;6;5
C004768;47;C√∫cuta;180;2;658.77;31621.12;Dormido;0.72;0.28;21;8;52
C004769;29;Popay√°n;9;12;2603.48;749801.99;Activo;0.79;0.21;10;5;70
C004770;19;Puerto Vallejo;14;15;2842.25;1023211.77;Activo;0.55;0.45;44;8;41
C004771;39;Puerto Carre√±o;85;7;944.75;158718.45;En Riesgo;0.85;0.15;8;5;40
C004772;23;Barranquilla;5;17;2398.56;978612.85;Activo;0.46;0.54;28;3;55
C004773;54;San Andr√©s;45;6;1275.66;183695.47;En Riesgo;0.48;0.52;8;9;39
C004774;46;Valledupar;181;2;536.26;25740.7;Dormido;0.63;0.37;57;7;32
C004775;46;Medell√≠n;357;1;747.04;17929.03;Dormido;0.83;0.17;25;11;76
C004776;42;Puerto Carre√±o;43;7;113.18;190141.65;En Riesgo;0.55;0.45;15;9;97
C004777;23;Sincelejo;22;16;2739.13;1051827.75;Activo;0.65;0.35;10;9;70
C004778;27;Medell√≠n;1;17;2718.99;1109346.82;Activo;0.61;0.39;25;8;70
C004779;27;Valledupar;148;1;341.81;8203.45;Dormido;0.9;0.1;7;7;92
C004780;31;Puerto Carre√±o;178;1;585.43;14050.42;Dormido;0.75;0.25;51;8;51
C004781;36;Pereira;18;18;2811.48;1214560.07;Activo;0.65;0.35;16;3;89
C004782;24;Arauca;102;1;913.25;21918.09;Dormido;0.88;0.12;21;10;67
C004783;60;Medell√≠n;288;1;740.15;17763.49;Dormido;0.65;0.35;12;11;26
C004784;54;Quibd√≥;57;3;1511.64;108838.17;En Riesgo;0.88;0.12;59;8;17
C004785;39;Medell√≠n;96;2;867.86;41657.4;Dormido;0.66;0.34;21;8;10
C004786;58;Tulu√°;12;15;2605.23;937882.42;Activo;0.6;0.4;49;7;3
C004787;24;Ibagu√©;9;13;3014.56;940543.41;Activo;0.36;0.64;31;6;31
C004788;48;C√∫cuta;19;21;2790.01;1406166.88;Activo;0.78;0.22;33;6;15
C004789;59;Armenia;48;4;1193.51;114576.53;En Riesgo;0.87;0.13;40;11;91
C004790;74;Valledupar;25;23;2658.01;1467218.87;Activo;0.79;0.21;31;7;7
C004791;58;Florencia;67;6;88.75;127799.36;En Riesgo;0.82;0.18;26;8;32
C004792;32;Puerto Carre√±o;76;7;143.65;241332;En Riesgo;0.88;0.12;8;6;2
C004793;67;Yopal;88;5;972.83;116739.77;En Riesgo;0.5;0.5;49;4;44
C004794;49;Manizales;18;11;2468.97;651809.14;Activo;0.74;0.26;50;8;83
C004795;34;Sincelejo;34;3;400.87;28862.46;En Riesgo;0.62;0.38;30;11;52
C004796;21;Medell√≠n;5;18;2690.28;1162199.83;Activo;0.7;0.3;44;5;96
C004797;31;C√∫cuta;212;1;687.21;16492.99;Dormido;0.76;0.24;48;9;88
C004798;38;Leticia;95;2;426.71;20482.21;Dormido;0.63;0.37;55;5;73
C004799;62;Manizales;15;14;2050.61;689004.7;Activo;0.58;0.42;43;4;47
C004800;23;Pereira;58;4;1631.43;156617.65;En Riesgo;0.53;0.47;53;8;10
C004801;31;Medell√≠n;144;1;488.68;11728.22;Dormido;0.52;0.48;27;6;25
C004802;69;Pereira;129;2;355.36;17057.19;Dormido;0.67;0.33;58;11;30
C004803;23;In√≠rida;4;22;211.05;1114346.29;Activo;0.61;0.39;9;3;7
C004804;51;In√≠rida;174;2;417.13;20022.16;Dormido;0.5;0.5;17;6;42
C004805;18;Quibd√≥;79;6;558.17;80376.43;En Riesgo;0.6;0.4;40;11;46
C004806;59;Cali;3;21;1615.07;813997.15;Activo;0.6;0.4;55;5;9
C004807;62;Puerto Carre√±o;50;4;1289.29;123771.7;En Riesgo;0.56;0.44;22;11;51
C004808;22;Armenia;12;15;3041.63;1094986.5;Activo;0.71;0.29;51;10;10
C004809;63;Pasto;152;2;602.82;28935.28;Dormido;0.63;0.37;29;10;68
C004810;73;Puerto Carre√±o;20;13;266.08;830168.41;Activo;0.4;0.6;20;7;55
C004811;56;Cali;20;22;2603.31;1374545.29;Activo;0.41;0.59;18;11;93
C004812;19;Florencia;76;4;1392.16;133647.68;En Riesgo;0.55;0.45;41;9;35
C004813;28;Bogot√°;57;4;994.02;95425.79;En Riesgo;0.45;0.55;14;8;4
C004814;49;Yopal;133;2;289.87;13913.91;Dormido;0.62;0.38;22;5;25
C004815;61;Florencia;10;16;2228.87;855887.78;Activo;0.56;0.44;15;8;57
C004816;35;Puerto Vallejo;39;6;897.72;129271.33;En Riesgo;0.58;0.42;34;9;93
C004817;51;Tulu√°;43;7;765.81;128656.75;En Riesgo;0.44;0.56;54;8;59
C004818;59;Armenia;127;2;43.22;20745.55;Dormido;0.8;0.2;28;9;42
C004819;19;Sincelejo;68;6;1224.88;176382.03;En Riesgo;0.73;0.27;43;4;37
C004820;43;Quibd√≥;51;5;1242.57;149108.85;En Riesgo;0.41;0.59;10;6;45
C004821;55;Ibagu√©;73;6;1486.57;214066.18;En Riesgo;0.6;0.4;28;7;91
C004822;18;Florencia;2;20;3437.84;1650165.24;Activo;0.5;0.5;49;4;79
C004823;53;Villavicencio;81;5;895.22;107426.83;En Riesgo;0.88;0.12;41;5;99
C004824;49;Florencia;6;21;2881.36;1452204.22;Activo;0.62;0.38;12;9;49
C004825;49;Manizales;68;7;1054.16;177098.13;En Riesgo;0.82;0.18;30;7;37
C004826;71;Manizales;11;11;2967.72;783479.37;Activo;0.53;0.47;11;7;59
C004827;47;Santa Marta;221;2;950.25;45611.84;Dormido;0.79;0.21;52;7;10
C004828;42;Popay√°n;47;7;101.05;169764.28;En Riesgo;0.75;0.25;23;5;34
C004829;19;Bogot√°;349;1;5.66;13584.05;Dormido;0.51;0.49;13;5;17
C004830;26;Quibd√≥;112;1;321.44;7714.56;Dormido;0.88;0.12;21;7;82
C004831;47;Pasto;85;5;75.02;90023.68;En Riesgo;0.7;0.3;48;10;49
C004832;59;C√∫cuta;180;1;532.96;12791.04;Dormido;0.72;0.28;16;9;41
C004833;56;Riohacha;22;19;2533.91;1155461.56;Activo;0.79;0.21;59;9;84
C004834;74;Villavicencio;86;7;934.21;156947.32;En Riesgo;0.48;0.52;31;7;19
C004835;42;San Andr√©s;48;7;1042.67;175168.67;En Riesgo;0.49;0.51;43;10;64
C004836;65;Quibd√≥;85;6;121.64;175161.79;En Riesgo;0.77;0.23;59;10;60
C004837;30;Barranquilla;150;2;1;4800;Dormido;0.69;0.31;7;7;56
C004838;41;Arauca;11;17;2041.62;832980.52;Activo;0.79;0.21;21;9;54
C004839;60;Puerto Vallejo;256;1;63.51;15242.3;Dormido;0.9;0.1;46;3;81
C004840;56;Mocoa;12;19;2226.07;1015088.52;Activo;0.76;0.24;23;8;19
C004841;50;Bogot√°;334;1;805.39;19329.45;Dormido;0.81;0.19;53;11;44
C004842;59;Popay√°n;87;6;1219.96;175673.71;En Riesgo;0.49;0.51;44;7;94
C004843;48;Villavicencio;87;6;1689.89;243344.8;En Riesgo;0.83;0.17;59;3;4
C004844;58;Florencia;81;4;1459.47;140108.66;En Riesgo;0.9;0.1;34;10;8
C004845;69;Popay√°n;70;4;1204.86;115666.3;En Riesgo;0.75;0.25;9;3;37
C004846;53;Santa Marta;85;6;1470.74;211786.12;En Riesgo;0.77;0.23;47;3;70
C004847;54;Santa Marta;21;8;215.68;414104.78;Activo;0.62;0.38;35;9;29
C004848;72;Puerto Carre√±o;6;19;2516.86;1147689.99;Activo;0.79;0.21;13;9;38
C004849;41;Riohacha;5;17;1646.17;671636.6;Activo;0.72;0.28;9;11;82
C004850;21;Medell√≠n;119;2;632.76;30372.58;Dormido;0.9;0.1;35;11;92
C004851;53;Cartagena;9;9;2673.61;577500.48;Activo;0.65;0.35;42;11;95
C004852;57;In√≠rida;7;22;2717.58;1434882.15;Activo;0.7;0.3;36;5;42
C004853;59;Puerto Carre√±o;23;17;2415.91;985690.01;Activo;0.37;0.63;44;5;1
C004854;43;Mocoa;27;13;2328.64;726535.8;Activo;0.6;0.4;32;4;23
C004855;53;In√≠rida;2;22;2495.33;1317532.16;Activo;0.39;0.61;18;10;14
C004856;51;Armenia;55;7;117.54;197466.74;En Riesgo;0.89;0.11;39;11;21
C004857;20;In√≠rida;79;7;1374.09;230847.39;En Riesgo;0.54;0.46;59;8;65
C004858;61;San Andr√©s;17;16;2667.83;1024446.65;Activo;0.57;0.43;11;8;51
C004859;66;Leticia;1;23;2811.68;1552048.83;Activo;0.46;0.54;47;3;12
C004860;40;Cartagena;88;6;1833.66;264047.7;En Riesgo;0.5;0.5;51;9;7
C004861;57;Medell√≠n;11;14;2036.87;684389.3;Activo;0.4;0.6;49;10;64
C004862;30;Leticia;248;2;490.98;23566.82;Dormido;0.55;0.45;20;5;15
C004863;44;Pasto;70;5;1504.15;180497.44;En Riesgo;0.7;0.3;43;10;85
C004864;34;Sincelejo;7;21;2140.57;1078848.63;Activo;0.37;0.63;11;5;26
C004865;19;Santa Marta;21;8;2654.91;509743.05;Activo;0.69;0.31;23;4;1
C004866;32;Mocoa;23;15;2243.78;807760.48;Activo;0.31;0.69;30;4;20
C004867;38;Popay√°n;80;5;1040.41;124848.64;En Riesgo;0.55;0.45;46;4;44
C004868;46;Valledupar;24;15;1998.85;719587.57;Activo;0.59;0.41;55;9;46
C004869;22;Valledupar;346;2;67.26;32284.6;Dormido;0.76;0.24;35;10;36
C004870;56;Arauca;25;13;2354.76;734684.78;Activo;0.36;0.64;44;9;94
C004871;43;Yopal;12;16;2830.16;1086781.25;Activo;0.5;0.5;10;3;36
C004872;21;Leticia;64;6;1014.52;146090.22;En Riesgo;0.79;0.21;46;4;7
C004873;21;Pasto;73;3;908.06;65379.99;En Riesgo;0.5;0.5;30;6;17
C004874;67;Mocoa;34;7;51.89;87174.78;En Riesgo;0.76;0.24;43;11;75
C004875;30;Riohacha;89;7;815.65;137028.86;En Riesgo;0.85;0.15;29;10;30
C004876;71;Monter√≠a;62;3;1140.33;82103.97;En Riesgo;0.58;0.42;17;7;22
C004877;58;Pasto;214;1;380.07;9121.59;Dormido;0.75;0.25;7;11;87
C004878;67;Yopal;262;2;656.38;31506.25;Dormido;0.58;0.42;30;7;53
C004879;31;Bogot√°;48;7;938.89;157733.82;En Riesgo;0.79;0.21;42;7;39
C004880;28;Medell√≠n;9;18;2284.53;986917.62;Activo;0.67;0.33;6;7;5
C004881;72;Yopal;61;4;1089.28;104571.07;En Riesgo;0.86;0.14;18;6;20
C004882;50;San Andr√©s;18;14;2951.59;991734.95;Activo;0.33;0.67;16;5;88
C004883;62;Leticia;27;15;2166.96;780104.2;Activo;0.46;0.54;41;11;62
C004884;54;Bucaramanga;222;2;502.23;24106.93;Dormido;0.66;0.34;12;8;59
C004885;65;Florencia;75;6;1035.85;149163.09;En Riesgo;0.47;0.53;43;6;37
C004886;40;Tulu√°;26;23;3168.75;1749150.34;Activo;0.52;0.48;6;6;91
C004887;37;C√∫cuta;14;15;209.65;754738.31;Activo;0.46;0.54;16;8;10
C004888;21;Bucaramanga;9;21;2432.53;1225995.6;Activo;0.53;0.47;35;9;4
C004889;42;Villavicencio;66;6;1169.74;168443.27;En Riesgo;0.49;0.51;46;8;8
C004890;22;Armenia;65;7;1190.19;199951.16;En Riesgo;0.7;0.3;59;3;73
C004891;24;Villavicencio;152;1;414.74;9953.69;Dormido;0.86;0.14;21;7;50
C004892;72;Cali;24;21;2076.11;1046357.7;Activo;0.65;0.35;51;6;54
C004893;18;Sincelejo;215;1;275.86;6620.53;Dormido;0.57;0.43;20;4;63
C004894;60;Barranquilla;172;2;360.38;17298.19;Dormido;0.79;0.21;23;9;40
C004895;41;Armenia;31;3;1442.92;103890.2;En Riesgo;0.79;0.21;25;6;75
C004896;34;Medell√≠n;248;1;517.05;12409.31;Dormido;0.76;0.24;47;10;32
C004897;19;Armenia;13;19;184.77;842551.71;Activo;0.5;0.5;47;3;15
C004898;29;Sincelejo;12;19;2656.18;1211217.74;Activo;0.73;0.27;59;3;15
C004899;18;Valledupar;181;2;346.27;16620.93;Dormido;0.84;0.16;28;4;34
C004900;58;Pasto;55;3;1468.82;105754.75;En Riesgo;0.69;0.31;15;10;38
C004901;21;Barranquilla;6;20;259.76;1246850.04;Activo;0.43;0.57;46;3;93
C004902;24;Leticia;204;1;626.58;15037.84;Dormido;0.65;0.35;34;6;98
C004903;73;Arauca;20;18;2075.84;896761.29;Activo;0.38;0.62;12;11;52
C004904;27;Riohacha;14;9;3078.04;664855.85;Activo;0.75;0.25;10;3;35
C004905;74;Pasto;26;18;2738.41;1182994.02;Activo;0.36;0.64;45;5;37
C004906;62;Popay√°n;120;1;38.19;9165.51;Dormido;0.94;0.06;13;4;28
C004907;70;Santa Marta;36;5;1310.24;157228.36;En Riesgo;0.74;0.26;45;3;69
C004908;68;Monter√≠a;10;20;251.66;1207966.7;Activo;0.45;0.55;14;4;67
C004909;47;Tulu√°;8;21;3259.11;1642593.44;Activo;0.63;0.37;15;4;78
C004910;22;Pasto;2;8;2430.76;466705.33;Activo;0.54;0.46;58;9;23
C004911;74;San Andr√©s;12;12;2873.64;827609.59;Activo;0.7;0.3;8;4;10
C004912;56;Ibagu√©;191;2;743.06;35667.04;Dormido;0.54;0.46;13;11;3
C004913;56;In√≠rida;122;1;702.56;16861.43;Dormido;0.61;0.39;53;9;39
C004914;37;Mocoa;41;3;1471.41;105941.4;En Riesgo;0.83;0.17;27;7;26
C004915;33;Manizales;23;9;3364.24;726675.17;Activo;0.73;0.27;36;11;69
C004916;37;In√≠rida;165;1;768.59;18446.07;Dormido;0.94;0.06;24;8;55
C004917;73;Cali;48;6;939.49;135285.86;En Riesgo;0.57;0.43;52;4;79
C004918;62;Leticia;227;2;241.17;11576.11;Dormido;0.7;0.3;28;7;43
C004919;51;Santa Marta;84;7;923.09;155079.95;En Riesgo;0.84;0.16;34;9;65
C004920;49;Monter√≠a;17;21;2532.61;1276437.87;Activo;0.46;0.54;34;6;65
C004921;73;Cartagena;40;3;937.51;67500.37;En Riesgo;0.46;0.54;21;4;3
C004922;66;Pasto;80;7;1590.27;267165.82;En Riesgo;0.88;0.12;32;10;33
C004923;40;In√≠rida;12;10;2111.05;506652.88;Activo;0.56;0.44;46;6;94
C004924;62;Mocoa;15;11;2442.81;644902.59;Activo;0.57;0.43;23;8;8
C004925;36;Villavicencio;8;16;2067.39;793876.77;Activo;0.62;0.38;32;6;38
C004926;68;Ibagu√©;6;22;2993.04;1580326.15;Activo;0.75;0.25;44;7;91
C004927;59;Florencia;241;2;965.23;46330.92;Dormido;0.66;0.34;37;5;60
C004928;21;Mocoa;31;4;1280.89;122965.78;En Riesgo;0.43;0.57;42;7;26
C004929;42;Leticia;22;11;2758.64;728280.1;Activo;0.39;0.61;8;3;88
C004930;64;Quibd√≥;27;23;2228.24;1229988.04;Activo;0.42;0.58;23;3;45
C004931;42;San Andr√©s;212;2;587.56;28202.82;Dormido;0.58;0.42;32;5;81
C004932;30;Barranquilla;360;1;302.78;7266.71;Dormido;0.68;0.32;45;7;33
C004933;49;Arauca;4;20;2004.62;962215.24;Activo;0.39;0.61;8;10;67
C004934;20;Riohacha;17;11;3251.85;858488.44;Activo;0.49;0.51;44;5;36
C004935;33;Florencia;63;5;1068.35;128201.78;En Riesgo;0.78;0.22;14;4;56
C004936;22;Puerto Vallejo;52;3;1352.13;97353.44;En Riesgo;0.81;0.19;6;3;3
C004937;31;Sincelejo;273;2;53.72;25785.58;Dormido;0.57;0.43;26;3;36
C004938;33;Cartagena;150;1;311.96;7486.95;Dormido;0.7;0.3;56;11;37
C004939;52;In√≠rida;72;4;946.18;90833.74;En Riesgo;0.53;0.47;10;11;40
C004940;49;Pasto;10;13;2104.26;656528.63;Activo;0.4;0.6;50;5;79
C004941;69;Bogot√°;305;2;715.65;34351.11;Dormido;0.73;0.27;52;5;52
C004942;63;Monter√≠a;18;19;1768.32;806354.74;Activo;0.7;0.3;57;10;93
C004943;25;Mocoa;273;2;570.75;27395.81;Dormido;0.64;0.36;53;11;18
C004944;22;Villavicencio;38;5;1156.85;138821.64;En Riesgo;0.46;0.54;18;10;56
C004945;41;Riohacha;38;3;73.38;52833.31;En Riesgo;0.6;0.4;57;9;29
C004946;26;Medell√≠n;70;5;1497.35;179681.91;En Riesgo;0.61;0.39;26;8;73
C004947;63;Yopal;35;7;806.07;135419.99;En Riesgo;0.67;0.33;19;10;75
C004948;58;Barranquilla;36;3;1441.52;103789.65;En Riesgo;0.71;0.29;46;10;58
C004949;36;Leticia;10;22;1862.79;983550.99;Activo;0.61;0.39;20;5;24
C004950;57;Pasto;313;2;884.42;42451.96;Dormido;0.63;0.37;33;10;69
C004951;66;Florencia;5;11;2236.73;590496.56;Activo;0.42;0.58;6;3;51
C004952;68;In√≠rida;65;4;1217.56;116885.37;En Riesgo;0.59;0.41;20;9;71
C004953;23;Puerto Vallejo;276;2;732.51;35160.46;Dormido;0.91;0.09;51;9;5
C004954;40;Florencia;362;2;909.26;43644.42;Dormido;0.9;0.1;56;7;5
C004955;34;Arauca;3;20;1815.62;871499.83;Activo;0.66;0.34;44;4;4
C004956;46;San Andr√©s;65;6;1048.29;150954.33;En Riesgo;0.78;0.22;16;7;56
C004957;59;Sincelejo;19;11;2613.03;689841.16;Activo;0.41;0.59;42;7;24
C004958;25;Pereira;4;17;2870.77;1171275.91;Activo;0.53;0.47;33;8;43
C004959;32;Armenia;5;15;2317.08;834150.58;Activo;0.35;0.65;33;10;13
C004960;62;Cali;51;6;1132.24;163041.95;En Riesgo;0.72;0.28;52;6;17
C004961;19;San Andr√©s;87;6;1333.24;191986.35;En Riesgo;0.81;0.19;58;5;10
C004962;46;Bogot√°;28;14;2537.33;852544.47;Activo;0.6;0.4;57;9;67
C004963;68;Riohacha;110;2;567.66;27247.52;Dormido;0.87;0.13;47;11;74
C004964;40;Riohacha;20;20;2836.42;1361479.86;Activo;0.73;0.27;47;6;33
C004965;30;Medell√≠n;7;16;1828.55;702161.87;Activo;0.3;0.7;53;10;46
C004966;50;C√∫cuta;32;6;133.41;192110.65;En Riesgo;0.86;0.14;48;4;2
C004967;39;Yopal;289;2;396.45;19029.75;Dormido;0.69;0.31;16;11;78
C004968;20;Quibd√≥;6;9;2575.56;556321.48;Activo;0.44;0.56;48;7;72
C004969;50;Medell√≠n;101;1;383.29;9199.05;Dormido;0.64;0.36;44;4;69
C004970;64;Armenia;16;17;1904.83;777172.08;Activo;0.4;0.6;54;4;16
C004971;49;Valledupar;288;2;965.55;46346.58;Dormido;0.54;0.46;9;8;77
C004972;60;Pasto;29;10;229.55;550920.46;Activo;0.67;0.33;29;6;97
C004973;61;San Andr√©s;62;5;1105.27;132632.45;En Riesgo;0.6;0.4;27;4;95
C004974;69;In√≠rida;19;10;2730.38;655291.26;Activo;0.47;0.53;12;5;38
C004975;63;Monter√≠a;28;8;1732.63;332665.42;Activo;0.7;0.3;44;10;39
C004976;31;San Andr√©s;5;22;2403.22;1268900.65;Activo;0.6;0.4;26;6;3
C004977;31;Puerto Vallejo;14;20;2891.96;1388140.86;Activo;0.65;0.35;7;7;28
C004978;74;Riohacha;250;1;821.85;19724.44;Dormido;0.52;0.48;13;11;52
C004979;60;Cartagena;16;19;2286.22;1042518.53;Activo;0.38;0.62;13;6;43
C004980;74;Armenia;40;3;1230.07;88564.87;En Riesgo;0.73;0.27;21;10;83
C004981;62;Leticia;26;13;1647.09;513891.41;Activo;0.6;0.4;39;10;20
C004982;51;Valledupar;72;7;1203.29;202152.29;En Riesgo;0.89;0.11;55;10;53
C004983;37;Manizales;56;6;1425.45;205264.78;En Riesgo;0.49;0.51;20;8;88
C004984;69;Pasto;165;2;590.36;28337.1;Dormido;0.69;0.31;51;11;44
C004985;55;Popay√°n;63;4;144.53;138748.51;En Riesgo;0.42;0.58;54;4;58
C004986;23;San Andr√©s;3;22;2210.84;1167325.36;Activo;0.58;0.42;58;6;77
C004987;44;Sincelejo;38;4;1206.73;115846.55;En Riesgo;0.57;0.43;33;8;33
C004988;33;Manizales;185;2;221.36;10625.09;Dormido;0.87;0.13;24;4;93
C004989;57;Arauca;27;19;2376.08;1083492.49;Activo;0.77;0.23;36;5;85
C004990;59;In√≠rida;8;20;2679.93;1286368.52;Activo;0.73;0.27;35;11;33
C004991;65;Valledupar;312;1;648.75;15570.01;Dormido;0.76;0.24;27;5;13
C004992;19;Cali;14;22;2517.87;1329437.9;Activo;0.34;0.66;39;8;67
C004993;51;Manizales;16;22;2054.26;1084649.79;Activo;0.55;0.45;40;7;27
C004994;43;Monter√≠a;42;7;1672.32;280949.7;En Riesgo;0.77;0.23;48;3;58
C004995;63;San Andr√©s;32;4;1039.38;99780.66;En Riesgo;0.43;0.57;26;8;38
C004996;39;Ibagu√©;27;13;2486.96;775932.96;Activo;0.34;0.66;44;7;17
C004997;31;Bucaramanga;21;18;2575.15;1112463.76;Activo;0.54;0.46;6;11;26
C004998;74;Monter√≠a;12;23;2759.56;1523274.37;Activo;0.44;0.56;6;7;47
C004999;31;Quibd√≥;20;17;173.75;708900.84;Activo;0.63;0.37;49;11;62
C005000;50;Pasto;6;9;2995.48;647023.34;Activo;0.36;0.64;10;10;14