TiendaID;Mes;$ Ventas;Trafico;Conversion;TicketPromedio
T001;2023-01;186533.79;443;0.057;7392.15
T001;2023-02;192054.86;427;0.0606;7425.97
T001;2023-03;206204.61;524;0.0277;14194.93
T001;2023-04;192426.19;473;0.0692;5871.89
T001;2023-05;190355.44;461;0.0324;12742.52
T001;2023-06;152958.79;444;0.0223;15414
T001;2023-07;140763.46;348;0.0402;10065.46
T001;2023-08;128828.81;306;0.0404;10396.38
T001;2023-09;211986.02;673;0.0498;6333.59
T001;2023-10;143402.71;296;0.0224;21661.59
T001;2023-11;242315.3;684;0.0781;4541.51
T001;2023-12;133636.04;341;0.0546;7187.73
T001;2024-01;199707.31;461;0.0277;15650.41
T001;2024-02;175765.4;377;0.0537;8690.41
T001;2024-03;124962.5;404;0.0608;5093.69
T001;2024-04;139753.72;406;0.0521;6616.11
T001;2024-05;177794.6;475;0.0434;8625.3
T001;2024-06;143447.74;545;0.0775;3397.79
T001;2024-07;133935.13;290;0.0413;11182.79
T001;2024-08;140943.86;380;0.0496;7475.17
T001;2024-09;158757.07;586;0.0255;10619.5
T001;2024-10;176507.54;582;0.0768;3949.14
T001;2024-11;237028.99;532;0.0268;16611.69
T001;2024-12;186110.4;436;0.0781;5459.07
T001;2025-01;183081.81;434;0.0702;6009.98
T001;2025-02;145941.54;409;0.0334;10688.87
T001;2025-03;144449.53;414;0.0735;4749.62
T001;2025-04;142519.05;462;0.0549;5618.01
T001;2025-05;115299.9;248;0.0728;6396.24
T001;2025-06;144438.15;363;0.041;9703.54
T001;2025-07;119697.68;280;0.0489;8733.03
T001;2025-08;148728.67;476;0.0398;7840.76
T001;2025-09;116047.13;324;0.0352;10181.81
T001;2025-10;160712.27;369;0.066;6591.43
T001;2025-11;111639.95;245;0.0647;7048.39
T001;2025-12;129105.68;369;0.0487;7193.48
T002;2023-01;130751.78;364;0.0681;5270.84
T002;2023-02;112250.96;227;0.0534;9266.72
T002;2023-03;122302.5;254;0.0751;6402.93
T002;2023-04;124334.59;397;0.0617;5074.92
T002;2023-05;112011.65;224;0.0618;8071.73
T002;2023-06;106079.76;307;0.0642;5388.01
T002;2023-07;108292.96;391;0.0401;6893.17
T002;2023-08;99791.14;341;0.0588;4972.21
T002;2023-09;96250.62;304;0.0416;7604.02
T002;2023-10;109613.94;348;0.0472;6674.25
T002;2023-11;179088.76;564;0.028;11351.44
T002;2023-12;109350.09;406;0.0764;3520.13
T002;2024-01;145691.14;304;0.025;19218.74
T002;2024-02;85292.96;182;0.0531;8836.29
T002;2024-03;108778.84;245;0.0488;9102.43
T002;2024-04;93145.19;188;0.0426;11649.55
T002;2024-05;101524.83;222;0.0541;8445.69
T002;2024-06;134603.3;506;0.0222;11971.46
T002;2024-07;101907.69;266;0.065;5901.82
T002;2024-08;90574.57;189;0.0551;8679.01
T002;2024-09;122301.94;355;0.0345;9994.54
T002;2024-10;119262.12;396;0.0351;8586.23
T002;2024-11;109715.25;234;0.0654;7177.55
T002;2024-12;112323.34;429;0.0361;7245.89
T002;2025-01;102942.25;279;0.0699;5281.06
T002;2025-02;95347.24;292;0.069;4739.48
T002;2025-03;106997.14;289;0.0452;8180.28
T002;2025-04;119691.69;268;0.0584;7644.86
T002;2025-05;101524.58;253;0.0582;6907.75
T002;2025-06;98136.06;252;0.0255;15267.16
T002;2025-07;91352.91;252;0.0746;4860.46
T002;2025-08;107755.44;332;0.0514;6311.05
T002;2025-09;107747.27;295;0.0705;5173.12
T002;2025-10;101971.86;231;0.024;18446.09
T002;2025-11;112344.14;334;0.0325;10349.48
T002;2025-12;101031.5;256;0.0405;9752.42
T003;2023-01;61818.21;156;0.044;9000.66
T003;2023-02;40572.89;96;0.0447;9488.33
T003;2023-03;50483.23;108;0.0509;9203.32
T003;2023-04;46685.04;153;0.0693;4414.57
T003;2023-05;48174.73;143;0.0409;8230.4
T003;2023-06;45692.16;119;0.0414;9274.92
T003;2023-07;37481.67;79;0.0277;17080.47
T003;2023-08;32755.05;120;0.0489;5587.88
T003;2023-09;36447.63;86;0.0507;8322.5
T003;2023-10;41236.01;165;0.0721;3476.5
T003;2023-11;43717.68;161;0.0558;4855.75
T003;2023-12;51675.22;107;0.0342;14078.22
T003;2024-01;44516.08;101;0.0519;8481.56
T003;2024-02;40500.54;141;0.028;10252.42
T003;2024-03;42488.49;101;0.0707;5968.77
T003;2024-04;39067.14;112;0.0263;13284.99
T003;2024-05;46409.52;107;0.0309;14039.85
T003;2024-06;47695.34;175;0.0521;5224.49
T003;2024-07;37268.53;121;0.0406;7598.26
T003;2024-08;24040.51;58;0.0488;8451.18
T003;2024-09;36952.52;93;0.0642;6168.1
T003;2024-10;50995.91;130;0.0427;9153.94
T003;2024-11;55756.09;167;0.074;4519.69
T003;2024-12;35954.77;96;0.0398;9406.16
T003;2025-01;40991.49;85;0.0205;23636.88
T003;2025-02;33778.96;91;0.071;5235.15
T003;2025-03;29866.21;110;0.0684;3979
T003;2025-04;37362.61;78;0.0203;23592.33
T003;2025-05;40909.71;83;0.0494;9986.2
T003;2025-06;39956.93;93;0.0521;8245.61
T003;2025-07;34367.53;93;0.0703;5250.02
T003;2025-08;27037;62;0.0518;8381.12
T003;2025-09;37675.57;88;0.0661;6460.25
T003;2025-10;34041.91;70;0.0392;12309.42
T003;2025-11;34992.32;88;0.0422;9452.78
T003;2025-12;52135.64;135;0.0321;12061.82
T004;2023-01;62731.97;220;0.0202;14120.47
T004;2023-02;70816.78;254;0.0484;5769.25
T004;2023-03;80617.29;291;0.071;3894.43
T004;2023-04;71637.69;164;0.0445;9806.4
T004;2023-05;61319.75;127;0.0633;7608.92
T004;2023-06;53537.27;204;0.0669;3917.18
T004;2023-07;63365.55;141;0.0695;6472.41
T004;2023-08;64227.33;217;0.0341;8687.41
T004;2023-09;71154.87;216;0.0553;5950.43
T004;2023-10;65752.75;156;0.0471;8929.82
T004;2023-11;81666.86;201;0.0524;7750.52
T004;2023-12;78021.38;217;0.0546;6581.73
T004;2024-01;50471.1;132;0.024;15958.75
T004;2024-02;46297.47;151;0.0526;5844.6
T004;2024-03;43546.73;101;0.0616;7020.7
T004;2024-04;53029.25;182;0.0727;4011.16
T004;2024-05;74488.16;189;0.0799;4924.62
T004;2024-06;58437.85;133;0.0624;7018.73
T004;2024-07;48420.74;161;0.0628;4791.82
T004;2024-08;54802.79;147;0.0653;5721.6
T004;2024-09;57698.62;167;0.0474;7269.2
T004;2024-10;48356.21;121;0.0501;7997.83
T004;2024-11;56705.28;161;0.0663;5311.77
T004;2024-12;95789.78;379;0.0559;4526.32
T004;2025-01;68571.35;172;0.0696;5742.99
T004;2025-02;58197.64;119;0.0406;12077.71
T004;2025-03;50159.08;156;0.0569;5659.04
T004;2025-04;41322.58;86;0.0283;16861.17
T004;2025-05;50134.89;116;0.0556;7764.32
T004;2025-06;48244.34;175;0.0751;3667.93
T004;2025-07;54263.34;158;0.0241;14236.78
T004;2025-08;50008.46;186;0.0263;10258.32
T004;2025-09;47420.92;163;0.0312;9345.32
T004;2025-10;45818.17;100;0.0399;11504.8
T004;2025-11;49201.51;122;0.0428;9401.06
T004;2025-12;51422.6;118;0.0323;13485.86
T005;2023-01;104366.3;375;0.0449;6208.27
T005;2023-02;66224.41;138;0.0552;8684.86
T005;2023-03;49866.32;193;0.0748;3453.65
T005;2023-04;90895.49;312;0.022;13224.78
T005;2023-05;64834.75;198;0.0668;4906.02
T005;2023-06;72050.88;238;0.0509;5954.97
T005;2023-07;66343.42;134;0.0475;10388.98
T005;2023-08;85955.22;224;0.0311;12352.59
T005;2023-09;83297.14;256;0.0386;8417.9
T005;2023-10;63972.43;142;0.041;10984.13
T005;2023-11;68188.21;186;0.0575;6383.78
T005;2023-12;110125.37;277;0.0376;10542.91
T005;2024-01;73541.31;172;0.0517;8295.09
T005;2024-02;59598.58;159;0.0659;5677.26
T005;2024-03;108831.75;395;0.0401;6883.01
T005;2024-04;77177.14;243;0.0738;4307.29
T005;2024-05;73106.29;192;0.068;5608.71
T005;2024-06;71566.35;184;0.0352;11010.34
T005;2024-07;76507.54;256;0.0503;5941.3
T005;2024-08;48822.59;124;0.0732;5356.64
T005;2024-09;83134.26;214;0.0632;6153.17
T005;2024-10;84840.54;173;0.0767;6400.12
T005;2024-11;90188.53;316;0.0444;6427.39
T005;2024-12;76345.16;187;0.0642;6364.5
T005;2025-01;66536.78;144;0.0274;16883.05
T005;2025-02;71851.12;169;0.0746;5707.41
T005;2025-03;76548.84;188;0.0402;10116.33
T005;2025-04;62359.79;241;0.0698;3702.17
T005;2025-05;77030.88;229;0.0664;5062.44
T005;2025-06;74798.75;245;0.0785;3885.14
T005;2025-07;55098.22;124;0.0269;16568.67
T005;2025-08;60037.34;163;0.0309;11891.65
T005;2025-09;63596.98;171;0.0507;7314.55
T005;2025-10;70636.3;201;0.0331;10599.24
T005;2025-11;85832.81;209;0.0453;9078.22
T005;2025-12;85298.42;187;0.0518;8799.7
T006;2023-01;219150.23;821;0.0443;6020.41
T006;2023-02;261891.36;700;0.0632;5922.38
T006;2023-03;186584.56;431;0.035;12357.27
T006;2023-04;184609.96;452;0.0497;8221.99
T006;2023-05;249600.68;711;0.0663;5299.18
T006;2023-06;218118.08;614;0.0412;8622.1
T006;2023-07;191459.43;717;0.0702;3802.97
T006;2023-08;179433.87;499;0.0749;4795.07
T006;2023-09;227307.26;466;0.0438;11126.44
T006;2023-10;248085.32;508;0.0281;17385.07
T006;2023-11;177370.34;461;0.0297;12952.55
T006;2023-12;234047.71;508;0.0708;6504
T006;2024-01;182675.29;544;0.0411;8179.03
T006;2024-02;262191.92;742;0.0623;5669.72
T006;2024-03;165729.11;616;0.0247;10905.06
T006;2024-04;257260.98;1027;0.0781;3210.08
T006;2024-05;217323.18;443;0.0674;7277.73
T006;2024-06;170733.78;404;0.0513;8242.13
T006;2024-07;184337.21;419;0.0634;6931.21
T006;2024-08;197211.88;482;0.0788;5191.98
T006;2024-09;189088.95;447;0.0231;18327.78
T006;2024-10;199747.5;478;0.0226;18431.82
T006;2024-11;173561.68;529;0.0272;12052.79
T006;2024-12;294031.06;679;0.0316;13713.93
T006;2025-01;169159.23;377;0.0647;6936.76
T006;2025-02;147478.05;559;0.0473;5574.47
T006;2025-03;226565.37;549;0.0419;9850.14
T006;2025-04;177243.36;454;0.0489;7984.85
T006;2025-05;168752.77;468;0.0443;8137.91
T006;2025-06;189940.7;483;0.0682;5760.77
T006;2025-07;191641.4;441;0.0512;8483.95
T006;2025-08;155559.16;436;0.0726;4913.29
T006;2025-09;133103.88;267;0.02;24861.55
T006;2025-10;101378.09;342;0.043;6886.23
T006;2025-11;259269.2;816;0.0439;7242.41
T006;2025-12;166333.05;609;0.0402;6792.18
T007;2023-01;108746.38;434;0.048;5221.56
T007;2023-02;117557.55;274;0.0553;7749.15
T007;2023-03;97174.54;304;0.0746;4279.21
T007;2023-04;88559.17;181;0.0679;7205.49
T007;2023-05;98202.28;312;0.0553;5690.24
T007;2023-06;114183.02;230;0.0646;7697.94
T007;2023-07;93369.91;351;0.0441;6038.05
T007;2023-08;83319.85;182;0.0272;16813.19
T007;2023-09;107644.28;411;0.043;6080.47
T007;2023-10;104763.42;257;0.033;12354.5
T007;2023-11;125240.16;330;0.0558;6797.8
T007;2023-12;85899.67;227;0.0495;7657.23
T007;2024-01;97688.06;196;0.0738;6758.43
T007;2024-02;125853.07;288;0.0221;19779.54
T007;2024-03;84014.42;177;0.0716;6615.64
T007;2024-04;61294.21;193;0.0486;6548.06
T007;2024-05;79461.51;304;0.0711;3670.58
T007;2024-06;89672.49;186;0.0641;7532
T007;2024-07;78459.81;245;0.0352;9111.41
T007;2024-08;80459.62;164;0.0266;18463.12
T007;2024-09;79565.17;168;0.0795;5958.34
T007;2024-10;98813.35;252;0.0597;6577.12
T007;2024-11;103833.99;269;0.0719;5370.07
T007;2024-12;104599;224;0.0347;13452.73
T007;2025-01;106125.36;367;0.0296;9766.92
T007;2025-02;68725.59;142;0.0264;18312.02
T007;2025-03;73247.75;172;0.0314;13547.15
T007;2025-04;94238.77;375;0.0692;3631.47
T007;2025-05;79464.4;259;0.0745;4121.68
T007;2025-06;70008.03;235;0.025;11909.47
T007;2025-07;80084.46;242;0.0536;6187.8
T007;2025-08;67117.78;266;0.0691;3649.67
T007;2025-09;66789.65;237;0.037;7624.53
T007;2025-10;75534.79;164;0.0435;10568.35
T007;2025-11;85723.28;291;0.0652;4521.09
T007;2025-12;81670.89;184;0.0768;5761.66
T008;2023-01;93804.6;220;0.0484;8822.64
T008;2023-02;78782.31;298;0.0245;10803.19
T008;2023-03;78323.18;190;0.0557;7399.67
T008;2023-04;109530.1;317;0.0239;14450.22
T008;2023-05;78695.97;173;0.0352;12935.69
T008;2023-06;97767.09;391;0.0295;8472.88
T008;2023-07;82184.56;298;0.0713;3867.21
T008;2023-08;73388.3;192;0.0696;5488.53
T008;2023-09;91567.69;207;0.0338;13111.35
T008;2023-10;74652.73;264;0.0721;3923.71
T008;2023-11;102060.31;220;0.0779;5962.92
T008;2023-12;98432.1;224;0.0465;9455.16
T008;2024-01;65260.26;151;0.0648;6657.98
T008;2024-02;63999.04;213;0.0721;4162.86
T008;2024-03;82686.48;225;0.0526;6994.78
T008;2024-04;95797.03;331;0.0322;8994.19
T008;2024-05;93788.2;369;0.0678;3752.74
T008;2024-06;46862.46;145;0.0747;4330.63
T008;2024-07;82848.02;266;0.0535;5829.11
T008;2024-08;80654.76;263;0.0296;10333.56
T008;2024-09;57993.1;146;0.046;8643.71
T008;2024-10;84057.79;169;0.029;17121.33
T008;2024-11;110129.71;316;0.0785;4445.43
T008;2024-12;79319.16;184;0.0594;7244.68
T008;2025-01;72088.05;165;0.0288;15207.28
T008;2025-02;73484.24;267;0.0543;5081.59
T008;2025-03;67761.35;224;0.0408;7423.45
T008;2025-04;63295.47;143;0.0765;5805.24
T008;2025-05;67029.03;142;0.025;18862.67
T008;2025-06;57970.9;127;0.0415;10999.51
T008;2025-07;63956.71;140;0.0225;20264.34
T008;2025-08;49266.01;118;0.0771;5416.79
T008;2025-09;79596.51;197;0.0379;10631.02
T008;2025-10;75662.25;156;0.0768;6296.12
T008;2025-11;88395.06;219;0.0491;8215.09
T008;2025-12;79554.85;192;0.0532;7807.53
T009;2023-01;152857.57;413;0.0224;16494.63
T009;2023-02;136967.14;318;0.0556;7755.97
T009;2023-03;114870;278;0.0488;8461.88
T009;2023-04;106703.33;290;0.0647;5684.57
T009;2023-05;159835.23;342;0.046;10168.73
T009;2023-06;147165.32;394;0.0249;14997.81
T009;2023-07;85449.35;244;0.0332;10556.02
T009;2023-08;96514.44;210;0.0305;15109.65
T009;2023-09;125717.89;256;0.045;10904.26
T009;2023-10;139471.41;321;0.0661;6566.98
T009;2023-11;181046.47;481;0.0526;7152.57
T009;2023-12;215746.23;838;0.0437;5884.82
T009;2024-01;136136.65;339;0.0559;7188.02
T009;2024-02;138408.66;278;0.037;13448.99
T009;2024-03;147142.38;433;0.043;7896.38
T009;2024-04;147815.92;478;0.0666;4641.65
T009;2024-05;120963.86;344;0.0561;6261.26
T009;2024-06;96710.72;256;0.0448;8444.35
T009;2024-07;132339.05;495;0.0462;5781.61
T009;2024-08;104442.01;262;0.0548;7271.62
T009;2024-09;103356.45;249;0.0257;16163.49
T009;2024-10;93892.96;268;0.0715;4893.19
T009;2024-11;161549.39;640;0.0553;4561.23
T009;2024-12;104257.05;337;0.0341;9074.32
T009;2025-01;139833.03;297;0.0465;10122.8
T009;2025-02;102325.89;245;0.0287;14518.76
T009;2025-03;78538.64;217;0.0553;6555.79
T009;2025-04;88474.98;220;0.0414;9694.36
T009;2025-05;83967.77;219;0.0669;5729.98
T009;2025-06;99851.53;214;0.0535;8713.18
T009;2025-07;121214.44;315;0.0221;17458.25
T009;2025-08;76913.4;261;0.0253;11654.04
T009;2025-09;113499.53;411;0.0551;5007.73
T009;2025-10;88940.52;240;0.0612;6049.48
T009;2025-11;150966.82;594;0.0394;6457.45
T009;2025-12;121262.94;387;0.0513;6111.75
T010;2023-01;129300.68;459;0.028;10064.61
T010;2023-02;82734.71;289;0.0764;3742.49
T010;2023-03;106295.14;358;0.0638;4652.91
T010;2023-04;127352.96;441;0.0341;8482.82
T010;2023-05;115526.66;371;0.0699;4452.76
T010;2023-06;115827.91;248;0.0661;7051.04
T010;2023-07;106813.72;223;0.056;8559.94
T010;2023-08;98788.4;204;0.0696;6970.5
T010;2023-09;127416.68;378;0.0296;11406.46
T010;2023-10;142663.05;356;0.0391;10265.35
T010;2023-11;126616.92;393;0.0265;12136.08
T010;2023-12;136140.25;330;0.0659;6260.34
T010;2024-01;107181.7;225;0.0727;6540.82
T010;2024-02;120398.12;366;0.0721;4565.1
T010;2024-03;83360.67;202;0.0397;10383.85
T010;2024-04;91600.22;225;0.0566;7201.85
T010;2024-05;73080.03;189;0.0558;6939.07
T010;2024-06;120479.29;312;0.0467;8280.73
T010;2024-07;93059.13;319;0.0586;4988.7
T010;2024-08;88352.32;201;0.05;8792.02
T010;2024-09;110072.4;238;0.0749;6169.22
T010;2024-10;100504.91;222;0.0265;17088.37
T010;2024-11;119899.01;385;0.0486;6409.6
T010;2024-12;96315.12;276;0.053;6581.56
T010;2025-01;108883.44;286;0.0693;5484.41
T010;2025-02;109491.42;306;0.0738;4846.91
T010;2025-03;77616.8;259;0.0488;6139.13
T010;2025-04;114825.16;384;0.03;9961.33
T010;2025-05;98737.06;236;0.0758;5509.95
T010;2025-06;123443.5;322;0.0549;6983.11
T010;2025-07;84331.17;241;0.0786;4452.43
T010;2025-08;74521.63;163;0.0513;8876.41
T010;2025-09;81029.63;250;0.0676;4789.92
T010;2025-10;93846.79;317;0.0751;3947.33
T010;2025-11;90563.92;200;0.0424;10703.39
T010;2025-12;99760.53;261;0.0267;14272.61
T011;2023-01;281149.87;627;0.0588;7626.93
T011;2023-02;244250.27;513;0.0662;7197.83
T011;2023-03;217998.94;560;0.0353;11012.27
T011;2023-04;299332.2;647;0.0603;7676.7
T011;2023-05;220657.59;488;0.066;6854.35
T011;2023-06;244095.42;847;0.0341;8449.46
T011;2023-07;187792.5;402;0.0484;9660.55
T011;2023-08;179902.57;548;0.0338;9701.91
T011;2023-09;251928.17;835;0.0583;5174.31
T011;2023-10;271232.21;1025;0.0285;9282.58
T011;2023-11;231551.38;727;0.0558;5707.97
T011;2023-12;261076.13;722;0.0635;5694.69
T011;2024-01;305082.52;1201;0.0405;6275.86
T011;2024-02;249006.75;745;0.0743;4497.51
T011;2024-03;275055;621;0.0359;12346.33
T011;2024-04;269837.02;770;0.042;8336.96
T011;2024-05;287228.31;855;0.057;5889.78
T011;2024-06;268187.49;643;0.0242;17250.89
T011;2024-07;195013.31;476;0.0363;11305.63
T011;2024-08;250021.81;813;0.0474;6490.14
T011;2024-09;248007.07;833;0.0231;12859.85
T011;2024-10;168259.88;337;0.0468;10663.92
T011;2024-11;206372.7;619;0.0548;6080.64
T011;2024-12;305230.87;1043;0.0446;6565.59
T011;2025-01;232187.84;653;0.0693;5131.74
T011;2025-02;207390.53;600;0.0272;12711.84
T011;2025-03;217584.9;441;0.0212;23278.51
T011;2025-04;229887.42;739;0.0603;5156.68
T011;2025-05;224268.66;821;0.0354;7713.45
T011;2025-06;211625.78;526;0.0504;7976.97
T011;2025-07;185913.81;641;0.0238;12184.45
T011;2025-08;167327.76;499;0.0429;7826.9
T011;2025-09;180377.09;536;0.0343;9800.46
T011;2025-10;227170.9;710;0.0765;4179.68
T011;2025-11;226432.66;483;0.0297;15765.72
T011;2025-12;234572.85;599;0.0435;9011.06
T012;2023-01;89704.2;233;0.0577;6673.95
T012;2023-02;143416.09;343;0.0519;8057.46
T012;2023-03;126646.6;418;0.0691;4383.36
T012;2023-04;149478.18;452;0.0214;15469.16
T012;2023-05;130049.66;266;0.0544;8997.95
T012;2023-06;126627.31;262;0.0545;8864.14
T012;2023-07;86651.38;216;0.0284;14164.59
T012;2023-08;117873.92;248;0.0698;6802.84
T012;2023-09;139943.46;307;0.06;7607.74
T012;2023-10;130628.93;466;0.0487;5759.24
T012;2023-11;120554.5;447;0.0666;4053.72
T012;2023-12;157406.1;561;0.0557;5039.91
T012;2024-01;143299.07;573;0.0211;11874.08
T012;2024-02;119184.04;297;0.0419;9564.54
T012;2024-03;148512.99;498;0.0327;9110
T012;2024-04;87574.72;236;0.0653;5687.67
T012;2024-05;96402.88;270;0.0302;11824.92
T012;2024-06;139339.34;519;0.067;4012.1
T012;2024-07;96980.43;229;0.0571;7408.58
T012;2024-08;99405.01;243;0.0337;12103.56
T012;2024-09;106234.47;362;0.0593;4944.75
T012;2024-10;105686.19;229;0.0635;7280.35
T012;2024-11;131160.19;317;0.0413;10023.69
T012;2024-12;166404.15;436;0.0489;7799.41
T012;2025-01;107442.88;219;0.0349;14061.53
T012;2025-02;93447.09;330;0.0451;6282.88
T012;2025-03;118442.62;282;0.0314;13391.37
T012;2025-04;133422.14;330;0.0394;10269.9
T012;2025-05;116310.58;388;0.0239;12552.42
T012;2025-06;125713.78;482;0.0423;6164.39
T012;2025-07;108094.94;288;0.036;10423.29
T012;2025-08;76516.44;266;0.0276;10397.71
T012;2025-09;98427.62;238;0.0686;6015.74
T012;2025-10;111883.82;277;0.0716;5637.81
T012;2025-11;131567.56;464;0.0261;10841.84
T012;2025-12;118881.85;287;0.0766;5415.62
T013;2023-01;187752.38;599;0.0669;4684.67
T013;2023-02;190392.19;549;0.047;7373.03
T013;2023-03;226508.7;738;0.0734;4181.12
T013;2023-04;216064.65;782;0.0793;3485.95
T013;2023-05;182325.2;505;0.0229;15777.03
T013;2023-06;214535.71;776;0.0221;12484.81
T013;2023-07;178586.73;474;0.0433;8718.96
T013;2023-08;168674.03;342;0.0765;6437.08
T013;2023-09;178872.56;401;0.0413;10800.57
T013;2023-10;210875.13;461;0.0241;18971.02
T013;2023-11;141454.01;397;0.025;14267.47
T013;2023-12;239071.76;536;0.0337;13234.75
T013;2024-01;173664.41;352;0.06;8227.67
T013;2024-02;165686.36;338;0.0487;10061.68
T013;2024-03;166475.84;351;0.0393;12049.79
T013;2024-04;165970.22;596;0.0492;5664.85
T013;2024-05;139564.74;291;0.0512;9368.02
T013;2024-06;138015.17;529;0.0266;9791.7
T013;2024-07;154580.78;387;0.0257;15549.49
T013;2024-08;163807.01;472;0.0298;11641.56
T013;2024-09;108589.88;341;0.0757;4206.76
T013;2024-10;156819.23;619;0.0795;3182.84
T013;2024-11;244967.37;586;0.039;10710.24
T013;2024-12;175786.26;455;0.0582;6636.45
T013;2025-01;165560.88;542;0.0787;3878.67
T013;2025-02;159757.61;541;0.0232;12704.68
T013;2025-03;185550.06;562;0.0652;5062.26
T013;2025-04;154541.01;358;0.0265;16315.78
T013;2025-05;108648.06;258;0.0255;16514.59
T013;2025-06;144410.77;502;0.0405;7095.4
T013;2025-07;139104.82;394;0.0655;5395.45
T013;2025-08;139859.05;506;0.0291;9503.03
T013;2025-09;169835.79;621;0.0546;5005.26
T013;2025-10;134399.06;463;0.0535;5426.3
T013;2025-11;188729.55;417;0.0645;7022
T013;2025-12;153136.18;513;0.0728;4100.74
T014;2023-01;101737.95;234;0.0689;6321.37
T014;2023-02;145384.17;360;0.0613;6589.27
T014;2023-03;136843.53;359;0.0709;5375.63
T014;2023-04;82155.65;179;0.07;6574.98
T014;2023-05;136052.43;310;0.0705;6226.28
T014;2023-06;141157.9;384;0.0501;7333.55
T014;2023-07;103115.95;251;0.0668;6148.11
T014;2023-08;91708.01;301;0.0283;10764.38
T014;2023-09;110626.36;319;0.0441;7859.57
T014;2023-10;109296.5;233;0.0506;9258.99
T014;2023-11;127322.96;416;0.0622;4927.25
T014;2023-12;143439.16;545;0.0492;5350.06
T014;2024-01;140529.97;550;0.0393;6502.82
T014;2024-02;138452.76;338;0.0289;14136.93
T014;2024-03;128871.63;260;0.0326;15203.57
T014;2024-04;123998.41;272;0.0512;8908.67
T014;2024-05;94141.08;217;0.0342;12704.48
T014;2024-06;102934.22;300;0.0238;14434.48
T014;2024-07;104981.26;242;0.038;11415.4
T014;2024-08;105066.79;358;0.0583;5036.12
T014;2024-09;83760.92;199;0.0795;5303.77
T014;2024-10;103263.39;236;0.0644;6782.77
T014;2024-11;129479.04;444;0.062;4697.62
T014;2024-12;122502;309;0.0552;7183.58
T014;2025-01;106712.19;239;0.0234;19070.62
T014;2025-02;102116.38;220;0.0335;13812.94
T014;2025-03;87926.49;237;0.0461;8029.06
T014;2025-04;64657.88;133;0.0624;7766.67
T014;2025-05;88930.61;187;0.0746;6383.54
T014;2025-06;96871.23;218;0.0204;21793.1
T014;2025-07;80922.62;168;0.0483;9946.6
T014;2025-08;70915.88;280;0.037;6853.85
T014;2025-09;78497.43;176;0.0785;5692.21
T014;2025-10;77576.5;226;0.0457;7495.69
T014;2025-11;99600.83;345;0.0712;4061.16
T014;2025-12;117391.19;449;0.0572;4575.31
T015;2023-01;132647.05;403;0.0663;4958.38
T015;2023-02;115013.84;266;0.0529;8187.49
T015;2023-03;112511.72;399;0.0729;3866.78
T015;2023-04;135759.57;304;0.0575;7777.33
T015;2023-05;108143.66;289;0.0788;4743
T015;2023-06;121207.11;407;0.0403;7390.29
T015;2023-07;90641.07;277;0.0768;4258.86
T015;2023-08;88016.86;209;0.0527;7986.49
T015;2023-09;107832.07;218;0.0336;14716.47
T015;2023-10;126166.19;282;0.0529;8462.54
T015;2023-11;85606.32;212;0.0336;12011.89
T015;2023-12;124423.94;436;0.0599;4765.81
T015;2024-01;124858.53;411;0.0259;11759.32
T015;2024-02;103519.12;237;0.0374;11682.06
T015;2024-03;121986.57;273;0.0267;16721.81
T015;2024-04;104556;233;0.0498;8999.58
T015;2024-05;102080.71;305;0.0723;4630.9
T015;2024-06;125472.11;286;0.0211;20806.2
T015;2024-07;94065.17;334;0.0596;4725.98
T015;2024-08;82753.73;170;0.0536;9077.62
T015;2024-09;88189.44;201;0.0535;8184.22
T015;2024-10;84368.16;251;0.0369;9092.11
T015;2024-11;117565.11;338;0.0679;5120.45
T015;2024-12;100572.84;288;0.0256;13643.92
T015;2025-01;64155.62;178;0.0317;11351.83
T015;2025-02;111034.05;348;0.0387;8237.03
T015;2025-03;82455.47;201;0.0318;12934.26
T015;2025-04;91890.54;254;0.0535;6768.39
T015;2025-05;103154.51;354;0.0568;5131.44
T015;2025-06;99744.09;341;0.0504;5795.24
T015;2025-07;76118.56;191;0.022;18157.88
T015;2025-08;94395.1;207;0.0388;11732.35
T015;2025-09;75871.46;169;0.0781;5759.9
T015;2025-10;74148.23;149;0.0491;10119.88
T015;2025-11;118217.58;421;0.0635;4418.26
T015;2025-12;105533.61;386;0.0218;12556.73
T016;2023-01;63261.79;183;0.0784;4396.99
T016;2023-02;73512.28;220;0.0378;8844.02
T016;2023-03;70032.59;213;0.0353;9317.12
T016;2023-04;73975.37;163;0.0728;6248.36
T016;2023-05;49974.88;180;0.0252;11027.64
T016;2023-06;67069.34;156;0.0452;9506.67
T016;2023-07;60589.61;203;0.0568;5240.77
T016;2023-08;61537.77;171;0.0546;6568.62
T016;2023-09;71328.89;155;0.0352;13080.42
T016;2023-10;68995.83;268;0.0644;4005.41
T016;2023-11;71484.85;285;0.0609;4120.75
T016;2023-12;66822.97;229;0.0593;4919.05
T016;2024-01;59312.9;127;0.0329;14168.58
T016;2024-02;55373.03;163;0.0241;14105.76
T016;2024-03;55660.96;127;0.0742;5926.07
T016;2024-04;72531.61;235;0.0684;4502.83
T016;2024-05;66640.44;267;0.0301;8294.85
T016;2024-06;61480.37;177;0.0428;8123.41
T016;2024-07;47602.97;169;0.0448;6304.21
T016;2024-08;41331.63;92;0.0487;9243.94
T016;2024-09;56266.41;219;0.078;3293.3
T016;2024-10;53550.41;190;0.0625;4512.61
T016;2024-11;75043.88;151;0.0573;8649.51
T016;2024-12;70808.54;182;0.0577;6756.24
T016;2025-01;72269.17;199;0.0331;10948.29
T016;2025-02;58044.04;207;0.0241;11620.6
T016;2025-03;39608.38;87;0.0245;18652.38
T016;2025-04;56748.23;185;0.0638;4804.34
T016;2025-05;46881.51;100;0.0726;6461.15
T016;2025-06;52555.64;158;0.0404;8227.76
T016;2025-07;54238.19;169;0.0458;7023.3
T016;2025-08;45990.13;145;0.0673;4705.95
T016;2025-09;63506.61;203;0.0332;9426.19
T016;2025-10;55386.98;149;0.0643;5790.99
T016;2025-11;53692.79;115;0.0239;19560.89
T016;2025-12;57707.11;118;0.0215;22733.14
T017;2023-01;104493.32;219;0.0479;9979.3
T017;2023-02;94154.97;323;0.0302;9631.45
T017;2023-03;85962.95;177;0.0467;10425.55
T017;2023-04;106800.49;255;0.0279;15020.88
T017;2023-05;114914.45;372;0.0672;4591.12
T017;2023-06;93518.72;189;0.0361;13724.24
T017;2023-07;63494.98;181;0.0735;4786.35
T017;2023-08;95638.52;309;0.0482;6428.47
T017;2023-09;96834.93;267;0.0484;7495.44
T017;2023-10;85213.2;235;0.0485;7467.75
T017;2023-11;148454.55;373;0.0522;7616.11
T017;2023-12;114504.35;356;0.0478;6724.29
T017;2024-01;94392.56;262;0.0331;10861.62
T017;2024-02;82775.35;259;0.069;4629.73
T017;2024-03;87212.17;272;0.0691;4647.99
T017;2024-04;101567.15;258;0.0218;18075.9
T017;2024-05;88143.84;210;0.0227;18458.91
T017;2024-06;95948.99;329;0.0434;6713.19
T017;2024-07;75754.76;175;0.0729;5929.42
T017;2024-08;62510.21;149;0.0378;11074.38
T017;2024-09;94030.86;219;0.0772;5561.84
T017;2024-10;91226.89;364;0.0631;3973.18
T017;2024-11;104377.56;228;0.0224;20388.99
T017;2024-12;91664.59;220;0.068;6120.48
T017;2025-01;87019.41;209;0.0255;16276.96
T017;2025-02;92691.74;195;0.0443;10735.21
T017;2025-03;104224.82;316;0.065;5081.78
T017;2025-04;98226.92;239;0.0733;5616.8
T017;2025-05;64397.74;161;0.0501;7972.86
T017;2025-06;72354.95;177;0.0645;6352.41
T017;2025-07;64213.92;168;0.0697;5484.54
T017;2025-08;69813.85;193;0.0251;14451.8
T017;2025-09;94054.39;269;0.0746;4689.07
T017;2025-10;66136.59;180;0.069;5313.54
T017;2025-11;93703.87;351;0.0432;6170.77
T017;2025-12;80950.56;300;0.0526;5126.41
T018;2023-01;142268.01;464;0.0431;7120.53
T018;2023-02;157106.16;433;0.0548;6620.84
T018;2023-03;127289.46;269;0.0207;22779.43
T018;2023-04;138004.88;403;0.0216;15823.96
T018;2023-05;143625.74;380;0.0299;12623.56
T018;2023-06;84012.16;204;0.0227;18135.52
T018;2023-07;120847.83;351;0.0204;16896.24
T018;2023-08;79047.45;228;0.0675;5132.62
T018;2023-09;110942.71;240;0.0519;8903.57
T018;2023-10;130269.71;283;0.0548;8399.99
T018;2023-11;129044.1;442;0.0783;3726.18
T018;2023-12;151935.95;495;0.0786;3905.06
T018;2024-01;102267.96;372;0.0325;8447.89
T018;2024-02;123410.69;256;0.0448;10734
T018;2024-03;91413.13;319;0.0493;5820.16
T018;2024-04;103182.84;365;0.0701;4028.47
T018;2024-05;93239.45;253;0.0466;7899.68
T018;2024-06;91446.59;183;0.0527;9459.17
T018;2024-07;107341.37;373;0.0219;13172.25
T018;2024-08;91096.13;185;0.0664;7418.58
T018;2024-09;113104.41;295;0.0301;12726.3
T018;2024-10;118930.69;382;0.0703;4433.42
T018;2024-11;154519.8;362;0.0306;13948.74
T018;2024-12;122628.75;325;0.0606;6214.4
T018;2025-01;119077.07;308;0.0299;12910.35
T018;2025-02;99342.62;251;0.08;4947.89
T018;2025-03;111552.46;370;0.0669;4508.7
T018;2025-04;99554.94;230;0.038;11402.89
T018;2025-05;120653.83;330;0.0638;5722.27
T018;2025-06;93069.46;324;0.0712;4033.48
T018;2025-07;98704.59;349;0.0556;5093.35
T018;2025-08;94141.75;235;0.0412;9701.6
T018;2025-09;91209.18;209;0.053;8241.51
T018;2025-10;97441.34;368;0.0608;4346.02
T018;2025-11;107247.93;218;0.0769;6399.26
T018;2025-12;114335.86;302;0.0256;14762.71
T019;2023-01;98725.9;303;0.0495;6580
T019;2023-02;110037.58;305;0.0563;6394.6
T019;2023-03;89036.75;186;0.0417;11493.26
T019;2023-04;83392.64;229;0.0466;7809.82
T019;2023-05;80025.88;200;0.0555;7218.77
T019;2023-06;74611.56;150;0.0236;21173.82
T019;2023-07;81736.39;326;0.0584;4293.51
T019;2023-08;56733.38;173;0.0354;9274.56
T019;2023-09;64994.69;252;0.0783;3291.49
T019;2023-10;81033.75;184;0.0758;5816.73
T019;2023-11;75672.59;294;0.0723;3562.32
T019;2023-12;115026.95;280;0.0692;5942.05
T019;2024-01;75976.07;228;0.064;5210
T019;2024-02;85670.33;172;0.032;15532.18
T019;2024-03;71187.14;143;0.0254;19641.08
T019;2024-04;81556.44;305;0.0203;13139.53
T019;2024-05;53595.02;111;0.0693;6986.49
T019;2024-06;69509.44;164;0.0263;16182.02
T019;2024-07;61611.14;176;0.0634;5517.92
T019;2024-08;68297.83;267;0.0384;6675.43
T019;2024-09;54538.71;141;0.0579;6685.89
T019;2024-10;81769.74;325;0.0261;9652.96
T019;2024-11;84913.5;182;0.0609;7671.57
T019;2024-12;74760.42;261;0.0626;4572.99
T019;2025-01;47653.22;114;0.0327;12756.51
T019;2025-02;59638.13;185;0.0291;11088.92
T019;2025-03;71055.63;224;0.0213;14846.06
T019;2025-04;71391.54;184;0.0332;11679.33
T019;2025-05;62734.25;243;0.0329;7859.96
T019;2025-06;72754.21;245;0.0632;4699.68
T019;2025-07;49161.92;105;0.0472;9880.71
T019;2025-08;54074.52;132;0.0516;7935.22
T019;2025-09;68609.06;188;0.0341;10733.62
T019;2025-10;47569.69;122;0.0272;14369.93
T019;2025-11;57091.3;119;0.0632;7577.53
T019;2025-12;55334.52;118;0.0694;6776.9
T020;2023-01;89987.66;257;0.0262;13400.08
T020;2023-02;118945.5;400;0.067;4437.97
T020;2023-03;114163.63;241;0.055;8617.57
T020;2023-04;127039.32;346;0.0404;9072.78
T020;2023-05;104415.75;224;0.0543;8592.33
T020;2023-06;84791.73;178;0.0766;6226.25
T020;2023-07;64493.06;133;0.0605;8000.22
T020;2023-08;73128.65;262;0.0225;12379.62
T020;2023-09;108839.66;236;0.0606;7614.46
T020;2023-10;98704.06;347;0.0353;8077.95
T020;2023-11;112507.37;352;0.0278;11506.67
T020;2023-12;117764.24;281;0.0766;5467.55
T020;2024-01;91759.94;225;0.08;5109.36
T020;2024-02;69068.28;250;0.0499;5533.53
T020;2024-03;106232.47;288;0.0267;13841.36
T020;2024-04;87433.12;214;0.0662;6167.93
T020;2024-05;93771.34;265;0.0632;5602.31
T020;2024-06;71997.64;210;0.0722;4748.72
T020;2024-07;90135.63;201;0.0652;6883.06
T020;2024-08;94802.7;366;0.0437;5928.58
T020;2024-09;88978.13;242;0.0548;6703.84
T020;2024-10;81869.49;302;0.0226;12016.4
T020;2024-11;117837.53;265;0.0526;8465.09
T020;2024-12;109220.71;397;0.0613;4486.86
T020;2025-01;87219.45;190;0.0626;7345.66
T020;2025-02;80389.77;165;0.0219;22262.03
T020;2025-03;71223.51;149;0.036;13236.38
T020;2025-04;95355.3;221;0.0727;5934.78
T020;2025-05;78647.18;179;0.0473;9315.49
T020;2025-06;73260.16;231;0.0332;9545.92
T020;2025-07;62285.38;180;0.0421;8217.12
T020;2025-08;70941.19;240;0.0461;6404.33
T020;2025-09;62534.14;144;0.0334;13018.3
T020;2025-10;60958.12;149;0.0542;7567.71
T020;2025-11;114712.05;296;0.0728;5320.51
T020;2025-12;98795.37;236;0.0528;7930.94
T021;2023-01;141758.02;439;0.0324;9954.64
T021;2023-02;125425.07;313;0.0484;8280.77
T021;2023-03;121451.88;458;0.0603;4393.62
T021;2023-04;120422.51;389;0.0518;5975.39
T021;2023-05;117153.91;284;0.0587;7034.27
T021;2023-06;141184.35;469;0.0635;4741.21
T021;2023-07;108209.71;267;0.0738;5489.55
T021;2023-08;95180.17;298;0.0789;4043.89
T021;2023-09;127166.31;333;0.0744;5132.96
T021;2023-10;118863.28;263;0.0768;5888.12
T021;2023-11;112072.58;335;0.0635;5265.21
T021;2023-12;117450.61;278;0.0614;6880.46
T021;2024-01;109435.22;227;0.0498;9684.27
T021;2024-02;80178.73;182;0.0413;10671.69
T021;2024-03;94875.06;195;0.0777;6268.03
T021;2024-04;115655.79;263;0.0528;8335.55
T021;2024-05;107166.55;363;0.0475;6210.07
T021;2024-06;120079.08;324;0.0739;5013.96
T021;2024-07;94494.85;226;0.0282;14833.03
T021;2024-08;91192.54;262;0.0595;5843.55
T021;2024-09;102912.63;371;0.0582;4763.92
T021;2024-10;60590.85;124;0.0514;9507.93
T021;2024-11;116811.3;383;0.0475;6411.3
T021;2024-12;102068.88;240;0.0437;9712.99
T021;2025-01;114953.73;235;0.078;6257.43
T021;2025-02;109910.62;248;0.0386;11483.74
T021;2025-03;89442.62;290;0.0475;6485.23
T021;2025-04;100718.12;251;0.0701;5715.07
T021;2025-05;97596.45;219;0.0426;10467.25
T021;2025-06;109432.71;418;0.0685;3818.58
T021;2025-07;83624.79;284;0.0509;5787.46
T021;2025-08;72587.98;233;0.0442;7051.87
T021;2025-09;97712.64;206;0.02;23651.62
T021;2025-10;132115.65;357;0.0581;6372.08
T021;2025-11;80202.26;294;0.022;12418.79
T021;2025-12;100228.25;314;0.0573;5563.05
T022;2023-01;115941.39;251;0.0741;6229.49
T022;2023-02;197127.26;420;0.0785;5981.71
T022;2023-03;138423.06;283;0.0289;16928.65
T022;2023-04;173494.92;413;0.0335;12536.42
T022;2023-05;193716.68;496;0.0457;8561.45
T022;2023-06;141167.19;426;0.0704;4711.38
T022;2023-07;132253.3;278;0.0708;6726.97
T022;2023-08;112915.75;322;0.0658;5323.82
T022;2023-09;117425.04;374;0.0377;8315.14
T022;2023-10;152532.87;383;0.022;18137.3
T022;2023-11;139307.57;430;0.0728;4449.79
T022;2023-12;210226.32;576;0.0257;14200.6
T022;2024-01;163062.68;482;0.0695;4866.37
T022;2024-02;158199.33;418;0.0478;7927.48
T022;2024-03;137398.33;355;0.0519;7447.33
T022;2024-04;153505.65;386;0.0237;16790.97
T022;2024-05;166519.33;555;0.0322;9316.87
T022;2024-06;119488.21;473;0.0462;5460.08
T022;2024-07;111040.41;256;0.0584;7408.37
T022;2024-08;103182.73;291;0.0655;5400.73
T022;2024-09;149689.45;329;0.0352;12923.57
T022;2024-10;135979.07;428;0.0275;11549.55
T022;2024-11;123737.93;281;0.0525;8385.07
T022;2024-12;143550.03;499;0.0428;6708.48
T022;2025-01;155776.68;610;0.0361;7060.31
T022;2025-02;116309.5;307;0.0361;10500.71
T022;2025-03;118396.97;348;0.077;4423.87
T022;2025-04;165559.92;406;0.0278;14679.55
T022;2025-05;148310.18;347;0.0303;14084.66
T022;2025-06;125970.66;255;0.0469;10507.51
T022;2025-07;101373.84;369;0.0682;4025.13
T022;2025-08;99831.26;356;0.0275;10197.49
T022;2025-09;108940.44;423;0.0231;11149.85
T022;2025-10;131083.68;459;0.0328;8704.61
T022;2025-11;116931.33;418;0.0659;4245.68
T022;2025-12;143688.36;344;0.0461;9058.3
T023;2023-01;129828.21;350;0.0504;7353.62
T023;2023-02;134126.02;528;0.0669;3795.23
T023;2023-03;114887.9;409;0.0679;4142.73
T023;2023-04;136775.62;498;0.0535;5124.85
T023;2023-05;123099.59;328;0.0624;6016.71
T023;2023-06;155446.01;435;0.0385;9275.85
T023;2023-07;133041.05;359;0.0271;13669.21
T023;2023-08;105140.39;251;0.0575;7291.74
T023;2023-09;116479.63;354;0.069;4771.17
T023;2023-10;98473.74;300;0.0761;4311.94
T023;2023-11;132683.72;287;0.0789;5862.94
T023;2023-12;104868.82;361;0.0312;9312.99
T023;2024-01;119547.23;469;0.0434;5868.86
T023;2024-02;101510.31;210;0.0458;10554.73
T023;2024-03;85952.5;183;0.0563;8334.7
T023;2024-04;93831.08;346;0.04;6773.18
T023;2024-05;84310.44;201;0.0243;17239.73
T023;2024-06;95477.81;193;0.0671;7385.6
T023;2024-07;74758.16;173;0.027;16067.79
T023;2024-08;100252.3;250;0.0794;5039.88
T023;2024-09;110099.8;332;0.0765;4332.23
T023;2024-10;105146.83;381;0.0529;5216.49
T023;2024-11;116960.55;236;0.0533;9276.99
T023;2024-12;122424.03;407;0.0512;5883.1
T023;2025-01;77474.01;289;0.0563;4766.83
T023;2025-02;119282.23;293;0.053;7695.41
T023;2025-03;95625.74;226;0.0286;14751.96
T023;2025-04;76381.91;159;0.0241;19974.26
T023;2025-05;96626.07;270;0.0617;5791.19
T023;2025-06;78765.29;203;0.0585;6638.61
T023;2025-07;79715.34;187;0.0424;10046.99
T023;2025-08;60055.13;144;0.055;7598.4
T023;2025-09;115843.95;304;0.035;10907.15
T023;2025-10;84951.18;211;0.0328;12294.14
T023;2025-11;87261.59;180;0.0204;23761.87
T023;2025-12;110648.31;322;0.023;14910.92
T024;2023-01;112354.98;232;0.0525;9216.91
T024;2023-02;173014.44;357;0.0332;14593.05
T024;2023-03;155158.07;357;0.0329;13225.4
T024;2023-04;168330.81;404;0.0499;8344.6
T024;2023-05;119757.09;253;0.0251;18856.76
T024;2023-06;159514.33;353;0.0717;6303.05
T024;2023-07;121994.09;339;0.0798;4507.59
T024;2023-08;144143.83;469;0.0528;5818.56
T024;2023-09;156181.02;519;0.0592;5081.16
T024;2023-10;151146.99;332;0.023;19763.93
T024;2023-11;132818.62;437;0.0558;5442.58
T024;2023-12;110675.15;278;0.0423;9418.42
T024;2024-01;141822.83;410;0.0496;6970.79
T024;2024-02;119659.81;373;0.0672;4773.76
T024;2024-03;130919.53;418;0.0793;3953.33
T024;2024-04;77414.73;240;0.0662;4873.97
T024;2024-05;97064.04;216;0.04;11243.63
T024;2024-06;114925.92;246;0.0749;6224.33
T024;2024-07;101087.99;216;0.0583;8037.97
T024;2024-08;128626.79;281;0.05;9174.47
T024;2024-09;97125.63;218;0.0452;9875.19
T024;2024-10;118215.58;315;0.0671;5588.48
T024;2024-11;111284.61;280;0.0445;8942.34
T024;2024-12;145314.45;396;0.0217;16931.05
T024;2025-01;101089.34;236;0.0207;20698.37
T024;2025-02;96309.21;273;0.0754;4668.44
T024;2025-03;110861.52;248;0.0766;5834.35
T024;2025-04;92539.28;212;0.0632;6906.01
T024;2025-05;104353.39;231;0.0205;22046.3
T024;2025-06;126772.39;263;0.0466;10325.25
T024;2025-07;71698.98;165;0.0246;17709.98
T024;2025-08;98642.32;211;0.0697;6718.02
T024;2025-09;112370.11;252;0.0579;7708.72
T024;2025-10;93036.71;271;0.0363;9462.13
T024;2025-11;107175.43;225;0.0247;19299.25
T024;2025-12;99565.11;218;0.0409;11169.8
T025;2023-01;103333.72;219;0.0407;11578.53
T025;2023-02;65083.88;257;0.0378;6709.1
T025;2023-03;84147.19;231;0.0447;8167.3
T025;2023-04;87696.79;236;0.0458;8133.95
T025;2023-05;119998.6;276;0.0718;6062.5
T025;2023-06;118700.69;366;0.0525;6177.27
T025;2023-07;88932.25;264;0.0449;7498.15
T025;2023-08;93440.81;333;0.0581;4827.51
T025;2023-09;99694.34;252;0.0271;14592.78
T025;2023-10;84442.29;289;0.0346;8425.79
T025;2023-11;94513.83;298;0.0401;7894.79
T025;2023-12;117988.66;238;0.0449;11063.19
T025;2024-01;112550.66;257;0.0723;6065.54
T025;2024-02;78898.39;180;0.0322;13606.4
T025;2024-03;112599.18;339;0.0528;6285.63
T025;2024-04;83865.29;172;0.0618;7868.89
T025;2024-05;88509.98;237;0.076;4920.88
T025;2024-06;91514.7;242;0.0269;14077.12
T025;2024-07;76896.69;174;0.0607;7264.49
T025;2024-08;82810.59;178;0.0604;7688.2
T025;2024-09;101145.44;287;0.0731;4813.28
T025;2024-10;92488.2;197;0.0639;7363.78
T025;2024-11;85065.94;200;0.0652;6512.12
T025;2024-12;113635.5;378;0.0276;10883.66
T025;2025-01;79585.48;248;0.0519;6192.88
T025;2025-02;95882.69;273;0.0491;7157.31
T025;2025-03;79566.36;314;0.0446;5682.31
T025;2025-04;67655.42;260;0.0488;5342.9
T025;2025-05;69498.26;235;0.0646;4574.3
T025;2025-06;78203.18;158;0.047;10534.56
T025;2025-07;80039.93;212;0.0794;4767.83
T025;2025-08;66542.68;249;0.0638;4195.82
T025;2025-09;67488.75;168;0.0624;6444.15
T025;2025-10;57047.56;218;0.041;6374.41
T025;2025-11;68360.65;142;0.0428;11281.44
T025;2025-12;89486.05;261;0.0579;5927.39
T026;2023-01;85903.18;241;0.0529;6741.77
T026;2023-02;76575.58;201;0.041;9272.08
T026;2023-03;97179.52;383;0.0324;7820.59
T026;2023-04;91967.92;215;0.0432;9915.2
T026;2023-05;66595.63;192;0.0295;11777.78
T026;2023-06;96837.36;308;0.0563;5584.72
T026;2023-07;88122.88;190;0.0525;8822.04
T026;2023-08;67716.35;154;0.0384;11442.8
T026;2023-09;98171.62;283;0.0553;6265.61
T026;2023-10;70383.24;238;0.056;5293.14
T026;2023-11;105921.94;272;0.0551;7071.19
T026;2023-12;103796.61;366;0.0466;6077.7
T026;2024-01;82323.34;230;0.053;6755.44
T026;2024-02;74474.64;194;0.0582;6585.49
T026;2024-03;65356.91;171;0.0696;5494.66
T026;2024-04;81824.57;224;0.0367;9964.7
T026;2024-05;84363.21;317;0.0666;3990.32
T026;2024-06;77642.57;170;0.0477;9549.15
T026;2024-07;71520.41;249;0.033;8707.8
T026;2024-08;71531.92;195;0.0358;10211.91
T026;2024-09;79917.69;175;0.0578;7890.36
T026;2024-10;67235.88;145;0.067;6930.56
T026;2024-11;65586.32;173;0.0642;5898.83
T026;2024-12;77548.14;216;0.06;5984.45
T026;2025-01;69541.85;153;0.0624;7261.28
T026;2025-02;62644.33;127;0.0696;7066.41
T026;2025-03;71674.59;285;0.0479;5243.63
T026;2025-04;75168.68;191;0.0382;10271.23
T026;2025-05;65944.48;139;0.071;6665.58
T026;2025-06;62911.67;179;0.0208;16881.4
T026;2025-07;54546.84;215;0.021;12075.51
T026;2025-08;51470.81;107;0.0624;7682.45
T026;2025-09;54289.04;144;0.0203;18597.18
T026;2025-10;57012.89;118;0.0449;10795.62
T026;2025-11;54094.97;202;0.0583;4585.51
T026;2025-12;55330.51;128;0.0606;7153.19
T027;2023-01;159110.33;406;0.0721;5441.69
T027;2023-02;146046.39;361;0.058;6978.29
T027;2023-03;147255.16;401;0.0466;7885.21
T027;2023-04;216332.51;592;0.0764;4781.56
T027;2023-05;182588.43;486;0.077;4886.17
T027;2023-06;169559.21;364;0.0266;17512.93
T027;2023-07;187566.96;390;0.0579;8312.15
T027;2023-08;164187.05;333;0.0242;20405.21
T027;2023-09;163712.57;421;0.0649;5991.77
T027;2023-10;165652.28;550;0.0225;13355.57
T027;2023-11;247901.47;628;0.0472;8371.69
T027;2023-12;200527.15;551;0.0611;5948.74
T027;2024-01;137742.89;288;0.0583;8185.42
T027;2024-02;198394.97;483;0.0247;16616.22
T027;2024-03;174347.56;401;0.0257;16935.18
T027;2024-04;205570.5;771;0.0338;7877.41
T027;2024-05;182144.77;380;0.057;8405.19
T027;2024-06;181651.12;455;0.0501;7968.81
T027;2024-07;120978;245;0.061;8098.17
T027;2024-08;168834.92;358;0.0275;17124.33
T027;2024-09;145231.44;484;0.033;9102.37
T027;2024-10;175672.29;434;0.0764;5294.53
T027;2024-11;229131.83;516;0.0277;16041.86
T027;2024-12;160192.08;459;0.0602;5801.18
T027;2025-01;106866.81;226;0.0384;12328.86
T027;2025-02;181022.54;511;0.0301;11767.66
T027;2025-03;153026.78;415;0.0233;15816.59
T027;2025-04;172647.14;348;0.03;16565.56
T027;2025-05;89250.35;320;0.0205;13575.81
T027;2025-06;133676.93;328;0.0332;12284.98
T027;2025-07;117555.35;461;0.0696;3665.82
T027;2025-08;98702.68;303;0.0785;4146.84
T027;2025-09;110764.62;379;0.0739;3958.75
T027;2025-10;153325.7;531;0.0487;5933
T027;2025-11;197497.83;444;0.0382;11647.54
T027;2025-12;162042.91;450;0.0791;4559.37
T028;2023-01;96681.57;302;0.0418;7661.74
T028;2023-02;69067.88;232;0.0408;7291.87
T028;2023-03;79662.29;191;0.032;13019.98
T028;2023-04;76706.51;294;0.0276;9471.62
T028;2023-05;93038.21;192;0.0209;23156.03
T028;2023-06;79152.97;208;0.0483;7889.62
T028;2023-07;74510.22;177;0.0595;7090.19
T028;2023-08;85883.1;308;0.068;4107.68
T028;2023-09;77198;218;0.0508;6964.96
T028;2023-10;64729.32;136;0.0734;6483.24
T028;2023-11;86663.14;200;0.0508;8548.89
T028;2023-12;102506.75;219;0.0442;10582.7
T028;2024-01;61135.66;216;0.0713;3968.92
T028;2024-02;79801.9;274;0.0713;4088.46
T028;2024-03;42401.02;89;0.0562;8461.47
T028;2024-04;65783.9;167;0.0535;7363.78
T028;2024-05;80380.58;257;0.0763;4103.03
T028;2024-06;61395.05;130;0.0402;11764.23
T028;2024-07;64393.95;193;0.0793;4216.45
T028;2024-08;73575.6;287;0.0352;7290.06
T028;2024-09;89215.13;225;0.0651;6101.84
T028;2024-10;86243.64;212;0.056;7245.48
T028;2024-11;74732.86;243;0.0359;8574.47
T028;2024-12;69572.63;179;0.032;12154.54
T028;2025-01;52990.51;109;0.0767;6352.71
T028;2025-02;54418.79;135;0.0755;5332.96
T028;2025-03;64924.26;258;0.0664;3792.09
T028;2025-04;72672.93;171;0.0569;7478.18
T028;2025-05;60363.73;142;0.0761;5597.41
T028;2025-06;73233.84;213;0.0625;5504.34
T028;2025-07;68399.93;155;0.0227;19391.93
T028;2025-08;49672.24;121;0.0336;12249.86
T028;2025-09;53733.58;121;0.0274;16179.66
T028;2025-10;73387.78;180;0.0367;11076
T028;2025-11;58952.41;177;0.0479;6966.94
T028;2025-12;72783.22;164;0.0749;5919.32
T029;2023-01;259797.01;866;0.0233;12856.45
T029;2023-02;268734.48;888;0.0534;5669.79
T029;2023-03;233859.04;504;0.0701;6620.5
T029;2023-04;199103.8;604;0.065;5072.11
T029;2023-05;222726.14;623;0.0253;14167.79
T029;2023-06;183002.39;566;0.0399;8091.92
T029;2023-07;135551.95;419;0.0225;14381.71
T029;2023-08;210498.41;509;0.0315;13106.03
T029;2023-09;246303.27;760;0.0572;5665.11
T029;2023-10;199079.66;590;0.0748;4514.87
T029;2023-11;318919.5;952;0.0473;7075.68
T029;2023-12;245085.79;728;0.0461;7298.03
T029;2024-01;244181.23;544;0.0367;12228.07
T029;2024-02;175134.12;379;0.0253;18247.62
T029;2024-03;162546.52;326;0.0525;9491.47
T029;2024-04;145326.69;499;0.0344;8465.89
T029;2024-05;175824.14;411;0.0364;11752.84
T029;2024-06;162549.45;340;0.0314;15250.42
T029;2024-07;112347.79;447;0.0236;10643.86
T029;2024-08;164989.84;518;0.0306;10389.95
T029;2024-09;193510.92;598;0.0269;12033.95
T029;2024-10;201396.92;645;0.063;4956.03
T029;2024-11;201589.14;434;0.0414;11206.87
T029;2024-12;178409.19;549;0.0264;12288.88
T029;2025-01;192704.44;535;0.0638;5644.39
T029;2025-02;169106.98;363;0.0693;6716.45
T029;2025-03;178829.33;610;0.0491;5968.29
T029;2025-04;170345.48;349;0.0282;17270.81
T029;2025-05;142494.16;329;0.0579;7482.11
T029;2025-06;115410.29;341;0.0227;14914.53
T029;2025-07;169844.28;558;0.0209;14560.89
T029;2025-08;120148.94;257;0.0514;9112.04
T029;2025-09;157182.1;370;0.0447;9516.44
T029;2025-10;166116.55;614;0.0352;7681.96
T029;2025-11;181543.66;408;0.0259;17165.29
T029;2025-12;171386.4;628;0.0551;4954.97
T030;2023-01;168979.21;379;0.062;7193.58
T030;2023-02;154454.27;382;0.0718;5629.41
T030;2023-03;168752.53;377;0.0649;6894.37
T030;2023-04;149435.46;383;0.0348;11224.09
T030;2023-05;187600.28;727;0.0669;3854.35
T030;2023-06;146029.96;471;0.0287;10817.63
T030;2023-07;106542.5;214;0.0545;9131.5
T030;2023-08;138937.53;488;0.0613;4638.69
T030;2023-09;156282.58;581;0.0738;3648.8
T030;2023-10;158637.47;354;0.0295;15203.7
T030;2023-11;178981.38;619;0.0701;4124.25
T030;2023-12;158596.64;467;0.0748;4541.49
T030;2024-01;116628.2;409;0.0546;5219.06
T030;2024-02;148958.2;338;0.0669;6584.97
T030;2024-03;123331.05;485;0.0608;4184.05
T030;2024-04;126561.69;470;0.0452;5948.46
T030;2024-05;152437.47;465;0.035;9373.68
T030;2024-06;140773.09;340;0.0572;7235.5
T030;2024-07;132597.07;287;0.0334;13792.76
T030;2024-08;117591.14;380;0.0507;6105.59
T030;2024-09;154222.58;501;0.0609;5056.9
T030;2024-10;158851.09;327;0.0228;21267.27
T030;2024-11;141953.88;299;0.0777;6108.07
T030;2024-12;112015.84;310;0.065;5554.14
T030;2025-01;172833.16;541;0.033;9677.48
T030;2025-02;163786.23;509;0.0534;6032.28
T030;2025-03;117027.47;308;0.0626;6062.74
T030;2025-04;113880.38;416;0.0391;7012.81
T030;2025-05;138926.94;529;0.0479;5483.94
T030;2025-06;112093.31;325;0.039;8844.78
T030;2025-07;99648.17;303;0.0226;14555.39
T030;2025-08;102312.56;230;0.0439;10143.63
T030;2025-09;133605.89;322;0.0205;20236.42
T030;2025-10;113248.47;233;0.0342;14192.6
T030;2025-11;142278.39;379;0.046;8150.12
T030;2025-12;127836.79;409;0.0528;5910.8
T031;2023-01;83808.97;276;0.0731;4158.17
T031;2023-02;103017.64;241;0.0618;6928.8
T031;2023-03;88909.37;269;0.034;9728.16
T031;2023-04;91015.78;200;0.0464;9801.07
T031;2023-05;79858.75;282;0.0429;6593.69
T031;2023-06;73267.99;165;0.0799;5573.03
T031;2023-07;99143.29;333;0.0476;6258.7
T031;2023-08;54371.88;182;0.0239;12510.64
T031;2023-09;73856.36;157;0.0452;10439.7
T031;2023-10;91064.84;205;0.0278;15956.57
T031;2023-11;95898.93;245;0.0465;8409.88
T031;2023-12;104420.27;247;0.0404;10451.97
T031;2024-01;88699.85;197;0.0231;19497.54
T031;2024-02;72377.74;269;0.0341;7894.56
T031;2024-03;65991.29;144;0.0769;5950.16
T031;2024-04;63907.78;200;0.0367;8727.38
T031;2024-05;65358.24;252;0.0756;3425.02
T031;2024-06;70391.34;279;0.0715;3531.49
T031;2024-07;52718.72;122;0.0768;5634.88
T031;2024-08;59082.2;189;0.0619;5042.89
T031;2024-09;83857.37;246;0.054;6318.51
T031;2024-10;97883.78;224;0.0279;15683.95
T031;2024-11;101807.72;269;0.0317;11946.11
T031;2024-12;81969.3;282;0.0333;8731.94
T031;2025-01;60791.45;185;0.0356;9262.04
T031;2025-02;53875.54;168;0.0399;8014.46
T031;2025-03;76737.03;185;0.0722;5754.57
T031;2025-04;75357.8;203;0.0616;6021.55
T031;2025-05;75630.29;195;0.033;11772.26
T031;2025-06;59145.97;124;0.0528;9039.68
T031;2025-07;50092.83;116;0.0408;10626.11
T031;2025-08;49236.36;168;0.0696;4204.74
T031;2025-09;61170.65;154;0.0403;9843.24
T031;2025-10;56875.9;115;0.0407;12141.06
T031;2025-11;82704.72;247;0.0387;8635.68
T031;2025-12;82999.95;185;0.0285;15724.83
T032;2023-01;72928.22;279;0.0594;4400.64
T032;2023-02;85773.65;223;0.0249;15399.93
T032;2023-03;82958.77;221;0.027;13912.69
T032;2023-04;77125.3;264;0.0411;7109.65
T032;2023-05;82726.3;202;0.0791;5176
T032;2023-06;101112.07;229;0.0461;9595.86
T032;2023-07;95700.93;230;0.05;8319.73
T032;2023-08;61703.97;150;0.0214;19204.94
T032;2023-09;59414.05;210;0.026;10868.82
T032;2023-10;72278.49;180;0.0514;7795.2
T032;2023-11;90629.89;243;0.0317;11768.19
T032;2023-12;69430.93;168;0.0669;6177.88
T032;2024-01;81625.03;216;0.0237;15972.22
T032;2024-02;90474.65;281;0.0256;12578.3
T032;2024-03;63590.07;250;0.0478;5321.39
T032;2024-04;70338.55;145;0.0394;12319.95
T032;2024-05;87080.4;278;0.059;5298.9
T032;2024-06;87005.6;287;0.0273;11093.65
T032;2024-07;58393.63;117;0.031;16100.4
T032;2024-08;67415.38;169;0.0447;8919.28
T032;2024-09;83160.38;181;0.049;9405.18
T032;2024-10;74794.18;168;0.0604;7360.57
T032;2024-11;82136.46;201;0.0683;5976.05
T032;2024-12;104002.35;298;0.0684;5112.31
T032;2025-01;55761.35;218;0.0418;6133.6
T032;2025-02;70095.6;181;0.0704;5493.37
T032;2025-03;68755.68;148;0.029;16037.61
T032;2025-04;62202.35;134;0.0795;5823.56
T032;2025-05;73230.69;147;0.0563;8851.66
T032;2025-06;70685.28;216;0.0703;4654.28
T032;2025-07;68031.02;217;0.0654;4793.65
T032;2025-08;71756.93;265;0.0755;3583.71
T032;2025-09;54331.76;151;0.0225;15992.04
T032;2025-10;57597.69;137;0.0742;5678.85
T032;2025-11;74561.62;155;0.0476;10097.85
T032;2025-12;68903.85;184;0.0391;9585.26
T033;2023-01;132964.3;413;0.0379;8491.66
T033;2023-02;128292.39;447;0.0255;11245.6
T033;2023-03;83534.05;184;0.0737;6160.64
T033;2023-04;139084.4;402;0.06;5769.15
T033;2023-05;118805.74;239;0.0335;14822.74
T033;2023-06;106426.66;374;0.0249;11443.18
T033;2023-07;64887.92;142;0.0786;5819.16
T033;2023-08;88643.1;333;0.0735;3626.24
T033;2023-09;107764.99;294;0.0392;9335.16
T033;2023-10;77069.41;207;0.0716;5201.08
T033;2023-11;125496.51;315;0.0617;6453.96
T033;2023-12;155464.11;373;0.0272;15332.99
T033;2024-01;94494.06;240;0.0354;11104.79
T033;2024-02;100585.16;202;0.0256;19517.44
T033;2024-03;125590.18;282;0.0604;7366.29
T033;2024-04;91952.65;247;0.0678;5502.45
T033;2024-05;118804.29;386;0.0336;9181.08
T033;2024-06;120533.17;376;0.0379;8461.65
T033;2024-07;127024.94;398;0.0663;4819.09
T033;2024-08;103335.94;209;0.0484;10193.39
T033;2024-09;105464.49;395;0.0229;11652.49
T033;2024-10;103127.39;271;0.0363;10488.37
T033;2024-11;112731.08;322;0.0559;6255.7
T033;2024-12;98022.49;198;0.0527;9381.14
T033;2025-01;100554.41;354;0.0736;3856.69
T033;2025-02;83677.8;172;0.0518;9373.65
T033;2025-03;108587.11;251;0.0754;5740.46
T033;2025-04;100042.48;239;0.0384;10902.39
T033;2025-05;92954.05;271;0.053;6458.93
T033;2025-06;80631.47;204;0.0407;9694.58
T033;2025-07;91983.85;203;0.048;9456.41
T033;2025-08;78615.07;284;0.0268;10301.71
T033;2025-09;76993.21;159;0.0724;6706.28
T033;2025-10;89268.59;357;0.0568;4399.23
T033;2025-11;100705.66;249;0.0474;8517.09
T033;2025-12;85384.8;241;0.0638;5541.95
T034;2023-01;44292.1;150;0.0357;8255.78
T034;2023-02;43491.02;114;0.0267;14296.16
T034;2023-03;42813.76;147;0.0605;4800.92
T034;2023-04;50111.54;193;0.0572;4537.24
T034;2023-05;38107.38;146;0.0418;6229.05
T034;2023-06;48957.41;178;0.027;10176.44
T034;2023-07;34495.7;90;0.0607;6301
T034;2023-08;33170.02;83;0.0289;13777.52
T034;2023-09;50055.19;146;0.0569;6029.94
T034;2023-10;43854.61;115;0.0391;9730.3
T034;2023-11;52968.13;176;0.0389;7716.91
T034;2023-12;25144.39;56;0.0749;5975.57
T034;2024-01;32904.49;110;0.0607;4921.79
T034;2024-02;34943.55;106;0.0793;4173.03
T034;2024-03;34777.32;87;0.0681;5885.86
T034;2024-04;30586.75;83;0.0454;8099.31
T034;2024-05;43169.29;129;0.0724;4631.37
T034;2024-06;47212.65;186;0.0336;7536.19
T034;2024-07;25061.49;62;0.0214;18771.93
T034;2024-08;39484.79;141;0.0276;10103.42
T034;2024-09;37386.8;85;0.0743;5892.89
T034;2024-10;30282.76;66;0.0318;14423.01
T034;2024-11;35834.41;113;0.0502;6295.56
T034;2024-12;42858.31;161;0.0331;8069.61
T034;2025-01;36504.3;101;0.0209;17310.82
T034;2025-02;40430.47;130;0.072;4332.6
T034;2025-03;34415.76;136;0.0487;5207.02
T034;2025-04;29339.17;115;0.0692;3689.91
T034;2025-05;37867.77;118;0.0702;4568.16
T034;2025-06;37777.02;98;0.0424;9091.76
T034;2025-07;32996.28;106;0.0559;5566.17
T034;2025-08;27715.2;80;0.0713;4857.39
T034;2025-09;29458.08;80;0.0204;18033.65
T034;2025-10;30143.49;118;0.0532;4820.76
T034;2025-11;40599.45;135;0.0355;8466.96
T034;2025-12;38987.12;140;0.0751;3709.2
T035;2023-01;217641.02;458;0.0515;9237.79
T035;2023-02;141190.1;355;0.0473;8407.35
T035;2023-03;181523.92;500;0.0762;4761.38
T035;2023-04;219730.89;754;0.0235;12380.63
T035;2023-05;227480.6;538;0.0637;6632.67
T035;2023-06;185519.07;444;0.0302;13847.79
T035;2023-07;159301.09;604;0.0399;6618.06
T035;2023-08;158647.8;384;0.0548;7544.08
T035;2023-09;228817.62;895;0.0793;3222.13
T035;2023-10;200982.57;721;0.0494;5638.67
T035;2023-11;223263.8;764;0.0231;12679.75
T035;2023-12;177803.36;448;0.0267;14842.8
T035;2024-01;194793.89;585;0.0669;4977.68
T035;2024-02;233357.23;567;0.0706;5831.68
T035;2024-03;151173.19;456;0.0612;5408.93
T035;2024-04;236676.23;544;0.0567;7665.62
T035;2024-05;169431.59;667;0.0317;8021.39
T035;2024-06;156736.92;362;0.0423;10227.24
T035;2024-07;172599.14;454;0.0241;15801.35
T035;2024-08;159001.2;436;0.0605;6027.04
T035;2024-09;186850.58;462;0.0541;7477.9
T035;2024-10;169566.1;383;0.0796;5552.52
T035;2024-11;180255.63;713;0.0638;3961.26
T035;2024-12;143946.88;511;0.0445;6328.25
T035;2025-01;205537.87;607;0.0382;8870.74
T035;2025-02;180405.88;454;0.0763;5205.13
T035;2025-03;181687.53;538;0.0346;9745.36
T035;2025-04;129334.57;393;0.0335;9820.5
T035;2025-05;166522.65;623;0.0696;3837.6
T035;2025-06;147444.18;565;0.062;4209.61
T035;2025-07;101110.78;304;0.0647;5142.53
T035;2025-08;107356.71;284;0.0278;13592.89
T035;2025-09;138212.77;384;0.039;9225.16
T035;2025-10;124549.06;378;0.0449;7339.31
T035;2025-11;186174.73;390;0.0346;13804.31
T035;2025-12;162593.46;589;0.0277;9964.32
T036;2023-01;63695.13;247;0.0629;4099.79
T036;2023-02;71412.78;210;0.0275;12368.48
T036;2023-03;77452.38;243;0.0497;6419.89
T036;2023-04;55538.4;198;0.0553;5072.27
T036;2023-05;78862.97;174;0.0567;7973.69
T036;2023-06;52775.23;163;0.0353;9165.1
T036;2023-07;51904.57;176;0.0674;4378.51
T036;2023-08;55555.21;160;0.0462;7499.68
T036;2023-09;81826.08;307;0.0699;3817.93
T036;2023-10;81843.24;278;0.0634;4643.6
T036;2023-11;86426.48;219;0.0209;18908.52
T036;2023-12;87937.3;259;0.0563;6041.78
T036;2024-01;73061.45;223;0.0376;8699.35
T036;2024-02;60019.04;190;0.04;7919.05
T036;2024-03;78892.28;190;0.0685;6071.04
T036;2024-04;66271.23;141;0.069;6836.52
T036;2024-05;57472.13;140;0.0392;10453.65
T036;2024-06;57643.03;218;0.0283;9352.44
T036;2024-07;39248.65;82;0.0224;21319.73
T036;2024-08;44891.48;119;0.0608;6215.05
T036;2024-09;60252.26;134;0.025;18020.62
T036;2024-10;63633.29;184;0.0424;8164.72
T036;2024-11;64365.79;244;0.0309;8518.19
T036;2024-12;58993.02;120;0.0457;10752.71
T036;2025-01;67982.4;199;0.0288;11852.15
T036;2025-02;62423.1;207;0.0388;7775.17
T036;2025-03;44772.28;178;0.0514;4896.54
T036;2025-04;68028.32;142;0.0687;6989.9
T036;2025-05;57741.12;174;0.0659;5020.85
T036;2025-06;57485;201;0.0595;4806.19
T036;2025-07;46004.28;103;0.0742;6024.57
T036;2025-08;47207.02;149;0.0687;4609.22
T036;2025-09;52803.23;142;0.0528;7040.26
T036;2025-10;45013.02;93;0.0723;6662.4
T036;2025-11;53896.26;113;0.0259;18489.21
T036;2025-12;67374.61;145;0.0397;11673.9
T037;2023-01;108930.96;354;0.0346;8892.86
T037;2023-02;108184.66;368;0.0203;14490.66
T037;2023-03;110974.4;307;0.0251;14422.18
T037;2023-04;94422.66;194;0.0723;6722.83
T037;2023-05;124663.31;387;0.067;4811.85
T037;2023-06;98320.1;239;0.0575;7160.31
T037;2023-07;101623.79;248;0.0384;10658.37
T037;2023-08;97182.14;325;0.0692;4313.45
T037;2023-09;107309.2;256;0.0582;7206.68
T037;2023-10;130452.19;399;0.0486;6723.32
T037;2023-11;92022.48;205;0.0789;5683.28
T037;2023-12;111548.15;262;0.0753;5660.43
T037;2024-01;66610.19;233;0.0383;7463.13
T037;2024-02;107876.55;330;0.0396;8253.84
T037;2024-03;86550.56;323;0.041;6531.92
T037;2024-04;95212.77;225;0.0578;7334.96
T037;2024-05;107872.69;232;0.0279;16675.61
T037;2024-06;99941.93;200;0.0747;6679.11
T037;2024-07;92850.36;304;0.0234;13067.31
T037;2024-08;89829.27;307;0.03;9747.84
T037;2024-09;71941.95;197;0.022;16623.34
T037;2024-10;91943.26;346;0.0438;6067.36
T037;2024-11;96192.61;261;0.0471;7827.8
T037;2024-12;113192.6;308;0.0446;8220.75
T037;2025-01;107175.02;236;0.0737;6165.33
T037;2025-02;96993.77;341;0.0366;7766.28
T037;2025-03;101973.66;390;0.0758;3447.83
T037;2025-04;105413.84;321;0.0707;4635.24
T037;2025-05;98639.04;313;0.0201;15667.78
T037;2025-06;101677.13;275;0.0717;5154.11
T037;2025-07;54900.04;199;0.0532;5191.7
T037;2025-08;55772.68;122;0.0652;6990.19
T037;2025-09;85500.86;197;0.0726;5969.49
T037;2025-10;71626.09;168;0.0385;11085.98
T037;2025-11;109933.89;354;0.0244;12737.53
T037;2025-12;110042.29;357;0.065;4750.8
T038;2023-01;150480.88;472;0.0575;5543.28
T038;2023-02;117513.55;435;0.0471;5734.75
T038;2023-03;150036.63;331;0.0726;6246.19
T038;2023-04;153567.6;346;0.0603;7352.08
T038;2023-05;131133.16;505;0.0685;3788.1
T038;2023-06;119558.76;362;0.0537;6143.39
T038;2023-07;131009.28;278;0.0439;10738.64
T038;2023-08;102068.41;219;0.036;12928.16
T038;2023-09;147260.34;444;0.0772;4291.29
T038;2023-10;126673;452;0.0211;13294.61
T038;2023-11;150719.43;509;0.0457;6483.58
T038;2023-12;122184.82;460;0.0334;7936.37
T038;2024-01;104811.9;212;0.0685;7220.1
T038;2024-02;83937.48;193;0.0522;8317.35
T038;2024-03;110699.29;259;0.0796;5365.32
T038;2024-04;134706.98;410;0.0604;5437.65
T038;2024-05;99320.33;300;0.0212;15606.64
T038;2024-06;132501.1;301;0.0226;19509.58
T038;2024-07;101355.82;233;0.0283;15330.56
T038;2024-08;82039.46;228;0.049;7351.64
T038;2024-09;106480.28;232;0.0501;9155.02
T038;2024-10;106724.42;421;0.0682;3719.56
T038;2024-11;132539.21;353;0.0727;5170.58
T038;2024-12;134835.42;276;0.0653;7478.36
T038;2025-01;141627.64;333;0.0317;13432.79
T038;2025-02;85985.97;238;0.0698;5184.18
T038;2025-03;89031.78;214;0.0271;15348.44
T038;2025-04;131196.54;374;0.0676;5184
T038;2025-05;93048.22;191;0.0326;14963.09
T038;2025-06;93040.48;295;0.0782;4032.26
T038;2025-07;102487.94;221;0.0269;17188.95
T038;2025-08;103428.3;243;0.0502;8492.19
T038;2025-09;98465.3;243;0.0487;8323.52
T038;2025-10;115610.02;313;0.0661;5592.46
T038;2025-11;139523.04;385;0.0519;6990.45
T038;2025-12;136975.03;314;0.0696;6274.46
T039;2023-01;127130.89;279;0.0537;8472.64
T039;2023-02;131919.94;326;0.0695;5825.32
T039;2023-03;124925.37;296;0.0531;7948.66
T039;2023-04;112117.41;228;0.0595;8272.56
T039;2023-05;91850.78;235;0.076;5147.57
T039;2023-06;131169.09;298;0.0628;7008.1
T039;2023-07;144573.59;485;0.0483;6178.53
T039;2023-08;68242.43;180;0.0448;8469.6
T039;2023-09;105737.43;353;0.0447;6701.45
T039;2023-10;115833.08;250;0.0635;7295.87
T039;2023-11;120093.7;353;0.0252;13482.99
T039;2023-12;138103.86;458;0.0526;5732.78
T039;2024-01;87128.98;283;0.0709;4340.56
T039;2024-02;85812.52;189;0.0406;11167.8
T039;2024-03;98903.21;356;0.0542;5124.47
T039;2024-04;133806.94;432;0.0466;6649.79
T039;2024-05;116198.57;362;0.0249;12897.34
T039;2024-06;110983.06;341;0.056;5814.01
T039;2024-07;102230.67;340;0.0734;4090.71
T039;2024-08;130002.33;329;0.0233;16963.01
T039;2024-09;102986.23;313;0.05;6576.54
T039;2024-10;107123.52;394;0.0492;5519.1
T039;2024-11;114279.72;270;0.0357;11842.97
T039;2024-12;138316.22;465;0.075;3966.03
T039;2025-01;103907.89;268;0.038;10233.19
T039;2025-02;70665.11;164;0.0678;6363.09
T039;2025-03;86177.86;188;0.0791;5789.73
T039;2025-04;101095.57;302;0.0527;6355.96
T039;2025-05;111979.71;430;0.0647;4023.33
T039;2025-06;87372.96;329;0.0432;6141.94
T039;2025-07;81786.91;207;0.0479;8272.45
T039;2025-08;76607.24;184;0.0331;12532.62
T039;2025-09;120846.8;434;0.0558;4987.1
T039;2025-10;82088.31;238;0.0264;13088.84
T039;2025-11;104431.9;273;0.0437;8751.28
T039;2025-12;122437.01;377;0.0777;4180.28
T040;2023-01;263596.45;627;0.06;7002.35
T040;2023-02;215039.77;569;0.0457;8261.03
T040;2023-03;153276.04;442;0.0283;12257.88
T040;2023-04;157748.97;363;0.0714;6084.5
T040;2023-05;189661.92;446;0.0713;5961
T040;2023-06;208749.83;589;0.0386;9194.22
T040;2023-07;168646.04;451;0.0307;12190.65
T040;2023-08;184778.84;667;0.0705;3928.16
T040;2023-09;140233.44;471;0.0533;5586.63
T040;2023-10;209531.77;529;0.0324;12214.2
T040;2023-11;260400.32;818;0.0697;4572.61
T040;2023-12;178674.06;411;0.0673;6459.13
T040;2024-01;180640.16;413;0.0702;6225.85
T040;2024-02;126732.25;297;0.0757;5627.41
T040;2024-03;150329.88;475;0.0618;5120
T040;2024-04;199322.29;668;0.0256;11666.04
T040;2024-05;203253.13;738;0.0675;4078.37
T040;2024-06;171415.03;378;0.0489;9254.72
T040;2024-07;172975.84;364;0.055;8634.98
T040;2024-08;170750.66;608;0.0273;10299.72
T040;2024-09;142631.99;429;0.0492;6745.44
T040;2024-10;175469.47;685;0.0349;7334.6
T040;2024-11;146011.37;514;0.0637;4461.2
T040;2024-12;170718.57;377;0.0354;12787.11
T040;2025-01;143277.72;380;0.0714;5278.46
T040;2025-02;185464.42;424;0.0683;6404.74
T040;2025-03;147281.01;457;0.0635;5071.85
T040;2025-04;170775.02;372;0.0717;6398.72
T040;2025-05;168600.95;648;0.023;11324.5
T040;2025-06;138012.13;340;0.0238;17063.54
T040;2025-07;154864.32;463;0.0308;10862.91
T040;2025-08;106640.65;333;0.0475;6750.41
T040;2025-09;174887.05;400;0.0474;9229
T040;2025-10;138351.79;300;0.0269;17182.28
T040;2025-11;185321.91;538;0.0789;4367.88
T040;2025-12;152009.62;415;0.0675;5429.27
T041;2023-01;57511.86;166;0.0631;5475.07
T041;2023-02;87346.44;279;0.026;12012.19
T041;2023-03;79528.28;228;0.057;6110.5
T041;2023-04;73473.89;178;0.041;10081.13
T041;2023-05;87821.81;217;0.0731;5531.72
T041;2023-06;70839.8;142;0.0721;6910.17
T041;2023-07;53872.36;138;0.051;7670.16
T041;2023-08;69207.49;150;0.0611;7560.82
T041;2023-09;54140.61;168;0.0321;10050.88
T041;2023-10;65595.86;239;0.0451;6066.92
T041;2023-11;80829.82;290;0.0303;9181.17
T041;2023-12;70877.93;266;0.039;6812.17
T041;2024-01;73698.1;242;0.0509;5991.55
T041;2024-02;73941.77;155;0.0646;7376.37
T041;2024-03;66054.61;172;0.0716;5349.06
T041;2024-04;80923.36;241;0.0221;15215.76
T041;2024-05;65739.46;151;0.0681;6408.25
T041;2024-06;69774.31;234;0.0632;4718.44
T041;2024-07;49710.97;156;0.039;8156.63
T041;2024-08;59562.27;143;0.0441;9456.64
T041;2024-09;78386.26;242;0.0575;5640.69
T041;2024-10;61874.97;205;0.0617;4895.07
T041;2024-11;65786.36;135;0.0797;6096.18
T041;2024-12;58371.42;162;0.0708;5092.14
T041;2025-01;60478.76;201;0.0771;3909.22
T041;2025-02;66658.58;202;0.0205;16051.16
T041;2025-03;66293.36;192;0.0381;9067.08
T041;2025-04;61586.61;176;0.0581;6039.91
T041;2025-05;55754.29;138;0.0272;14876.11
T041;2025-06;54489.01;120;0.026;17464.35
T041;2025-07;30305.27;85;0.0577;6188.88
T041;2025-08;57355.06;119;0.0799;6022.66
T041;2025-09;47173.52;183;0.0341;7561.46
T041;2025-10;49977.9;161;0.0322;9642.07
T041;2025-11;51497.9;105;0.0751;6505.53
T041;2025-12;65907.92;188;0.0343;10229.42
T042;2023-01;126716.01;274;0.0645;7177.82
T042;2023-02;123793.19;321;0.0592;6512.57
T042;2023-03;112220.55;301;0.028;13296.35
T042;2023-04;77633.23;250;0.0375;8283.27
T042;2023-05;87238.11;210;0.0271;15351.41
T042;2023-06;78375.14;160;0.0719;6790.73
T042;2023-07;112836.64;444;0.0403;6301.09
T042;2023-08;98613.26;220;0.0246;18212.32
T042;2023-09;106231.67;338;0.076;4130.84
T042;2023-10;72685.65;257;0.0678;4167.89
T042;2023-11;142710.66;436;0.0509;6441.57
T042;2023-12;114056.34;246;0.048;9668.46
T042;2024-01;101192.28;236;0.0466;9210.59
T042;2024-02;62601.71;129;0.0377;12858.38
T042;2024-03;113873.94;270;0.0718;5879.83
T042;2024-04;88626.47;178;0.0456;10944.66
T042;2024-05;98262.61;322;0.0295;10342.61
T042;2024-06;94005.29;354;0.0694;3828.47
T042;2024-07;69089.54;184;0.0704;5338.96
T042;2024-08;59150.86;143;0.0569;7252.73
T042;2024-09;86959.78;203;0.0784;5470.27
T042;2024-10;68555.02;228;0.0206;14599.59
T042;2024-11;98396.96;216;0.0204;22279.44
T042;2024-12;90211.18;248;0.0398;9160.94
T042;2025-01;81811.4;261;0.0411;7629.86
T042;2025-02;73912.17;173;0.0513;8313.09
T042;2025-03;96432.71;357;0.0228;11821.29
T042;2025-04;87867.14;345;0.0313;8135.37
T042;2025-05;87145.75;239;0.0374;9735.72
T042;2025-06;76680.01;196;0.0267;14616.06
T042;2025-07;82486.36;184;0.0792;5656.45
T042;2025-08;89174.14;285;0.0506;6182.72
T042;2025-09;76269.7;205;0.0767;4846.72
T042;2025-10;75673.3;286;0.0759;3484.17
T042;2025-11;89412.69;189;0.0358;13214.97
T042;2025-12;79166.59;215;0.0395;9327.54
T043;2023-01;159474.27;350;0.0435;10454.51
T043;2023-02;159045.53;469;0.0238;14241.75
T043;2023-03;118512.61;441;0.0269;9976.45
T043;2023-04;123154.15;288;0.0436;9827.31
T043;2023-05;143812.15;457;0.0408;7706.73
T043;2023-06;132116.84;273;0.0608;7969.59
T043;2023-07;129423.43;330;0.0566;6933.99
T043;2023-08;108771.42;258;0.0649;6501.42
T043;2023-09;111493.09;368;0.072;4210.51
T043;2023-10;116751.88;423;0.0377;7314.43
T043;2023-11;137302.89;504;0.0601;4537.93
T043;2023-12;142794.38;318;0.0403;11151.28
T043;2024-01;78649.99;184;0.0313;13643.8
T043;2024-02;99776.47;349;0.0311;9185.24
T043;2024-03;125725.82;425;0.0508;5820.47
T043;2024-04;127785.11;273;0.0346;13510.69
T043;2024-05;132016.56;364;0.0755;4798.53
T043;2024-06;91154.94;322;0.0357;7912.17
T043;2024-07;120701.13;305;0.0631;6265.71
T043;2024-08;100145.38;258;0.0508;7624.08
T043;2024-09;90597.98;214;0.0702;6014.93
T043;2024-10;116292.67;401;0.0304;9550.52
T043;2024-11;118480.61;374;0.0272;11655.19
T043;2024-12;116692.86;256;0.0283;16071.56
T043;2025-01;97920.04;224;0.0229;19096.29
T043;2025-02;101742.39;404;0.0658;3823.39
T043;2025-03;101953.8;269;0.0668;5669.71
T043;2025-04;130979.54;293;0.0443;10079.4
T043;2025-05;102408.64;409;0.071;3530.82
T043;2025-06;95018.96;377;0.0495;5087.11
T043;2025-07;54840.91;110;0.0367;13533.38
T043;2025-08;104956.07;231;0.045;10072.45
T043;2025-09;80371.02;245;0.0763;4292.9
T043;2025-10;81363.98;304;0.049;5452.27
T043;2025-11;114559.07;376;0.0352;8655.8
T043;2025-12;91496.16;208;0.0633;6947.42
T044;2023-01;94073.96;330;0.072;3957.42
T044;2023-02;89812.58;192;0.0451;10374.47
T044;2023-03;67171.95;157;0.0415;10336.1
T044;2023-04;84524.59;267;0.0459;6900.1
T044;2023-05;93829.89;371;0.0587;4314.86
T044;2023-06;84985.97;287;0.0339;8711.82
T044;2023-07;71837.21;244;0.072;4084.9
T044;2023-08;87985.97;244;0.0282;12792.54
T044;2023-09;90987.32;183;0.0746;6649.85
T044;2023-10;90644.88;196;0.0232;19993.88
T044;2023-11;105632.07;276;0.0475;8064.19
T044;2023-12;88035.97;252;0.0459;7612.32
T044;2024-01;85992.02;200;0.0304;14139.98
T044;2024-02;62126.87;161;0.0629;6151.35
T044;2024-03;77279.55;213;0.0378;9588.48
T044;2024-04;81291.57;169;0.0275;17557.08
T044;2024-05;75644.85;209;0.0532;6790.96
T044;2024-06;82158.95;253;0.0473;6859.57
T044;2024-07;66152.66;163;0.0381;10634.95
T044;2024-08;61644.21;130;0.0577;8230.49
T044;2024-09;71682.49;191;0.0659;5689.89
T044;2024-10;76270.9;241;0.0684;4625.14
T044;2024-11;101370.94;374;0.072;3769.81
T044;2024-12;83114.87;222;0.0378;9917.29
T044;2025-01;69403.49;139;0.0332;15044.18
T044;2025-02;55863.13;203;0.0551;5005.33
T044;2025-03;106951.66;257;0.036;11566.74
T044;2025-04;56382.06;118;0.0461;10352.47
T044;2025-05;75524.71;184;0.0389;10547.7
T044;2025-06;64471.86;159;0.0332;12213.28
T044;2025-07;71516.98;252;0.0432;6559.53
T044;2025-08;60944.75;134;0.0782;5824.34
T044;2025-09;72960.34;186;0.0759;5175.64
T044;2025-10;36615.96;79;0.0302;15364.16
T044;2025-11;63466.34;142;0.0562;7962.36
T044;2025-12;50386.15;122;0.0799;5176.43
T045;2023-01;45398.25;178;0.0255;10013.52
T045;2023-02;59478.31;157;0.0524;7231.06
T045;2023-03;55837.17;178;0.0661;4748.92
T045;2023-04;56657.38;187;0.0258;11741.02
T045;2023-05;63738.5;240;0.0556;4788.54
T045;2023-06;53680.31;147;0.0671;5456.69
T045;2023-07;47707.1;98;0.0365;13331.07
T045;2023-08;50222.84;150;0.0748;4470.75
T045;2023-09;49010.53;99;0.0597;8294.63
T045;2023-10;54029.84;127;0.0384;11060.11
T045;2023-11;65606.66;248;0.0406;6511.91
T045;2023-12;52351.3;207;0.0284;8913.52
T045;2024-01;50527.37;118;0.0784;5473.36
T045;2024-02;47868.76;102;0.0642;7278.32
T045;2024-03;50078.55;133;0.0544;6902.52
T045;2024-04;41801.52;100;0.04;10438.96
T045;2024-05;32422.77;103;0.0579;5419.09
T045;2024-06;63076.56;155;0.0516;7902.87
T045;2024-07;43043.62;109;0.061;6482.89
T045;2024-08;45668.53;98;0.0314;14901.33
T045;2024-09;50850.2;145;0.0769;4557.01
T045;2024-10;37803.85;99;0.0266;14353.37
T045;2024-11;50396.48;168;0.0799;3763.66
T045;2024-12;38066.58;76;0.078;6394.04
T045;2025-01;45009.57;125;0.0356;10110.68
T045;2025-02;45559.88;108;0.0736;5731.13
T045;2025-03;46866.73;111;0.037;11406.39
T045;2025-04;34618.83;79;0.0572;7691.02
T045;2025-05;47697.67;177;0.0508;5305.34
T045;2025-06;32654.18;82;0.0393;10182.24
T045;2025-07;29654.03;67;0.0242;18320.39
T045;2025-08;41330.32;99;0.0498;8392.06
T045;2025-09;42371.83;87;0.038;12832.21
T045;2025-10;38382.94;149;0.0772;3343.68
T045;2025-11;43511.92;144;0.0673;4492.12
T045;2025-12;40524.84;100;0.0229;17710.78
T046;2023-01;85602.74;178;0.0786;6113.22
T046;2023-02;89293.72;292;0.0325;9406.12
T046;2023-03;77771.87;164;0.0544;8703.27
T046;2023-04;99021.61;293;0.07;4826.85
T046;2023-05;98650.42;205;0.0299;16106.94
T046;2023-06;86172.47;344;0.079;3170.47
T046;2023-07;75190.6;239;0.0727;4327.83
T046;2023-08;90666.42;303;0.0768;3893.47
T046;2023-09;90196.78;295;0.0527;5797.7
T046;2023-10;67454.18;160;0.0314;13401.61
T046;2023-11;59338.73;222;0.0691;3875.04
T046;2023-12;124571.2;373;0.0545;6129.8
T046;2024-01;110062.97;398;0.0454;6095.84
T046;2024-02;112325.65;309;0.064;5671.66
T046;2024-03;81313.27;299;0.0342;7941.77
T046;2024-04;92977.94;319;0.0275;10599.21
T046;2024-05;62990.58;207;0.0233;13082.26
T046;2024-06;69785.5;274;0.0262;9723.17
T046;2024-07;65985.73;175;0.0284;13280.23
T046;2024-08;55347;155;0.0405;8793.89
T046;2024-09;96560.74;315;0.0279;10984.84
T046;2024-10;70148.3;149;0.0365;12924.42
T046;2024-11;94503.4;208;0.0469;9685.91
T046;2024-12;81827.64;220;0.0331;11259.96
T046;2025-01;73115.89;266;0.047;5847.68
T046;2025-02;62630.04;129;0.0772;6286.43
T046;2025-03;76816.72;208;0.0725;5080.14
T046;2025-04;55422.98;174;0.0202;15718.3
T046;2025-05;63960.58;194;0.0675;4874.36
T046;2025-06;57578.34;137;0.038;11064.07
T046;2025-07;52137.74;110;0.0761;6233.61
T046;2025-08;58778.87;119;0.0721;6863.53
T046;2025-09;73517.15;250;0.0204;14412.38
T046;2025-10;66235.12;147;0.0246;18342.77
T046;2025-11;96631.73;313;0.025;12349.33
T046;2025-12;66294.82;150;0.0578;7654.41
T047;2023-01;111799.09;294;0.0328;11601.32
T047;2023-02;102137.95;324;0.0256;12334.41
T047;2023-03;122607.63;350;0.0451;7751.24
T047;2023-04;142268.03;299;0.0283;16859.77
T047;2023-05;112386.94;426;0.0211;12485.25
T047;2023-06;115890.85;268;0.0672;6427.55
T047;2023-07;84120.51;271;0.0384;8106.84
T047;2023-08;85964.57;213;0.079;5096.99
T047;2023-09;105877.42;311;0.0652;5220.15
T047;2023-10;88178.04;223;0.038;10411.52
T047;2023-11;125247.71;484;0.0581;4451.28
T047;2023-12;116747.35;336;0.0735;4731.39
T047;2024-01;116394.1;257;0.0629;7208.63
T047;2024-02;106541.26;369;0.0576;5009.94
T047;2024-03;97361.53;379;0.0586;4387.35
T047;2024-04;93661.6;278;0.0304;11075.63
T047;2024-05;72991.13;180;0.0729;5560.93
T047;2024-06;111268.02;331;0.0211;15882.21
T047;2024-07;103088.69;244;0.0767;5505.66
T047;2024-08;73455.78;193;0.032;11923.56
T047;2024-09;122773.61;281;0.0648;6755.19
T047;2024-10;77389.35;229;0.0464;7281.28
T047;2024-11;104154.5;390;0.0547;4887.76
T047;2024-12;134817.79;524;0.0525;4903.21
T047;2025-01;99039.71;376;0.0621;4240.9
T047;2025-02;90629.88;251;0.0278;12944.37
T047;2025-03;114021.58;353;0.0721;4474.09
T047;2025-04;108538.2;268;0.0249;16251.97
T047;2025-05;95588.19;314;0.035;8692.96
T047;2025-06;83976.42;226;0.0761;4884.87
T047;2025-07;90789.55;222;0.0739;5536.68
T047;2025-08;62202.36;129;0.0475;10152.79
T047;2025-09;81041.32;274;0.0381;7744.6
T047;2025-10;81307.11;176;0.076;6094.63
T047;2025-11;87668.26;181;0.0275;17560.3
T047;2025-12;91238.09;197;0.0415;11168.87
T048;2023-01;95500.98;267;0.0384;9312.15
T048;2023-02;88221.98;180;0.0779;6299.7
T048;2023-03;75361.05;153;0.0203;24305.56
T048;2023-04;55502.63;157;0.026;13569.12
T048;2023-05;70961.48;202;0.0332;10580.75
T048;2023-06;75508.08;197;0.0798;4806.03
T048;2023-07;71770.23;176;0.0225;18174.79
T048;2023-08;70538.62;234;0.0755;3995.81
T048;2023-09;64578.24;152;0.038;11209.63
T048;2023-10;69761.76;220;0.0799;3971.2
T048;2023-11;82894.24;167;0.059;8389.97
T048;2023-12;99295.83;228;0.0219;19894.47
T048;2024-01;73985.64;156;0.0574;8267.46
T048;2024-02;60707.23;214;0.0269;10521.43
T048;2024-03;68525.56;180;0.0222;17099.09
T048;2024-04;69419.47;257;0.0603;4477.35
T048;2024-05;56975.89;187;0.0688;4415.74
T048;2024-06;80309.75;264;0.0525;5793.34
T048;2024-07;42183.86;86;0.0364;13490.75
T048;2024-08;69013.39;197;0.079;4430.89
T048;2024-09;67558.69;215;0.0621;5065
T048;2024-10;95868.9;378;0.023;11039.83
T048;2024-11;57379.12;118;0.0742;6582.01
T048;2024-12;87912.21;205;0.0691;6201.11
T048;2025-01;54948.83;124;0.0326;13534.66
T048;2025-02;65277.24;197;0.0692;4784.4
T048;2025-03;71623.48;236;0.0565;5370.58
T048;2025-04;61596.49;227;0.0586;4624.97
T048;2025-05;64140.99;203;0.0219;14467.54
T048;2025-06;72231.65;258;0.0573;4880.91
T048;2025-07;57624.44;152;0.0602;6320.58
T048;2025-08;55204.8;122;0.0356;12731.41
T048;2025-09;56081.68;155;0.0261;13857.8
T048;2025-10;57181.54;225;0.057;4458.06
T048;2025-11;61053.65;192;0.0392;8125.34
T048;2025-12;69042.21;157;0.0681;6469.33
T049;2023-01;101218.63;388;0.0373;6991.7
T049;2023-02;117379.69;323;0.0712;5103.44
T049;2023-03;134472.69;340;0.0247;15982.11
T049;2023-04;133591.15;392;0.0415;8197.06
T049;2023-05;106812.52;279;0.0551;6943.17
T049;2023-06;121632.84;269;0.0403;11195.53
T049;2023-07;138894.03;526;0.0533;4954.97
T049;2023-08;130054.21;301;0.0751;5748.45
T049;2023-09;132617.28;278;0.0563;8477.86
T049;2023-10;178637.57;361;0.0664;7449.65
T049;2023-11;181724.55;657;0.0667;4146.07
T049;2023-12;147054.37;486;0.0614;4930.59
T049;2024-01;101572.55;216;0.0374;12541.58
T049;2024-02;119545.49;286;0.0397;10524.46
T049;2024-03;113697.34;356;0.0311;10285.42
T049;2024-04;88894.56;205;0.0246;17593.47
T049;2024-05;120012.43;288;0.0343;12144.95
T049;2024-06;86297.03;200;0.0767;5613.93
T049;2024-07;104713.47;218;0.055;8713.1
T049;2024-08;125990.39;299;0.031;13569.15
T049;2024-09;112890.12;248;0.0457;9954.06
T049;2024-10;104063.29;328;0.0512;6194.85
T049;2024-11;118353.62;384;0.0274;11256.75
T049;2024-12;138845.79;320;0.0393;11037.62
T049;2025-01;94246.32;364;0.0276;9360.48
T049;2025-02;109388.06;301;0.0223;16308.13
T049;2025-03;122474.42;283;0.0517;8361.55
T049;2025-04;103718.02;300;0.0702;4924.51
T049;2025-05;103377.94;222;0.0562;8301.89
T049;2025-06;95771.91;241;0.06;6615.21
T049;2025-07;98030.74;327;0.0728;4122.8
T049;2025-08;83834.51;207;0.0583;6949.09
T049;2025-09;86232.74;203;0.0267;15899.51
T049;2025-10;101714.1;277;0.0789;4664
T049;2025-11;139691.11;321;0.0271;16066.79
T049;2025-12;111062.27;432;0.0442;5809.18
T050;2023-01;71154.38;165;0.0503;8568.88
T050;2023-02;88966.77;212;0.0322;13054.45
T050;2023-03;80867.01;168;0.021;22948.35
T050;2023-04;106732.99;247;0.0733;5898.15
T050;2023-05;79487.24;264;0.054;5578.33
T050;2023-06;71329.82;173;0.0382;10807.49
T050;2023-07;52323.99;153;0.0296;11576.6
T050;2023-08;67101.94;142;0.0206;22882.31
T050;2023-09;79745.61;240;0.0634;5252.39
T050;2023-10;88237.89;234;0.0499;7546.83
T050;2023-11;87975.45;284;0.0209;14815.67
T050;2023-12;78564.22;231;0.0254;13392.43
T050;2024-01;70338.17;256;0.0319;8617.08
T050;2024-02;71424.67;143;0.0201;24835.38
T050;2024-03;62805.6;131;0.0256;18742.97
T050;2024-04;76620.91;157;0.0567;8626.97
T050;2024-05;53398.37;121;0.0756;5844.18
T050;2024-06;72845.19;196;0.0389;9527.15
T050;2024-07;69669.08;148;0.0616;7671.51
T050;2024-08;72614.61;234;0.0759;4095.97
T050;2024-09;65932.53;173;0.0539;7045.18
T050;2024-10;63096.9;249;0.0668;3797.86
T050;2024-11;66847.47;148;0.0428;10579.38
T050;2024-12;59378.97;227;0.0306;8559.57
T050;2025-01;66655.94;179;0.0202;18446.86
T050;2025-02;43621.06;116;0.043;8722.35
T050;2025-03;54902.56;158;0.0599;5799.4
T050;2025-04;46400.42;153;0.0333;9135.27
T050;2025-05;63337.07;179;0.0302;11733.44
T050;2025-06;79187.83;267;0.0206;14388.62
T050;2025-07;56708.65;120;0.0372;12703.99
T050;2025-08;47881.34;144;0.0269;12323.01
T050;2025-09;56547.54;118;0.0604;7938.84
T050;2025-10;58815.07;118;0.073;6820.49
T050;2025-11;91425.27;307;0.0477;6236.99
T050;2025-12;42074.35;88;0.0231;20639.14
T051;2023-01;117548.13;248;0.0765;6211.39
T051;2023-02;121434.18;334;0.0701;5178.61
T051;2023-03;121102.57;247;0.0665;7373.94
T051;2023-04;122380.43;265;0.0525;8811.66
T051;2023-05;124286.57;276;0.0505;8924.15
T051;2023-06;96969.46;269;0.0285;12671.85
T051;2023-07;80536.22;292;0.0521;5287.46
T051;2023-08;84544.07;194;0.0779;5601.28
T051;2023-09;89071.12;207;0.0796;5398.2
T051;2023-10;80340.21;192;0.0621;6728.1
T051;2023-11;131615.93;384;0.0211;16281.37
T051;2023-12;94851.02;242;0.0502;7791.43
T051;2024-01;98943.04;390;0.0418;6065.76
T051;2024-02;107303.99;227;0.049;9629.84
T051;2024-03;95690.25;221;0.039;11083.25
T051;2024-04;75725.05;194;0.0389;10044.98
T051;2024-05;82043.73;303;0.0611;4436.84
T051;2024-06;76337.62;284;0.0456;5905.96
T051;2024-07;95372.66;264;0.0601;5997.71
T051;2024-08;91588.6;196;0.0342;13660.83
T051;2024-09;71176.95;144;0.0432;11456.83
T051;2024-10;78258.47;286;0.0275;9933.77
T051;2024-11;76869.38;217;0.0657;5378.35
T051;2024-12;104368.57;378;0.0603;4580.56
T051;2025-01;91153.6;223;0.0683;5982.18
T051;2025-02;84012.46;238;0.0619;5713.95
T051;2025-03;82815.3;261;0.08;3965.26
T051;2025-04;84770.76;234;0.0469;7720.29
T051;2025-05;72653.04;149;0.0752;6501.31
T051;2025-06;66145.89;143;0.0744;6214.54
T051;2025-07;62561.13;162;0.0578;6671.8
T051;2025-08;76730.22;188;0.0502;8126.35
T051;2025-09;68149.71;257;0.075;3535.76
T051;2025-10;60896.46;152;0.0606;6621.78
T051;2025-11;94326.28;247;0.0631;6046.38
T051;2025-12;95111.17;361;0.0264;9987.75
T052;2023-01;200413.42;487;0.0735;5595.47
T052;2023-02;158720.54;366;0.0505;8578.38
T052;2023-03;175126.1;425;0.0636;6477.2
T052;2023-04;213551.32;523;0.0284;14366.24
T052;2023-05;231850.71;502;0.0466;9915.77
T052;2023-06;129164.47;269;0.0464;10333.08
T052;2023-07;191908.75;485;0.0776;5099.23
T052;2023-08;162453.66;391;0.0514;8081.45
T052;2023-09;171185.07;527;0.0649;5005.86
T052;2023-10;162180.67;537;0.0323;9348.17
T052;2023-11;195780.05;597;0.0732;4480.22
T052;2023-12;195265.91;440;0.0641;6920.87
T052;2024-01;150161.16;318;0.0282;16710
T052;2024-02;185733.21;556;0.0552;6051.75
T052;2024-03;170488.34;492;0.0671;5171.33
T052;2024-04;149425.36;400;0.0309;12097.06
T052;2024-05;138575.12;372;0.0245;15192.51
T052;2024-06;178730.24;442;0.06;6746.57
T052;2024-07;151367.26;323;0.0625;7499.5
T052;2024-08;137136.45;320;0.0351;12190.18
T052;2024-09;128347.25;449;0.08;3576.44
T052;2024-10;165231.6;407;0.0459;8844.32
T052;2024-11;201379.11;767;0.0257;10217.66
T052;2024-12;137052.98;531;0.05;5169.43
T052;2025-01;133249.98;310;0.0338;12722.03
T052;2025-02;149020.39;354;0.0789;5338.74
T052;2025-03;159455.59;327;0.0492;9898.36
T052;2025-04;150140.14;353;0.0711;5984.14
T052;2025-05;113279.11;233;0.0636;7654.35
T052;2025-06;122950.86;403;0.0469;6495.27
T052;2025-07;128233.89;311;0.0652;6323.97
T052;2025-08;148589.24;366;0.0524;7737.89
T052;2025-09;151715.47;372;0.0416;9797.88
T052;2025-10;151555.86;431;0.0782;4492.77
T052;2025-11;150031.05;402;0.0702;5314.53
T052;2025-12;143049.84;492;0.0366;7944.85
T053;2023-01;177428.04;573;0.0433;7145.63
T053;2023-02;212693.93;603;0.0287;12288.04
T053;2023-03;180513.15;474;0.0778;4899.6
T053;2023-04;187956.7;408;0.0222;20772.54
T053;2023-05;182270.28;440;0.0372;11143.36
T053;2023-06;133510.56;396;0.0754;4472.97
T053;2023-07;171193.84;568;0.0724;4163.91
T053;2023-08;167361.18;383;0.0326;13413.43
T053;2023-09;200701.46;522;0.0642;5982.44
T053;2023-10;160015.4;327;0.0606;8089
T053;2023-11;275616.52;578;0.0638;7477.13
T053;2023-12;193472.9;569;0.0715;4753.23
T053;2024-01;173049.19;562;0.0269;11442.52
T053;2024-02;139205.63;289;0.0721;6677.79
T053;2024-03;148134.84;395;0.0237;15832.38
T053;2024-04;183929.5;373;0.0535;9201.8
T053;2024-05;197110.97;590;0.0511;6532.85
T053;2024-06;132629.88;304;0.065;6704.48
T053;2024-07;159048.48;483;0.049;6717.73
T053;2024-08;119501.56;466;0.0371;6910.68
T053;2024-09;134986.68;347;0.0201;19331.76
T053;2024-10;168290.87;422;0.0565;7055.07
T053;2024-11;172825.54;493;0.0606;5790.57
T053;2024-12;193990.24;695;0.0594;4703.03
T053;2025-01;138293.81;412;0.0649;5170.14
T053;2025-02;104315.65;357;0.0582;5022.49
T053;2025-03;190212.02;385;0.0695;7099.79
T053;2025-04;140632.82;292;0.0502;9592.88
T053;2025-05;130200.55;313;0.0748;5558.46
T053;2025-06;141037.31;392;0.0404;8900.39
T053;2025-07;145674.54;339;0.0372;11546.59
T053;2025-08;110199.62;374;0.0617;4769.36
T053;2025-09;109850.2;272;0.049;8250.72
T053;2025-10;150376.24;584;0.0661;3889.56
T053;2025-11;154418.29;325;0.0468;10163.84
T053;2025-12;173201.37;571;0.0512;5918.39
T054;2023-01;60566.4;133;0.074;6145.89
T054;2023-02;78305.06;176;0.0317;14043.55
T054;2023-03;82101.68;311;0.0604;4377.6
T054;2023-04;69884.79;183;0.0598;6401.61
T054;2023-05;60010.69;200;0.0383;7830.01
T054;2023-06;98863.13;259;0.0591;6447.5
T054;2023-07;76546.06;155;0.0372;13274.99
T054;2023-08;76186.87;285;0.0407;6572.94
T054;2023-09;70931.35;156;0.053;8581.02
T054;2023-10;92944.68;193;0.0769;6276.01
T054;2023-11;87994.86;219;0.0354;11383.18
T054;2023-12;78189.48;222;0.0607;5798.95
T054;2024-01;78393.95;185;0.0254;16687.6
T054;2024-02;57217.44;153;0.0358;10462.05
T054;2024-03;62437.11;132;0.0459;10316.09
T054;2024-04;77116.18;257;0.0463;6471.31
T054;2024-05;54392.39;137;0.0513;7731.36
T054;2024-06;49464.13;172;0.0239;12009.5
T054;2024-07;65786.25;194;0.0685;4959.75
T054;2024-08;76460.17;220;0.0678;5121.39
T054;2024-09;62599.79;130;0.0437;11063.11
T054;2024-10;64448.23;144;0.0367;12195.64
T054;2024-11;89367.22;343;0.0698;3728.78
T054;2024-12;82188.06;209;0.0564;6959.17
T054;2025-01;74784.15;287;0.0357;7314.8
T054;2025-02;64380.71;137;0.0651;7198.88
T054;2025-03;63177.94;165;0.0441;8680.31
T054;2025-04;58844.35;181;0.0609;5325.61
T054;2025-05;67259.21;149;0.0449;10035.68
T054;2025-06;55556.91;173;0.037;8664.97
T054;2025-07;68929.05;203;0.0566;6001.79
T054;2025-08;52447.31;152;0.0383;9030.8
T054;2025-09;54627.83;118;0.0679;6815.22
T054;2025-10;45937.2;145;0.0347;9136.69
T054;2025-11;61880.22;165;0.0463;8086.12
T054;2025-12;56244.06;185;0.0278;10945.03
T055;2023-01;100643.85;274;0.0555;6617.94
T055;2023-02;107643.92;423;0.053;4800.24
T055;2023-03;93046.68;200;0.0484;9586.75
T055;2023-04;72502.12;174;0.0625;6654.83
T055;2023-05;83083.09;282;0.0733;4016.67
T055;2023-06;71426.05;162;0.0674;6544.11
T055;2023-07;74509.37;182;0.0712;5755.31
T055;2023-08;82200.57;229;0.0649;5527.21
T055;2023-09;87878.9;176;0.0635;7873.55
T055;2023-10;83410.67;210;0.0305;13031.28
T055;2023-11;83462.7;170;0.0305;16070.95
T055;2023-12;86934.18;218;0.0561;7120.83
T055;2024-01;79808;300;0.0784;3396.56
T055;2024-02;106335.72;280;0.0566;6709.09
T055;2024-03;98364.19;311;0.0372;8488.77
T055;2024-04;94575.5;360;0.0562;4669.86
T055;2024-05;78027.59;173;0.0294;15355.91
T055;2024-06;64525;181;0.0531;6709.36
T055;2024-07;70935.12;177;0.0365;10961.85
T055;2024-08;81440.84;168;0.0717;6767.32
T055;2024-09;68887.75;176;0.0446;8764.95
T055;2024-10;64630.23;234;0.0613;4512.74
T055;2024-11;82641.07;262;0.0353;8927.19
T055;2024-12;110546.15;324;0.0521;6547.88
T055;2025-01;83672.45;187;0.0691;6471.62
T055;2025-02;56988.28;207;0.0233;11814.89
T055;2025-03;72442.69;174;0.0685;6086.46
T055;2025-04;61930.89;161;0.0761;5041.27
T055;2025-05;68333.85;171;0.0686;5825.12
T055;2025-06;75044.33;243;0.0236;13075.61
T055;2025-07;67385.72;178;0.0275;13813.41
T055;2025-08;56345.26;170;0.0761;4346.35
T055;2025-09;75318.08;221;0.0434;7850.12
T055;2025-10;67348.09;209;0.0551;5843.88
T055;2025-11;68091.41;171;0.0632;6299.69
T055;2025-12;76498.35;230;0.0702;4736.82
T056;2023-01;239453.76;684;0.0713;4912.9
T056;2023-02;165526.96;462;0.0432;8293.1
T056;2023-03;263033.28;950;0.0505;5482.49
T056;2023-04;286437.41;660;0.0795;5455.8
T056;2023-05;179869.91;587;0.0724;4235.71
T056;2023-06;274628.39;605;0.034;13328.53
T056;2023-07;221603.64;674;0.0384;8564.47
T056;2023-08;173316.86;602;0.0358;8038.07
T056;2023-09;273979.37;820;0.0397;8411.59
T056;2023-10;201932.89;629;0.0487;6596.47
T056;2023-11;257351.13;604;0.0218;19554.57
T056;2023-12;205695.77;815;0.0245;10300.77
T056;2024-01;249258.38;992;0.0762;3296.88
T056;2024-02;214001.72;774;0.0705;3921.92
T056;2024-03;274565.43;727;0.0486;7767.34
T056;2024-04;199206.11;434;0.0654;7019.17
T056;2024-05;173522.96;622;0.0681;4095.18
T056;2024-06;200909.29;525;0.0489;7819.71
T056;2024-07;202749.78;498;0.0658;6191.47
T056;2024-08;189586.9;430;0.0414;10666.11
T056;2024-09;221193.17;642;0.0742;4640.08
T056;2024-10;175481.34;656;0.0235;11383.05
T056;2024-11;237685.04;689;0.0653;5281.48
T056;2024-12;248554.89;595;0.0519;8059.86
T056;2025-01;183042.24;396;0.0727;6366.07
T056;2025-02;191461.4;494;0.0594;6524.38
T056;2025-03;143278.62;333;0.0717;6003.08
T056;2025-04;160213.37;387;0.0507;8156.94
T056;2025-05;163229.45;416;0.043;9131.74
T056;2025-06;175877.39;400;0.0383;11458.26
T056;2025-07;180849.35;720;0.0243;10318.13
T056;2025-08;211543;656;0.0729;4423.06
T056;2025-09;183464.39;372;0.0674;7315.91
T056;2025-10;150415.13;484;0.0745;4170.85
T056;2025-11;199138.66;422;0.0585;8069.74
T056;2025-12;172034.51;487;0.0376;9407.05
T057;2023-01;75338.79;228;0.0781;4220.23
T057;2023-02;145378.16;306;0.071;6697.67
T057;2023-03;102096.99;289;0.0267;13221.39
T057;2023-04;115625.44;282;0.071;5784.67
T057;2023-05;99552.14;308;0.03;10753.67
T057;2023-06;85975.67;304;0.0603;4692.27
T057;2023-07;80607.78;214;0.0633;5961.57
T057;2023-08;78411.43;213;0.0726;5067.75
T057;2023-09;89732.54;345;0.0683;3808.32
T057;2023-10;123278.57;274;0.0409;11009
T057;2023-11;120563.62;285;0.0296;14317.05
T057;2023-12;122366.09;336;0.0623;5836.93
T057;2024-01;118071.08;259;0.0342;13317.8
T057;2024-02;86554.48;253;0.0614;5572.75
T057;2024-03;127138.62;367;0.0408;8506.88
T057;2024-04;83921.48;331;0.03;8460.83
T057;2024-05;112400.51;280;0.0625;6421.75
T057;2024-06;95817.85;220;0.0386;11274.22
T057;2024-07;93053.5;200;0.062;7491.67
T057;2024-08;78048.62;180;0.057;7597.82
T057;2024-09;93910.59;375;0.0206;12191.86
T057;2024-10;86653.08;212;0.0473;8656.27
T057;2024-11;126479.48;271;0.075;6209.97
T057;2024-12;105057.67;264;0.0503;7899.36
T057;2025-01;101275.54;398;0.076;3350.13
T057;2025-02;94514.39;212;0.0677;6589.92
T057;2025-03;83385.39;294;0.0469;6058.66
T057;2025-04;82292.19;224;0.0364;10089.66
T057;2025-05;100058.79;273;0.0733;4993.67
T057;2025-06;115866.72;330;0.0476;7372.74
T057;2025-07;57397.25;226;0.037;6854.7
T057;2025-08;99825.99;275;0.0403;9002.28
T057;2025-09;72425.16;209;0.0345;10047.74
T057;2025-10;83905.85;331;0.0212;11969.34
T057;2025-11;110809.76;225;0.0333;14817.79
T057;2025-12;95116.94;302;0.0444;7080.78
T058;2023-01;58115.8;225;0.0554;4660.67
T058;2023-02;75333.49;198;0.037;10303.9
T058;2023-03;98309.04;271;0.0226;16072.38
T058;2023-04;76965.73;235;0.0392;8350.64
T058;2023-05;82879.55;260;0.0781;4084.54
T058;2023-06;88363.02;267;0.0799;4135.3
T058;2023-07;67106.9;161;0.0517;8049.58
T058;2023-08;47868.26;97;0.0634;7761.12
T058;2023-09;72128.62;171;0.0295;14305.02
T058;2023-10;72199.81;162;0.0387;11559.59
T058;2023-11;79489.07;179;0.0495;8951.76
T058;2023-12;91839.76;206;0.055;8105.12
T058;2024-01;73286.72;274;0.0487;5489.29
T058;2024-02;69593.59;237;0.0651;4499.34
T058;2024-03;71927.08;188;0.0658;5798.9
T058;2024-04;79030.25;315;0.0751;3347.34
T058;2024-05;78315.37;189;0.0483;8572.52
T058;2024-06;76308.41;194;0.0228;17244.73
T058;2024-07;74524.67;158;0.0503;9392.25
T058;2024-08;73545.33;273;0.0384;7017.82
T058;2024-09;54484.27;170;0.0692;4624.3
T058;2024-10;73067.85;184;0.0505;7841.36
T058;2024-11;91728.56;285;0.0642;5012.62
T058;2024-12;66968.17;250;0.0719;3722.22
T058;2025-01;36117.75;90;0.0575;7010.36
T058;2025-02;62961.84;222;0.0654;4329.07
T058;2025-03;67024.25;147;0.0408;11145.36
T058;2025-04;59283.08;131;0.0414;10920.67
T058;2025-05;55661.97;159;0.0395;8850.63
T058;2025-06;79049.08;160;0.0281;17638.06
T058;2025-07;52486.94;142;0.0483;7652.95
T058;2025-08;37310.63;127;0.0287;10243.46
T058;2025-09;61246.15;220;0.0654;4251.83
T058;2025-10;55940.11;127;0.0686;6406.35
T058;2025-11;64996.23;212;0.0479;6387.18
T058;2025-12;72916.9;231;0.0641;4937.23
T059;2023-01;97947.33;362;0.0749;3613.71
T059;2023-02;91432.62;254;0.0656;5480.95
T059;2023-03;65958.18;186;0.0766;4634.75
T059;2023-04;87300.14;315;0.0261;10619.69
T059;2023-05;92813.65;367;0.0529;4777.82
T059;2023-06;88662.38;230;0.0781;4933.38
T059;2023-07;84851.52;270;0.0715;4388.24
T059;2023-08;105395.08;314;0.0537;6253.71
T059;2023-09;106389.72;397;0.0659;4072.42
T059;2023-10;94037.63;275;0.0286;11969.52
T059;2023-11;97306.37;230;0.0299;14191.63
T059;2023-12;126128.92;276;0.0234;19536.04
T059;2024-01;94182.9;255;0.0521;7099.21
T059;2024-02;76699.05;213;0.07;5144.19
T059;2024-03;70571.19;146;0.0577;8358.87
T059;2024-04;63635.34;128;0.079;6274.07
T059;2024-05;73085.36;152;0.0671;7167.76
T059;2024-06;91733.33;260;0.0396;8892.46
T059;2024-07;65251.29;150;0.0248;17604.11
T059;2024-08;69628.24;193;0.0737;4901.22
T059;2024-09;70264.09;250;0.0274;10276.23
T059;2024-10;78999.87;221;0.0658;5437.81
T059;2024-11;83299.06;167;0.0595;8366.34
T059;2024-12;90999.58;199;0.0714;6389.78
T059;2025-01;85710.45;178;0.077;6259.52
T059;2025-02;51664.07;105;0.0528;9281.33
T059;2025-03;80002.04;301;0.0586;4542.92
T059;2025-04;81420.6;197;0.0409;10094.41
T059;2025-05;73099.33;149;0.0681;7218.46
T059;2025-06;55128.38;161;0.0602;5704.24
T059;2025-07;70888.88;265;0.0354;7570.31
T059;2025-08;60145.84;172;0.0291;12053.25
T059;2025-09;86397.03;240;0.0662;5441.64
T059;2025-10;57583.74;174;0.0721;4582.16
T059;2025-11;82556.35;268;0.0565;5457.54
T059;2025-12;62914.58;139;0.0646;7021.1
T060;2023-01;84407.18;308;0.0546;5029.62
T060;2023-02;112771.71;290;0.0313;12408.34
T060;2023-03;120345.02;357;0.0455;7418.18
T060;2023-04;100492.45;356;0.0274;10302.94
T060;2023-05;121811.8;274;0.0534;8320.7
T060;2023-06;113547.61;276;0.0208;19770.27
T060;2023-07;90531.37;308;0.063;4666.76
T060;2023-08;79884.02;187;0.0341;12524.91
T060;2023-09;107829.56;310;0.0317;10972.21
T060;2023-10;76593.08;177;0.0292;14801.26
T060;2023-11;113376.03;410;0.0616;4484.19
T060;2023-12;130994.14;345;0.0379;10025.24
T060;2024-01;68431.01;217;0.0298;10589.99
T060;2024-02;82181.94;241;0.0351;9717.61
T060;2024-03;105805.21;282;0.0667;5631.06
T060;2024-04;104737.68;228;0.0548;8402.42
T060;2024-05;68998.38;146;0.0215;22082.29
T060;2024-06;98239.82;291;0.0633;5325.56
T060;2024-07;94287.69;217;0.0688;6322.75
T060;2024-08;101159.62;359;0.0211;13369.98
T060;2024-09;70731.03;174;0.029;14001.33
T060;2024-10;97623.29;266;0.0503;7306.41
T060;2024-11;105982.23;283;0.04;9356.48
T060;2024-12;137714.21;514;0.0254;10555.08
T060;2025-01;57690.97;152;0.0383;9898.95
T060;2025-02;69800.88;165;0.0718;5874.07
T060;2025-03;68608.36;246;0.057;4897.66
T060;2025-04;71645.96;198;0.0313;11539.42
T060;2025-05;66925.05;172;0.0516;7526.31
T060;2025-06;81854.48;189;0.0233;18602.34
T060;2025-07;72072.54;237;0.031;9806.1
T060;2025-08;74372.45;208;0.0691;5183.12
T060;2025-09;75271.59;162;0.0203;22886.38
T060;2025-10;87074.98;336;0.0747;3464.01
T060;2025-11;83722.5;191;0.0773;5668.63
T060;2025-12;105578.84;238;0.0705;6280.24
T061;2023-01;173224.19;378;0.0317;14457.39
T061;2023-02;157117.42;375;0.0498;8412.74
T061;2023-03;181113.75;662;0.0374;7304.31
T061;2023-04;164935.92;634;0.0741;3509.82
T061;2023-05;180543.9;464;0.0721;5399.6
T061;2023-06;161871.51;381;0.0375;11325.72
T061;2023-07;144409.59;432;0.0385;8674.53
T061;2023-08;137273.83;323;0.0712;5962.33
T061;2023-09;142706.42;501;0.0527;5413.79
T061;2023-10;149110.66;552;0.063;4290.79
T061;2023-11;175176.65;561;0.0727;4299.4
T061;2023-12;186170.68;636;0.0363;8059.09
T061;2024-01;161620.74;533;0.0562;5393.24
T061;2024-02;166846.64;342;0.0443;11021.69
T061;2024-03;141854.67;377;0.0783;4810.1
T061;2024-04;158725.24;518;0.0609;5030.74
T061;2024-05;124857.45;398;0.073;4291.79
T061;2024-06;110445.59;361;0.0496;6167.37
T061;2024-07;127209.22;259;0.0662;7410.27
T061;2024-08;82809.18;214;0.0649;5967.75
T061;2024-09;130299.64;292;0.0395;11297.4
T061;2024-10;149924.13;306;0.0759;6455.88
T061;2024-11;186592.74;417;0.0634;7055.5
T061;2024-12;172051.84;482;0.0363;9821.99
T061;2025-01;118671.72;343;0.0702;4932.43
T061;2025-02;123689.08;332;0.0222;16807.51
T061;2025-03;103198.13;345;0.0696;4294.78
T061;2025-04;113883.01;243;0.0663;7069
T061;2025-05;137760.67;389;0.0649;5461.52
T061;2025-06;120041.11;388;0.0765;4046.67
T061;2025-07;116491.15;291;0.0263;15235.5
T061;2025-08;106708.39;230;0.0518;8948.34
T061;2025-09;165446.95;527;0.0605;5183.6
T061;2025-10;88599.5;225;0.0693;5677.51
T061;2025-11;141909.97;552;0.0579;4444.91
T061;2025-12;108337.59;311;0.0405;8591.69
T062;2023-01;60416.88;139;0.0256;16896.55
T062;2023-02;72599.62;149;0.0573;8508.16
T062;2023-03;54460.92;154;0.0334;10561.14
T062;2023-04;74058.78;153;0.0493;9802.61
T062;2023-05;76448.82;223;0.0632;5423.16
T062;2023-06;70013.77;167;0.0623;6721.22
T062;2023-07;35869.36;117;0.0695;4397.4
T062;2023-08;53655.93;133;0.0467;8617.18
T062;2023-09;62112.03;181;0.0339;10141.33
T062;2023-10;61788.92;142;0.0383;11331.63
T062;2023-11;77411.32;236;0.0749;4382.95
T062;2023-12;65188.07;142;0.0709;6494.05
T062;2024-01;62555.19;139;0.0562;8039.74
T062;2024-02;60903.05;188;0.0733;4420.04
T062;2024-03;56873.04;219;0.0583;4454.78
T062;2024-04;67706.19;258;0.0756;3475.26
T062;2024-05;51238.64;119;0.0408;10587.86
T062;2024-06;58329.4;139;0.0424;9918.26
T062;2024-07;47789.01;172;0.0546;5093.45
T062;2024-08;41437.33;159;0.0516;5039.54
T062;2024-09;62052.21;126;0.0228;21671.65
T062;2024-10;54888.87;162;0.0328;10341.95
T062;2024-11;70621.59;252;0.049;5712.39
T062;2024-12;75393.75;179;0.0667;6313.43
T062;2025-01;62309.34;138;0.0314;14398.46
T062;2025-02;53780.18;194;0.0633;4386.14
T062;2025-03;52493.33;122;0.0705;6120.41
T062;2025-04;48937.53;151;0.039;8327.88
T062;2025-05;49178.5;114;0.0701;6153.14
T062;2025-06;49530.48;140;0.0659;5369.19
T062;2025-07;40404.33;82;0.0792;6233.62
T062;2025-08;37106.3;98;0.0761;4972
T062;2025-09;34366.13;109;0.0758;4180.06
T062;2025-10;48465.42;165;0.0548;5350.91
T062;2025-11;69500.67;185;0.0363;10314.81
T062;2025-12;58240.14;199;0.0572;5106.61
T063;2023-01;110193.8;254;0.0285;15253.37
T063;2023-02;89980.17;319;0.0477;5903.97
T063;2023-03;99058.76;215;0.0739;6244.75
T063;2023-04;97370.37;354;0.022;12492.59
T063;2023-05;72146.53;185;0.0617;6323.58
T063;2023-06;76665.87;305;0.0488;5159.43
T063;2023-07;87624.72;345;0.0255;9951.91
T063;2023-08;66847.98;209;0.0549;5825.1
T063;2023-09;58876.75;223;0.0287;9201.03
T063;2023-10;71551.37;175;0.0233;17608.45
T063;2023-11;102822.35;292;0.0306;11481.5
T063;2023-12;97992.4;203;0.0233;20701.65
T063;2024-01;67684.39;190;0.0625;5690.58
T063;2024-02;94366.71;320;0.0776;3801.6
T063;2024-03;75494.59;218;0.0405;8551.62
T063;2024-04;78715.11;208;0.0636;5959.12
T063;2024-05;87698.89;222;0.0298;13275.5
T063;2024-06;65874.88;146;0.0794;5687.08
T063;2024-07;70924.54;206;0.0467;7375.91
T063;2024-08;79402.2;168;0.0512;9231.71
T063;2024-09;70441.5;180;0.0602;6501.35
T063;2024-10;73278.6;188;0.0209;18678.99
T063;2024-11;91640.81;339;0.0546;4946.66
T063;2024-12;85055.29;190;0.0704;6347.02
T063;2025-01;73749.78;179;0.0403;10217.18
T063;2025-02;81035.53;250;0.0754;4304.13
T063;2025-03;67405.67;219;0.065;4732.14
T063;2025-04;81257.85;226;0.076;4730.7
T063;2025-05;73928.29;181;0.0373;10942.16
T063;2025-06;52444.7;162;0.044;7354.21
T063;2025-07;66744.75;144;0.05;9258.84
T063;2025-08;49734.68;157;0.0773;4087.83
T063;2025-09;79184.7;198;0.076;5272.37
T063;2025-10;58987.81;127;0.0609;7623.95
T063;2025-11;70721.97;238;0.0362;8203.31
T063;2025-12;71552.71;171;0.0391;10680.9
T064;2023-01;101544.36;220;0.0344;13422.27
T064;2023-02;75238.65;213;0.0569;6217.39
T064;2023-03;57236.02;168;0.0552;6170.92
T064;2023-04;78998.47;195;0.0592;6859.99
T064;2023-05;100237.17;205;0.0525;9308.37
T064;2023-06;87505.8;204;0.0534;8029.68
T064;2023-07;82782.63;238;0.0443;7855.4
T064;2023-08;68708.15;244;0.0688;4088.83
T064;2023-09;94445.63;227;0.0324;12804.1
T064;2023-10;85618.7;180;0.0703;6776.31
T064;2023-11;69804.97;226;0.0638;4845.52
T064;2023-12;96482.21;341;0.0608;4652.46
T064;2024-01;84335.84;181;0.022;21209.99
T064;2024-02;97392.97;204;0.0271;17644.51
T064;2024-03;71775.75;156;0.0507;9049.19
T064;2024-04;97760.96;344;0.0543;5230.61
T064;2024-05;109633.57;233;0.0446;10557.46
T064;2024-06;73452.79;228;0.0209;15450.7
T064;2024-07;55145.16;160;0.031;11094.43
T064;2024-08;92441.75;259;0.0791;4521.68
T064;2024-09;93503.57;211;0.0649;6837.96
T064;2024-10;62873.62;189;0.0567;5863.8
T064;2024-11;76603.19;221;0.045;7721.59
T064;2024-12;92221.64;211;0.0256;17037.83
T064;2025-01;113796.4;305;0.0639;5844.55
T064;2025-02;85807.07;248;0.0767;4510.52
T064;2025-03;109977.59;241;0.0365;12498.78
T064;2025-04;69576.89;259;0.0625;4303.08
T064;2025-05;87734.69;177;0.0439;11278.93
T064;2025-06;75354.49;213;0.0445;7955.88
T064;2025-07;78460.41;178;0.0487;9026.29
T064;2025-08;59912.1;229;0.0386;6770.58
T064;2025-09;83070.45;306;0.0683;3978.52
T064;2025-10;65869.06;158;0.0639;6525.7
T064;2025-11;109353.32;272;0.0661;6082.01
T064;2025-12;75982.73;210;0.0484;7477.69
T065;2023-01;98690.37;275;0.0783;4584.71
T065;2023-02;93029.19;283;0.058;5663.5
T065;2023-03;91167.47;330;0.0577;4790.11
T065;2023-04;79587.59;161;0.0222;22227.05
T065;2023-05;107411.86;297;0.0268;13486.43
T065;2023-06;117076.9;387;0.0287;10533.69
T065;2023-07;90860.57;191;0.0781;6093.71
T065;2023-08;65260.97;223;0.0247;11837.65
T065;2023-09;105241.84;249;0.0671;6310.42
T065;2023-10;97679.64;246;0.0357;11117.54
T065;2023-11;91677.64;185;0.0739;6707.06
T065;2023-12;116451.98;241;0.034;14217.08
T065;2024-01;105266.24;388;0.0356;7625.17
T065;2024-02;80994.43;230;0.0211;16713.93
T065;2024-03;91569.86;288;0.0683;4651.64
T065;2024-04;99580.99;275;0.0386;9377.09
T065;2024-05;89325.26;241;0.0394;9412.45
T065;2024-06;74730.79;180;0.0282;14704.34
T065;2024-07;80973.44;192;0.0748;5638.07
T065;2024-08;83414.52;170;0.0576;8505.33
T065;2024-09;102640.25;326;0.0375;8387.28
T065;2024-10;89548.77;275;0.0407;8002.68
T065;2024-11;104508.29;210;0.0261;19058.9
T065;2024-12;82223.07;181;0.0255;17825.22
T065;2025-01;73502.74;176;0.0234;17893.1
T065;2025-02;84503.46;242;0.0513;6813.2
T065;2025-03;78567.43;224;0.038;9213.56
T065;2025-04;65782.17;153;0.0324;13305.89
T065;2025-05;80905.46;259;0.0402;7775.11
T065;2025-06;58740.96;135;0.0328;13295.72
T065;2025-07;84621.33;335;0.0666;3794.19
T065;2025-08;47876.82;107;0.0725;6188.85
T065;2025-09;83215.6;180;0.0666;6944.85
T065;2025-10;76030.27;198;0.0232;16549.24
T065;2025-11;73165.55;201;0.0765;4759.4
T065;2025-12;88636.47;279;0.0483;6581.16
T066;2023-01;82525.25;297;0.0624;4461.69
T066;2023-02;111638.66;234;0.0591;8079.75
T066;2023-03;79326.77;268;0.0586;5050.67
T066;2023-04;103088.69;311;0.0716;4635.79
T066;2023-05;83890.61;240;0.0763;4577.44
T066;2023-06;72420.87;251;0.0206;14000.6
T066;2023-07;83910.93;278;0.0345;8775.24
T066;2023-08;69278.79;245;0.0629;4488.99
T066;2023-09;80613.14;251;0.0533;6014.39
T066;2023-10;75974.9;176;0.052;8323.7
T066;2023-11;116097.58;267;0.0736;5908.03
T066;2023-12;88046.82;243;0.0518;6984.32
T066;2024-01;93454.47;304;0.0344;8941.33
T066;2024-02;76137.65;222;0.0338;10146.23
T066;2024-03;65832.6;199;0.0748;4411.99
T066;2024-04;79893.17;227;0.0649;5428.95
T066;2024-05;73456.62;163;0.0658;6868.95
T066;2024-06;70850.03;204;0.0773;4485.14
T066;2024-07;54281.99;133;0.0611;6657.21
T066;2024-08;64034.04;228;0.0672;4187.6
T066;2024-09;73813.45;222;0.0644;5165.53
T066;2024-10;69026.98;210;0.0696;4714.81
T066;2024-11;104143.55;209;0.0607;8186.65
T066;2024-12;91508.51;184;0.0217;22836.33
T066;2025-01;62933.76;199;0.0703;4486.87
T066;2025-02;66884.57;259;0.0512;5039.56
T066;2025-03;87679.09;238;0.0674;5469.23
T066;2025-04;88481.68;312;0.0386;7335.02
T066;2025-05;83471.61;238;0.0725;4840.4
T066;2025-06;76442.88;216;0.0442;8012.24
T066;2025-07;60197.69;141;0.0269;15899.86
T066;2025-08;54367.97;167;0.0669;4880.09
T066;2025-09;52095.59;125;0.0318;13143.95
T066;2025-10;57512.08;121;0.0263;17994.95
T066;2025-11;75856.14;162;0.0276;16955.15
T066;2025-12;96135.94;229;0.0543;7721.8
T067;2023-01;30182.43;70;0.0763;5644.75
T067;2023-02;57360.38;115;0.0572;8689.06
T067;2023-03;58763.88;142;0.0319;12924.25
T067;2023-04;63767.74;134;0.0789;6047.77
T067;2023-05;46677.37;156;0.028;10678.71
T067;2023-06;50739.14;102;0.0514;9681.43
T067;2023-07;41555.52;138;0.0401;7512.73
T067;2023-08;52935.68;189;0.0338;8275.09
T067;2023-09;48581.24;144;0.0655;5158.31
T067;2023-10;68473.91;175;0.061;6420.55
T067;2023-11;71965.09;287;0.0759;3305.18
T067;2023-12;61937.33;140;0.0461;9601.45
T067;2024-01;45602.83;94;0.0481;10128.13
T067;2024-02;54000.05;109;0.0756;6551.5
T067;2024-03;53811.29;113;0.0639;7426.58
T067;2024-04;45091.3;107;0.0787;5362.87
T067;2024-05;48761.23;113;0.0757;5700.34
T067;2024-06;46869.73;150;0.0405;7708.86
T067;2024-07;47666.69;163;0.0549;5320.04
T067;2024-08;46274.47;140;0.0267;12416.98
T067;2024-09;34518.27;96;0.0352;10248.32
T067;2024-10;56923.55;132;0.0472;9166.16
T067;2024-11;46456.6;110;0.0416;10123.42
T067;2024-12;54409.73;156;0.0675;5154.68
T067;2025-01;47532.36;105;0.063;7158.32
T067;2025-02;41790.45;84;0.0262;19044.7
T067;2025-03;40574.51;137;0.0278;10616.87
T067;2025-04;37969.42;101;0.0486;7710.3
T067;2025-05;40484.67;85;0.0221;21525.44
T067;2025-06;50232.59;125;0.0488;8220.04
T067;2025-07;29555;65;0.0238;19101.55
T067;2025-08;38820.34;137;0.0731;3875.2
T067;2025-09;51480.48;125;0.0298;13829.9
T067;2025-10;34773.93;113;0.0215;14247.5
T067;2025-11;53132.48;123;0.0686;6276.9
T067;2025-12;46949.43;99;0.0603;7886.16
T068;2023-01;116482.59;324;0.0671;5356
T068;2023-02;134103.58;491;0.0513;5332.91
T068;2023-03;122605.11;251;0.0619;7900.84
T068;2023-04;121646.55;403;0.0212;14231.29
T068;2023-05;147657.8;476;0.0275;11282.56
T068;2023-06;64409.94;162;0.0659;6021.56
T068;2023-07;108918.46;219;0.0584;8501.76
T068;2023-08;119383.37;257;0.0767;6059.69
T068;2023-09;107563.47;399;0.0303;8896.2
T068;2023-10;120247.65;454;0.0263;10059.55
T068;2023-11;119848.41;311;0.0627;6154.37
T068;2023-12;108614.09;359;0.0604;5016.16
T068;2024-01;114629.52;241;0.0267;17851.09
T068;2024-02;133591.12;454;0.0457;6436.59
T068;2024-03;107325.96;307;0.0371;9429.35
T068;2024-04;87355.52;299;0.0401;7290.51
T068;2024-05;122785.4;422;0.0275;10580.25
T068;2024-06;130130.39;507;0.0207;12372.26
T068;2024-07;98712.44;360;0.0462;5944.69
T068;2024-08;94574.72;193;0.07;7003.39
T068;2024-09;121984.32;266;0.0409;11211.5
T068;2024-10;96404.97;204;0.0482;9808.29
T068;2024-11;108463.29;429;0.0576;4387.43
T068;2024-12;131799.82;309;0.059;7214.08
T068;2025-01;84238.91;228;0.0614;6014.45
T068;2025-02;92091.73;229;0.0523;7686.77
T068;2025-03;66653.76;209;0.05;6384.96
T068;2025-04;87393.57;301;0.0404;7174.65
T068;2025-05;101806.02;382;0.0698;3821.58
T068;2025-06;66005.38;169;0.0602;6482.94
T068;2025-07;66806.95;182;0.0774;4750.81
T068;2025-08;90510.5;205;0.0782;5649.96
T068;2025-09;76811.04;289;0.0547;4868.93
T068;2025-10;92106.96;271;0.0365;9293.1
T068;2025-11;93298.32;283;0.071;4637.38
T068;2025-12;117080.59;254;0.0414;11153.93
T069;2023-01;123020.33;346;0.024;14839.79
T069;2023-02;117574.57;350;0.0798;4209.29
T069;2023-03;114890.26;259;0.0657;6746.74
T069;2023-04;99551.26;228;0.0427;10222.71
T069;2023-05;105864.34;287;0.0578;6369.22
T069;2023-06;110592.88;248;0.0361;12349.71
T069;2023-07;113961.79;268;0.0201;21124.55
T069;2023-08;99950.08;282;0.0315;11265.72
T069;2023-09;81515.21;244;0.0637;5237.85
T069;2023-10;100610.29;230;0.0232;18842.84
T069;2023-11;134146.03;348;0.0356;10834.01
T069;2023-12;98982.01;199;0.0386;12861.38
T069;2024-01;115371.05;372;0.0367;8458.4
T069;2024-02;109618.51;253;0.0751;5762.75
T069;2024-03;116714.67;244;0.0643;7429.16
T069;2024-04;110218.44;366;0.0646;4660.46
T069;2024-05;96213.79;228;0.0655;6430.33
T069;2024-06;134367.03;275;0.0261;18734.86
T069;2024-07;97159.99;297;0.0567;5772.82
T069;2024-08;101905.83;268;0.0669;5688.28
T069;2024-09;115527.31;400;0.0435;6639.14
T069;2024-10;82633.8;233;0.039;9101.76
T069;2024-11;114956.79;444;0.0282;9179.35
T069;2024-12;115714.29;238;0.072;6735.51
T069;2025-01;95083.94;295;0.04;8050.16
T069;2025-02;77970.83;305;0.0721;3542.31
T069;2025-03;89052.14;229;0.0565;6873.83
T069;2025-04;94014.04;222;0.0672;6288.68
T069;2025-05;97555.11;350;0.0416;6707.26
T069;2025-06;87382.33;188;0.0229;20271.71
T069;2025-07;91171.75;318;0.0448;6403.7
T069;2025-08;58074.18;171;0.0298;11392.62
T069;2025-09;84446.8;227;0.0676;5504.66
T069;2025-10;75424.88;203;0.0619;6012.01
T069;2025-11;105438.88;276;0.0435;8792.39
T069;2025-12;104726.07;383;0.0434;6306.93
T070;2023-01;99838.73;347;0.0306;9413.63
T070;2023-02;58414.34;182;0.0774;4154.25
T070;2023-03;90193.06;199;0.0277;16425.46
T070;2023-04;93950.69;202;0.0557;8346.8
T070;2023-05;90732.73;201;0.0707;6370.16
T070;2023-06;71576.77;257;0.0782;3567.98
T070;2023-07;68243.71;256;0.03;8875.54
T070;2023-08;72682.41;146;0.0538;9263.68
T070;2023-09;60361.04;192;0.0598;5250.67
T070;2023-10;64738.58;182;0.0779;4553.72
T070;2023-11;103053.18;319;0.0248;13057.37
T070;2023-12;97022.65;261;0.0389;9568.02
T070;2024-01;59079.1;197;0.0368;8133.6
T070;2024-02;69915.48;140;0.0361;13853.09
T070;2024-03;84343.93;261;0.0329;9818.13
T070;2024-04;57321.28;198;0.0388;7472.96
T070;2024-05;66413.45;150;0.0679;6543.52
T070;2024-06;72647.57;189;0.0386;9965.55
T070;2024-07;66024.75;165;0.0593;6748.11
T070;2024-08;55202.75;219;0.0757;3333.3
T070;2024-09;65555.27;187;0.0201;17462.88
T070;2024-10;60745.08;162;0.0652;5743.14
T070;2024-11;80223.86;216;0.0578;6430.52
T070;2024-12;79228.52;294;0.0493;5476.2
T070;2025-01;60841.38;183;0.0454;7317.96
T070;2025-02;54030.42;138;0.0742;5297.23
T070;2025-03;65489.54;149;0.0507;8675.61
T070;2025-04;62032.89;151;0.0261;15727.22
T070;2025-05;64359.14;130;0.0582;8533.31
T070;2025-06;71601.58;156;0.068;6744.47
T070;2025-07;44124.01;123;0.048;7445.14
T070;2025-08;47238.72;152;0.0737;4207.91
T070;2025-09;62572.26;138;0.0533;8483.03
T070;2025-10;58651.46;120;0.0503;9678.58
T070;2025-11;66036.27;192;0.0451;7644.2
T070;2025-12;76789.89;199;0.0532;7266.69
T071;2023-01;68353.64;142;0.0553;8710.12
T071;2023-02;85912.48;194;0.0776;5692.56
T071;2023-03;56793.38;151;0.0267;14027.11
T071;2023-04;57280.7;121;0.0437;10855.34
T071;2023-05;39349.18;81;0.0491;9944.04
T071;2023-06;70526.65;275;0.0238;10764.29
T071;2023-07;49633.96;163;0.0507;6015.6
T071;2023-08;53677.6;183;0.05;5853.9
T071;2023-09;64497.74;162;0.0289;13786.46
T071;2023-10;71295.73;143;0.0792;6307.04
T071;2023-11;73061.29;155;0.0437;10769.75
T071;2023-12;66044.81;160;0.0386;10686.42
T071;2024-01;77629.48;193;0.0514;7808.39
T071;2024-02;50797.78;151;0.0577;5853.61
T071;2024-03;39304.97;88;0.0589;7575.33
T071;2024-04;63301.3;136;0.0604;7707.8
T071;2024-05;61365.93;202;0.0583;5211.95
T071;2024-06;74783.87;163;0.0646;7097.42
T071;2024-07;52711.27;114;0.0238;19370.62
T071;2024-08;60758.18;141;0.0766;5638.57
T071;2024-09;65931.07;144;0.0574;7979.45
T071;2024-10;46949.95;113;0.0455;9110
T071;2024-11;73384.79;255;0.0684;4215.02
T071;2024-12;70470.48;220;0.0488;6560.57
T071;2025-01;54663.36;151;0.0272;13285.94
T071;2025-02;40323.54;139;0.0369;7855.01
T071;2025-03;48705.71;158;0.064;4814.05
T071;2025-04;53521.25;122;0.0488;9011.77
T071;2025-05;49464.75;102;0.0625;7729.62
T071;2025-06;45713.4;103;0.0699;6354.23
T071;2025-07;50263.76;148;0.0328;10374.94
T071;2025-08;55184.57;156;0.0642;5520.48
T071;2025-09;44730.16;161;0.0684;4072.39
T071;2025-10;43040.71;108;0.0242;16424.75
T071;2025-11;51157.72;199;0.0357;7194.67
T071;2025-12;65440.32;142;0.0494;9339.24
T072;2023-01;81751.14;192;0.0403;10562.58
T072;2023-02;73991.72;266;0.0367;7565.65
T072;2023-03;71888.53;159;0.0392;11564.48
T072;2023-04;93575.09;322;0.0462;6302.99
T072;2023-05;74548.55;267;0.0311;8980.74
T072;2023-06;77382.8;278;0.0405;6875.43
T072;2023-07;69473.74;171;0.0414;9832.23
T072;2023-08;74312.59;225;0.0214;15469.4
T072;2023-09;33714.21;116;0.0659;4395.08
T072;2023-10;75826.01;203;0.0403;9250.67
T072;2023-11;91408.95;209;0.0369;11869.03
T072;2023-12;73088.75;240;0.0513;5937.68
T072;2024-01;77808.73;194;0.0252;15910.29
T072;2024-02;62117.38;240;0.0572;4528.88
T072;2024-03;66090.2;150;0.0388;11324.08
T072;2024-04;68137.73;187;0.0342;10666.85
T072;2024-05;54758.15;111;0.0622;7913
T072;2024-06;79153.41;279;0.045;6314.89
T072;2024-07;68195.43;148;0.055;8371.6
T072;2024-08;40169.31;151;0.0593;4473.48
T072;2024-09;54775.82;170;0.0679;4758.88
T072;2024-10;77440.85;174;0.0411;10837.49
T072;2024-11;85420.23;339;0.025;10099.81
T072;2024-12;57299.01;204;0.0311;9045.62
T072;2025-01;66930.72;162;0.0237;17448.88
T072;2025-02;63895.1;168;0.0498;7658.73
T072;2025-03;64303.17;181;0.0565;6286.01
T072;2025-04;62306.71;226;0.0473;5844.85
T072;2025-05;67629.57;152;0.0695;6421.52
T072;2025-06;56524.46;131;0.07;6159.18
T072;2025-07;52494.2;124;0.0582;7261.95
T072;2025-08;42436.29;99;0.0335;12825.65
T072;2025-09;48611.26;108;0.0749;5986.44
T072;2025-10;60043.93;205;0.069;4234.8
T072;2025-11;70068.64;207;0.0204;16590.66
T072;2025-12;76930.97;290;0.0457;5799.83
T073;2023-01;58030.11;166;0.0305;11446.24
T073;2023-02;56849.95;142;0.0502;7965.65
T073;2023-03;67894.26;258;0.0765;3435.99
T073;2023-04;41918.32;145;0.0403;7182.34
T073;2023-05;62328.07;244;0.0418;6101.57
T073;2023-06;68540.33;162;0.0267;15802.38
T073;2023-07;53346.16;186;0.0457;6280.43
T073;2023-08;50205.99;102;0.0562;8779.09
T073;2023-09;59405.32;137;0.0266;16288.46
T073;2023-10;57912.94;140;0.0501;8242.46
T073;2023-11;68932.37;160;0.0204;21142.6
T073;2023-12;78153.82;230;0.0265;12802.22
T073;2024-01;57753.26;163;0.0636;5582.9
T073;2024-02;53412.82;186;0.0678;4230.33
T073;2024-03;52444.57;197;0.0612;4342.22
T073;2024-04;64309.63;131;0.0269;18274.89
T073;2024-05;47713.97;145;0.0686;4789.51
T073;2024-06;45917.13;101;0.0792;5760.11
T073;2024-07;41987.25;108;0.0367;10610.39
T073;2024-08;38334.91;87;0.0664;6632.77
T073;2024-09;48333.73;103;0.0216;21706.65
T073;2024-10;39692.5;118;0.0671;4996.04
T073;2024-11;62818.94;211;0.0583;5111.59
T073;2024-12;62824.49;142;0.0682;6505.46
T073;2025-01;49926.51;130;0.0312;12269.75
T073;2025-02;58989.6;141;0.0565;7431.56
T073;2025-03;32202.36;92;0.0359;9702.29
T073;2025-04;51056.68;124;0.0612;6716.75
T073;2025-05;40621.82;118;0.0357;9599.58
T073;2025-06;51669.43;142;0.0567;6416.45
T073;2025-07;45729.85;133;0.0621;5527.97
T073;2025-08;43794.69;116;0.0475;7957.7
T073;2025-09;50723.33;124;0.0608;6754.22
T073;2025-10;57822.87;211;0.0771;3555.46
T073;2025-11;60002.81;134;0.0424;10549.93
T073;2025-12;47167.01;181;0.035;7427.18
T074;2023-01;91371.91;234;0.0519;7506.48
T074;2023-02;85953.22;245;0.0297;11805.59
T074;2023-03;83632.77;174;0.0475;10145.4
T074;2023-04;73648.29;178;0.0749;5541.28
T074;2023-05;80189.47;198;0.0559;7228.49
T074;2023-06;75143.67;233;0.061;5294.38
T074;2023-07;66624.82;174;0.0261;14702.47
T074;2023-08;70784.22;151;0.0505;9277.85
T074;2023-09;70010.25;249;0.0225;12506.45
T074;2023-10;88051.3;275;0.0347;9245.03
T074;2023-11;84056.03;221;0.0435;8737.64
T074;2023-12;88926.23;226;0.0621;6344.52
T074;2024-01;70577.48;198;0.045;7911.65
T074;2024-02;60440.67;145;0.0494;8421.79
T074;2024-03;42352.23;85;0.0757;6581.63
T074;2024-04;78227.04;239;0.0267;12246.61
T074;2024-05;60236.05;124;0.0627;7745.74
T074;2024-06;55164.15;170;0.0549;5903.99
T074;2024-07;69938.38;237;0.0695;4238.65
T074;2024-08;69393.29;218;0.0758;4207.61
T074;2024-09;77088.68;244;0.0509;6222.69
T074;2024-10;62951.21;227;0.0596;4642.42
T074;2024-11;85181.4;224;0.0227;16770.84
T074;2024-12;87521.29;181;0.0623;7754.94
T074;2025-01;72169.62;165;0.0465;9403.15
T074;2025-02;70138.05;162;0.0575;7537.28
T074;2025-03;66415.44;255;0.0427;6092.3
T074;2025-04;66236.4;256;0.0261;9901.78
T074;2025-05;70772.11;253;0.0471;5948.24
T074;2025-06;63465.97;133;0.0689;6937.75
T074;2025-07;66981.52;176;0.0295;12910.51
T074;2025-08;54592.52;194;0.0313;8982.91
T074;2025-09;64050.27;142;0.046;9787.65
T074;2025-10;56514.29;151;0.0359;10386.89
T074;2025-11;78697.97;254;0.0225;13759.92
T074;2025-12;74655.6;184;0.0538;7552.87
T075;2023-01;124600.97;321;0.035;11064.78
T075;2023-02;119081.69;253;0.0777;6053.27
T075;2023-03;105333.73;223;0.0632;7493.99
T075;2023-04;184542.89;381;0.035;13850.81
T075;2023-05;162336.42;423;0.0614;6252.89
T075;2023-06;119677.82;302;0.0678;5854.68
T075;2023-07;144546.81;392;0.0676;5455.34
T075;2023-08;137956.06;360;0.0558;6877.75
T075;2023-09;136719.69;530;0.0302;8533.2
T075;2023-10;115799.07;307;0.0238;15856.52
T075;2023-11;211322.57;461;0.0671;6836.61
T075;2023-12;175704.45;387;0.0585;7777.06
T075;2024-01;112241.03;343;0.0594;5518.24
T075;2024-02;120759.33;390;0.0534;5803.88
T075;2024-03;111857.56;404;0.076;3645.55
T075;2024-04;109226.92;292;0.0366;10216.79
T075;2024-05;117079.71;305;0.0409;9379.64
T075;2024-06;121095.14;337;0.0218;16482.57
T075;2024-07;103986.42;235;0.0573;7724.04
T075;2024-08;130832.7;329;0.0761;5225.85
T075;2024-09;166694.13;661;0.0229;11026
T075;2024-10;115122.59;390;0.0603;4895.81
T075;2024-11;137434.67;377;0.0795;4589.18
T075;2024-12;129354.64;261;0.0699;7096.15
T075;2025-01;100842.59;274;0.0533;6897.12
T075;2025-02;117224.22;389;0.0697;4325.35
T075;2025-03;138617.23;361;0.0292;13173.73
T075;2025-04;69978.21;149;0.0276;17023
T075;2025-05;117470.87;251;0.0507;9240.64
T075;2025-06;93835.91;221;0.0756;5623.77
T075;2025-07;95881.88;279;0.0345;9967.92
T075;2025-08;120525.12;480;0.0579;4335.36
T075;2025-09;113639.25;285;0.0391;10210.74
T075;2025-10;82162.12;184;0.0581;7705.45
T075;2025-11;122258.33;319;0.0436;8798.26
T075;2025-12;142975.66;394;0.0501;7244.46
T076;2023-01;58760.99;187;0.0272;11536.27
T076;2023-02;115590.34;421;0.0654;4196.24
T076;2023-03;91493.22;225;0.0403;10076.9
T076;2023-04;103159.85;366;0.0449;6276.51
T076;2023-05;80028.38;259;0.0469;6596.73
T076;2023-06;96295;324;0.0361;8229.53
T076;2023-07;101497.05;290;0.063;5561.22
T076;2023-08;86227.11;184;0.033;14226.76
T076;2023-09;101550.08;299;0.0794;4274.02
T076;2023-10;102232.7;324;0.0353;8944.72
T076;2023-11;103830.97;312;0.0307;10830.12
T076;2023-12;132785.1;301;0.0672;6569.48
T076;2024-01;97156.71;295;0.0332;9932.77
T076;2024-02;89905.13;214;0.0655;6402.1
T076;2024-03;70355.08;141;0.0736;6782.54
T076;2024-04;98475.55;260;0.0695;5442.31
T076;2024-05;91772.86;228;0.048;8374.56
T076;2024-06;98357.71;242;0.0677;6005.07
T076;2024-07;75695.43;192;0.0467;8426.37
T076;2024-08;80907.96;194;0.0578;7217.24
T076;2024-09;83212.07;306;0.0216;12608.14
T076;2024-10;77542.96;173;0.0355;12607.32
T076;2024-11;89855.79;305;0.0659;4472.12
T076;2024-12;93604.52;251;0.0728;5126.06
T076;2025-01;61440.22;182;0.0628;5367.53
T076;2025-02;70651.75;182;0.0743;5235.61
T076;2025-03;75687.88;170;0.0769;5809.06
T076;2025-04;105789;312;0.035;9686.67
T076;2025-05;75708.02;152;0.0477;10416.39
T076;2025-06;102338.18;381;0.0786;3415.25
T076;2025-07;63468.34;133;0.0404;11774.26
T076;2025-08;69617.87;202;0.0744;4628.42
T076;2025-09;60299.96;176;0.0633;5404.81
T076;2025-10;72696.94;248;0.0554;5297.34
T076;2025-11;71743;169;0.0731;5796.8
T076;2025-12;100351.64;273;0.043;8563.88
T077;2023-01;98732.65;210;0.0395;11903.92
T077;2023-02;96721.83;248;0.0337;11577.17
T077;2023-03;92758.3;204;0.0377;12072.06
T077;2023-04;125140.52;316;0.0308;12882.36
T077;2023-05;156193.34;360;0.0313;13850.39
T077;2023-06;122919.02;288;0.023;18577.58
T077;2023-07;91655.19;343;0.0682;3922.33
T077;2023-08;97131.45;241;0.0466;8667.1
T077;2023-09;130319.43;319;0.0718;5687.03
T077;2023-10;166109.85;402;0.0754;5486.96
T077;2023-11;131986.78;500;0.0218;12135.84
T077;2023-12;153511.83;586;0.0727;3598.24
T077;2024-01;138576.56;306;0.0599;7567.28
T077;2024-02;102841.77;260;0.0632;6251.97
T077;2024-03;107582.06;393;0.058;4714.44
T077;2024-04;125872.81;327;0.0277;13874.31
T077;2024-05;96092.64;252;0.0437;8724.12
T077;2024-06;113864.52;450;0.0387;6526.52
T077;2024-07;90939.23;359;0.0258;9827.04
T077;2024-08;91310.46;229;0.0252;15832.19
T077;2024-09;102656.19;241;0.0232;18370.27
T077;2024-10;101029.3;213;0.0585;8107.28
T077;2024-11;116341.74;263;0.0285;15531.21
T077;2024-12;131009.42;381;0.0791;4349.2
T077;2025-01;80904.96;314;0.0799;3223.2
T077;2025-02;113639.79;429;0.0364;7276.92
T077;2025-03;128281.06;267;0.0413;11663.28
T077;2025-04;104386.43;246;0.0299;14194.88
T077;2025-05;73000.46;254;0.0474;6061.15
T077;2025-06;116127.83;434;0.0783;3413.47
T077;2025-07;74225.03;293;0.0561;4521.64
T077;2025-08;69879.89;243;0.0676;4258.83
T077;2025-09;94091.19;199;0.037;12760.35
T077;2025-10;63666.35;237;0.0604;4439.92
T077;2025-11;93670.29;205;0.0383;11916.04
T077;2025-12;95901.89;265;0.0475;7620.31
T078;2023-01;177734.61;413;0.0369;11649.96
T078;2023-02;132707.48;289;0.039;11761.56
T078;2023-03;140207.94;480;0.0389;7501.73
T078;2023-04;161313.31;405;0.0587;6784.67
T078;2023-05;135118.58;393;0.0613;5599.72
T078;2023-06;146279.61;350;0.0296;14107.52
T078;2023-07;179717.43;555;0.0626;5173.87
T078;2023-08;133921.38;458;0.0699;4181
T078;2023-09;187216.54;619;0.0244;12371.65
T078;2023-10;179669.43;491;0.0569;6431.37
T078;2023-11;173203.38;355;0.0308;15845.61
T078;2023-12;180275.33;703;0.0224;11462.56
T078;2024-01;127007.25;259;0.0285;17170.59
T078;2024-02;142276.71;436;0.0694;4703.33
T078;2024-03;123608.44;301;0.0366;11228.64
T078;2024-04;121043.59;398;0.0353;8634.22
T078;2024-05;146248.77;319;0.0371;12354.4
T078;2024-06;133936.16;393;0.0479;7120.08
T078;2024-07;143426.48;292;0.0293;16734.06
T078;2024-08;103614.2;338;0.0335;9148.17
T078;2024-09;131275.04;314;0.0562;7438.37
T078;2024-10;123468.88;461;0.0242;11088.55
T078;2024-11;137326;307;0.0296;15107.72
T078;2024-12;130002.16;498;0.0436;5981.38
T078;2025-01;100461.88;220;0.0259;17647.61
T078;2025-02;82501.37;194;0.0403;10576.47
T078;2025-03;130016.93;417;0.0586;5330.61
T078;2025-04;117222.47;368;0.0504;6321.45
T078;2025-05;125538.24;273;0.0549;8368.24
T078;2025-06;122591.3;393;0.0597;5231.83
T078;2025-07;123612.27;332;0.0387;9627.01
T078;2025-08;100515;215;0.0294;15942.22
T078;2025-09;125022.04;370;0.0628;5385.53
T078;2025-10;95487.93;330;0.0351;8237.27
T078;2025-11;99293.85;392;0.0292;8681.73
T078;2025-12;112256.36;316;0.0241;14735.86
T079;2023-01;93529.24;212;0.0596;7414.09
T079;2023-02;64994.16;151;0.0625;6910.58
T079;2023-03;79358.39;275;0.0749;3850.22
T079;2023-04;100533.52;328;0.0494;6212.11
T079;2023-05;82813.14;244;0.0697;4874.03
T079;2023-06;81244.24;221;0.0443;8290.61
T079;2023-07;71742.91;198;0.0783;4627.06
T079;2023-08;76395.8;237;0.0299;10786.21
T079;2023-09;87909.82;183;0.0454;10584.19
T079;2023-10;75200.46;157;0.0432;11092.48
T079;2023-11;67901.6;174;0.0682;5730.01
T079;2023-12;71327.99;143;0.0774;6442.75
T079;2024-01;71147.24;154;0.0613;7517.97
T079;2024-02;80749.43;253;0.068;4686.2
T079;2024-03;71512.99;149;0.0562;8536.18
T079;2024-04;79959.49;268;0.0601;4965.25
T079;2024-05;79418.49;291;0.0505;5416.32
T079;2024-06;69013.54;151;0.0792;5783.73
T079;2024-07;53010.13;161;0.0519;6346.43
T079;2024-08;69520.12;188;0.0619;5967.19
T079;2024-09;70135.67;146;0.0424;11330.58
T079;2024-10;67729;193;0.0722;4847.28
T079;2024-11;85622.21;252;0.056;6066.04
T079;2024-12;100933.27;290;0.0547;6369.34
T079;2025-01;49086.8;130;0.0611;6194.9
T079;2025-02;56950.51;160;0.0284;12523.38
T079;2025-03;83992.87;222;0.0552;6849.62
T079;2025-04;45181.94;105;0.0245;17582.41
T079;2025-05;61552.45;129;0.0212;22534.91
T079;2025-06;63036.65;178;0.0354;9980.25
T079;2025-07;61085.24;242;0.0365;6920.68
T079;2025-08;58421.39;177;0.066;4994.17
T079;2025-09;54281.55;180;0.074;4076.64
T079;2025-10;51346.2;147;0.0324;10807.11
T079;2025-11;72459.96;242;0.0504;5952.92
T079;2025-12;77574.4;207;0.078;4817.69
T080;2023-01;69423.3;228;0.0589;5172.87
T080;2023-02;83185.52;234;0.0288;12338.15
T080;2023-03;77873.86;180;0.0244;17754.5
T080;2023-04;81549.84;200;0.0676;6026.56
T080;2023-05;81711.34;184;0.0356;12480.13
T080;2023-06;66977.72;230;0.0402;7230.42
T080;2023-07;94174.19;333;0.0475;5957.73
T080;2023-08;87216.02;275;0.0705;4496.09
T080;2023-09;88568.2;248;0.0636;5615.86
T080;2023-10;71752.58;190;0.0573;6586.35
T080;2023-11;111171.59;312;0.0474;7509.27
T080;2023-12;83805.38;221;0.0699;5427.3
T080;2024-01;61188.58;147;0.0585;7132.56
T080;2024-02;89298.16;185;0.0705;6849.04
T080;2024-03;58998.09;133;0.0545;8161.32
T080;2024-04;86787.97;175;0.0349;14241.38
T080;2024-05;78292.51;313;0.0635;3941.74
T080;2024-06;73539.62;178;0.0639;6479.16
T080;2024-07;74227.07;284;0.0653;3998.06
T080;2024-08;58588.97;185;0.0486;6516.48
T080;2024-09;63680.67;215;0.0609;4867.08
T080;2024-10;76959.78;201;0.0509;7536.71
T080;2024-11;70637.2;148;0.0225;21201.2
T080;2024-12;78340.64;219;0.0231;15470.79
T080;2025-01;69383.21;168;0.022;18731.54
T080;2025-02;59030;236;0.0247;10120.99
T080;2025-03;69819.39;269;0.0493;5265.81
T080;2025-04;78673.02;184;0.0721;5933.25
T080;2025-05;61923.83;218;0.0342;8299.09
T080;2025-06;67636.06;152;0.0783;5671.84
T080;2025-07;40115.03;112;0.0383;9331.65
T080;2025-08;52722.15;168;0.0556;5647.13
T080;2025-09;59157.52;218;0.0376;7201.42
T080;2025-10;60763.27;129;0.0659;7124.43
T080;2025-11;71360.08;224;0.0589;5408.67
T080;2025-12;65979.53;153;0.0718;5996.63
T081;2023-01;82862.23;167;0.0729;6787.28
T081;2023-02;58949.78;173;0.0207;16456.25
T081;2023-03;98536.25;316;0.0631;4946.95
T081;2023-04;90054.13;343;0.0293;8954.16
T081;2023-05;82410.24;184;0.0415;10775.86
T081;2023-06;74295.72;163;0.0608;7492.85
T081;2023-07;85257.21;191;0.0689;6493.66
T081;2023-08;72472.21;288;0.0226;11133.38
T081;2023-09;68868.06;145;0.0517;9215.1
T081;2023-10;84846.2;174;0.0722;6754.28
T081;2023-11;97892.47;264;0.0402;9234.17
T081;2023-12;85887.15;251;0.0536;6376.61
T081;2024-01;62129.17;149;0.0787;5290.72
T081;2024-02;82992.29;249;0.0221;15123.23
T081;2024-03;87587.73;272;0.0661;4871.37
T081;2024-04;79483.54;201;0.0303;13029.58
T081;2024-05;61746.6;196;0.0498;6336.23
T081;2024-06;85943.64;198;0.0545;7959.71
T081;2024-07;59234.48;130;0.0538;8474.09
T081;2024-08;54429.39;170;0.0308;10373.39
T081;2024-09;83415.23;215;0.0329;11787.05
T081;2024-10;74488.04;166;0.0781;5740.23
T081;2024-11;90098.26;229;0.0332;11841.74
T081;2024-12;84891.24;240;0.0484;7303.17
T081;2025-01;71992.44;204;0.0758;4654.74
T081;2025-02;67943.69;142;0.0578;8257.95
T081;2025-03;63576.31;161;0.0422;9357.95
T081;2025-04;62037.65;216;0.0358;8021.16
T081;2025-05;78461.58;161;0.042;11586.55
T081;2025-06;59791.41;155;0.0212;18173.81
T081;2025-07;60246.27;158;0.0582;6535.41
T081;2025-08;58440.44;142;0.0612;6727.18
T081;2025-09;46921.15;106;0.0387;11481.3
T081;2025-10;62456.48;132;0.0772;6150.03
T081;2025-11;71052.58;205;0.0672;5155.55
T081;2025-12;62154.68;136;0.0606;7521.44
T082;2023-01;114517.1;404;0.0748;3791.75
T082;2023-02;101358.7;276;0.0541;6788.13
T082;2023-03;116113.67;343;0.0678;4988.96
T082;2023-04;127508.58;353;0.0391;9223.46
T082;2023-05;127772.08;285;0.0787;5694.46
T082;2023-06;122872.75;275;0.0662;6747.64
T082;2023-07;120137.12;300;0.0307;13046.44
T082;2023-08;87589.36;269;0.0402;8106.27
T082;2023-09;129172.3;267;0.065;7432.03
T082;2023-10;112192.09;244;0.0482;9557.73
T082;2023-11;99346.29;246;0.0275;14715.77
T082;2023-12;97623.94;247;0.0599;6591.34
T082;2024-01;114459.88;285;0.0332;12110.05
T082;2024-02;102866.78;278;0.0605;6110.01
T082;2024-03;94438.12;239;0.0769;5149.57
T082;2024-04;98502.5;265;0.0744;4992.41
T082;2024-05;97446.14;228;0.0461;9257.79
T082;2024-06;103535.22;331;0.0612;5105.86
T082;2024-07;79206.86;165;0.0651;7355.46
T082;2024-08;95765.5;198;0.039;12385.69
T082;2024-09;94628.52;359;0.0658;4005.77
T082;2024-10;104198.93;245;0.0559;7622.01
T082;2024-11;105281.95;259;0.045;9023.52
T082;2024-12;112696.82;289;0.0458;8524.01
T082;2025-01;94371.43;216;0.0762;5740.41
T082;2025-02;97840.49;246;0.0207;19200.18
T082;2025-03;99090.43;330;0.0362;8299.6
T082;2025-04;67945.74;181;0.0785;4789.77
T082;2025-05;97305.49;199;0.0325;15078.37
T082;2025-06;90221.16;275;0.0662;4951.67
T082;2025-07;79019.99;159;0.0207;24079.37
T082;2025-08;90317.91;278;0.0574;5661.26
T082;2025-09;72008;211;0.0215;15884.68
T082;2025-10;82996.85;202;0.0736;5582.67
T082;2025-11;104824.09;286;0.0507;7224.54
T082;2025-12;108323.51;381;0.0405;7024.78
T083;2023-01;183761.56;384;0.0522;9167.57
T083;2023-02;178049.71;443;0.0622;6468.56
T083;2023-03;204624.32;563;0.0346;10497.98
T083;2023-04;202637.83;427;0.0691;6873.17
T083;2023-05;206488.71;415;0.0315;15781.41
T083;2023-06;181832.17;644;0.0514;5492.57
T083;2023-07;152387.18;373;0.0547;7463.94
T083;2023-08;176930.32;693;0.0409;6244.82
T083;2023-09;177496.38;413;0.066;6509.78
T083;2023-10;174684.9;432;0.0238;17006.49
T083;2023-11;215073.77;777;0.059;4693.11
T083;2023-12;180004.09;484;0.0787;4722.14
T083;2024-01;141905.53;289;0.045;10925.03
T083;2024-02;151735.86;478;0.0519;6107.57
T083;2024-03;145859.93;363;0.0493;8143.96
T083;2024-04;137256.9;370;0.0405;9158.92
T083;2024-05;159386.99;414;0.0605;6369.03
T083;2024-06;153147.26;394;0.0371;10487.97
T083;2024-07;199461.27;779;0.0575;4453.13
T083;2024-08;166772.57;382;0.075;5826.81
T083;2024-09;134593.88;275;0.0206;23727.27
T083;2024-10;140753.7;469;0.0265;11347.82
T083;2024-11;248492.97;690;0.0274;13140.64
T083;2024-12;256846.77;562;0.0607;7523.94
T083;2025-01;150885.03;567;0.0384;6926.61
T083;2025-02;166127.42;356;0.0422;11062.73
T083;2025-03;147892.14;552;0.0736;3636.14
T083;2025-04;150172.45;510;0.0486;6050.61
T083;2025-05;177369.18;475;0.0494;7564.38
T083;2025-06;111291.64;326;0.0461;7416.97
T083;2025-07;137285.71;485;0.0473;5975.68
T083;2025-08;139548.88;395;0.0511;6902.04
T083;2025-09;152710.64;591;0.0605;4273.69
T083;2025-10;115650.86;247;0.0477;9818.02
T083;2025-11;114059.99;447;0.0336;7586.99
T083;2025-12;101626.08;219;0.0525;8854.14
T084;2023-01;147683.1;410;0.0468;7694.22
T084;2023-02;198109.64;562;0.0523;6742.43
T084;2023-03;162829.7;489;0.0289;11551.3
T084;2023-04;144289.48;526;0.0208;13176.29
T084;2023-05;120698.02;473;0.0512;4988.4
T084;2023-06;141221.19;336;0.0251;16702.87
T084;2023-07;165205.62;333;0.06;8269.86
T084;2023-08;125847.67;404;0.063;4940.37
T084;2023-09;115438.53;249;0.0456;10138.79
T084;2023-10;152713.28;311;0.0634;7739.67
T084;2023-11;203791.93;551;0.0503;7344.42
T084;2023-12;189596.39;410;0.0609;7604.9
T084;2024-01;112488.24;264;0.0375;11370.82
T084;2024-02;137859.15;430;0.0343;9351.68
T084;2024-03;126858.92;303;0.0564;7407.42
T084;2024-04;180579.74;510;0.0428;8273.76
T084;2024-05;160537.69;390;0.0471;8744.75
T084;2024-06;97417.92;198;0.025;19662.73
T084;2024-07;100890.05;397;0.0419;6067.92
T084;2024-08;84851.45;266;0.0504;6322.75
T084;2024-09;152207.39;403;0.0278;13585.5
T084;2024-10;109999.1;251;0.026;16857.51
T084;2024-11;162672.21;363;0.0753;5949.24
T084;2024-12;144411.19;347;0.0341;12202.23
T084;2025-01;110268.47;338;0.0509;6409.86
T084;2025-02;105870.42;247;0.0756;5668.26
T084;2025-03;140675.14;349;0.0667;6036.26
T084;2025-04;110146.45;256;0.0498;8628.61
T084;2025-05;119438.53;456;0.0562;4662.48
T084;2025-06;107375.73;239;0.0551;8168.91
T084;2025-07;103466.14;237;0.06;7282.8
T084;2025-08;103779.72;208;0.0628;7928.54
T084;2025-09;104809.96;253;0.073;5677.6
T084;2025-10;113988.72;289;0.0412;9559.87
T084;2025-11;142079;368;0.0293;13192.86
T084;2025-12;141747.74;453;0.0643;4863.18
T085;2023-01;79816.16;233;0.0247;13869.64
T085;2023-02;59209.07;183;0.0748;4338.92
T085;2023-03;88447.36;297;0.0434;6876.99
T085;2023-04;67736.59;174;0.0248;15659.55
T085;2023-05;75078.45;168;0.0454;9865.24
T085;2023-06;61200.12;172;0.0672;5292.52
T085;2023-07;67385.9;137;0.0236;20929.65
T085;2023-08;54525.28;141;0.0374;10364.4
T085;2023-09;74957.61;186;0.0412;9783.64
T085;2023-10;62771.51;219;0.075;3821.94
T085;2023-11;76502.94;153;0.0668;7475.09
T085;2023-12;68485.1;157;0.0781;5567.42
T085;2024-01;48364.22;133;0.0698;5215.15
T085;2024-02;93048.44;310;0.0371;8098.94
T085;2024-03;54648.74;124;0.0482;9151.4
T085;2024-04;70936.99;172;0.0662;6244.96
T085;2024-05;47230.97;163;0.0645;4483.99
T085;2024-06;54866.06;123;0.043;10337.64
T085;2024-07;54912.85;165;0.0469;7093.93
T085;2024-08;42863.66;95;0.0275;16454.83
T085;2024-09;47696.5;97;0.0533;9243.68
T085;2024-10;55773.7;140;0.058;6862.33
T085;2024-11;66594.07;253;0.0346;7612.94
T085;2024-12;72277.72;202;0.0408;8792.38
T085;2025-01;63870.1;251;0.0695;3665.68
T085;2025-02;51942.66;132;0.0348;11285.44
T085;2025-03;48256.42;129;0.0686;5459.19
T085;2025-04;59614.25;129;0.04;11551.97
T085;2025-05;53383.02;153;0.0454;7709.11
T085;2025-06;41627.65;85;0.0565;8710.25
T085;2025-07;53313.95;152;0.0587;5959.91
T085;2025-08;55155.52;141;0.0225;17406.35
T085;2025-09;48252.23;164;0.0719;4091.66
T085;2025-10;55337.23;206;0.0377;7108.61
T085;2025-11;60876.83;204;0.0532;5605.55
T085;2025-12;49810.71;121;0.0522;7870.92
T086;2023-01;165993.69;380;0.0323;13505.09
T086;2023-02;123729.86;383;0.0408;7928.7
T086;2023-03;183530.98;533;0.0378;9103.76
T086;2023-04;177238.5;375;0.08;5907.33
T086;2023-05;194888.64;561;0.046;7550.65
T086;2023-06;183592.26;642;0.0694;4123.61
T086;2023-07;149138.65;444;0.0292;11487.71
T086;2023-08;157565.18;498;0.0353;8953.78
T086;2023-09;171815.17;656;0.0201;13063.33
T086;2023-10;160330.62;401;0.037;10799.31
T086;2023-11;176780.49;548;0.0362;8914.26
T086;2023-12;206208.63;720;0.0549;5214.13
T086;2024-01;146275.57;400;0.0212;17204.49
T086;2024-02;123680.7;487;0.0512;4963.64
T086;2024-03;157133.86;533;0.0262;11253.06
T086;2024-04;151478.71;576;0.0462;5697.74
T086;2024-05;170248.07;405;0.0325;12942.77
T086;2024-06;153695.87;421;0.0746;4897.33
T086;2024-07;129145.4;264;0.0641;7640.8
T086;2024-08;88557.09;203;0.0351;12434.11
T086;2024-09;124363.76;310;0.0262;15315.53
T086;2024-10;136104.02;297;0.0689;6664.09
T086;2024-11;137288.14;535;0.0678;3781.49
T086;2024-12;166460.9;416;0.0627;6384.65
T086;2025-01;136965.54;314;0.0478;9146.78
T086;2025-02;94915.28;237;0.0674;5941.29
T086;2025-03;117899.33;267;0.0632;6993.2
T086;2025-04;131726.56;280;0.0584;8058.9
T086;2025-05;128106.13;283;0.03;15052.08
T086;2025-06;125813.83;296;0.0668;6355.11
T086;2025-07;92922.98;239;0.0717;5433.4
T086;2025-08;92753.72;303;0.0765;4000.98
T086;2025-09;127405.51;353;0.0628;5750.16
T086;2025-10;125488.51;269;0.0226;20670.1
T086;2025-11;168817.2;483;0.0381;9163.9
T086;2025-12;147854.18;329;0.0401;11182.02
T087;2023-01;147551.19;323;0.024;19025.75
T087;2023-02;128020.2;388;0.0595;5546.62
T087;2023-03;118894.26;293;0.0497;8168.7
T087;2023-04;125867.74;326;0.0481;8026.32
T087;2023-05;109499.21;389;0.059;4779.04
T087;2023-06;130304.56;305;0.0212;20164.1
T087;2023-07;107722.33;274;0.0401;9794.94
T087;2023-08;119137.82;239;0.0515;9697.35
T087;2023-09;144307.1;374;0.0435;8871.04
T087;2023-10;108196.74;322;0.0476;7057.11
T087;2023-11;134538.45;451;0.0335;8897.45
T087;2023-12;143653.41;348;0.0714;5789.69
T087;2024-01;93626.09;291;0.031;10372.17
T087;2024-02;140154.08;555;0.0607;4161.14
T087;2024-03;118538.48;321;0.0297;12449.61
T087;2024-04;102175.75;218;0.0489;9597.93
T087;2024-05;108061.41;277;0.0556;7025.62
T087;2024-06;118407.41;465;0.0401;6348.48
T087;2024-07;142757.83;482;0.0608;4867.21
T087;2024-08;107063.23;354;0.0769;3934.16
T087;2024-09;104654.95;313;0.0395;8449.95
T087;2024-10;112356.2;229;0.0215;22876.95
T087;2024-11;151865.78;465;0.06;5445.68
T087;2024-12;128849.49;267;0.0556;8672.83
T087;2025-01;119413.66;265;0.0438;10272.12
T087;2025-02;110019.68;437;0.0266;9464.17
T087;2025-03;121264.9;308;0.0214;18353.68
T087;2025-04;81906.9;191;0.0233;18366.93
T087;2025-05;93121.28;250;0.0547;6798.25
T087;2025-06;83544.71;256;0.0609;5350.19
T087;2025-07;117598.73;255;0.0616;7496.18
T087;2025-08;94870.89;215;0.0301;14668.88
T087;2025-09;106652.45;301;0.0491;7227.31
T087;2025-10;103440.07;321;0.0613;5268.53
T087;2025-11;89186.94;243;0.0475;7733.73
T087;2025-12;116963.68;343;0.0391;8706.71
T088;2023-01;187833.89;470;0.0308;12966.46
T088;2023-02;213640.26;555;0.0365;10560.51
T088;2023-03;205792.41;480;0.0638;6717.94
T088;2023-04;197632.85;523;0.0627;6028
T088;2023-05;232008.52;737;0.0242;13014.44
T088;2023-06;154510.81;437;0.0477;7407.1
T088;2023-07;181485.77;676;0.0334;8044.01
T088;2023-08;136907.15;313;0.0462;9456.31
T088;2023-09;190197.32;390;0.0559;8729.15
T088;2023-10;218856.98;863;0.0412;6162.28
T088;2023-11;198881.66;649;0.0708;4329.24
T088;2023-12;178375.47;545;0.0795;4114.28
T088;2024-01;185029.41;394;0.0243;19336.59
T088;2024-02;152806.75;592;0.0647;3991.05
T088;2024-03;161140.39;471;0.07;4891.19
T088;2024-04;161539.9;487;0.0637;5207.79
T088;2024-05;168838.69;513;0.065;5065.57
T088;2024-06;144087.95;507;0.0739;3845.29
T088;2024-07;127752.52;262;0.0547;8911.62
T088;2024-08;114989.91;337;0.077;4435.7
T088;2024-09;140383.32;281;0.0361;13839.83
T088;2024-10;147764.13;319;0.0299;15461.97
T088;2024-11;188168.19;380;0.0532;9314.05
T088;2024-12;228465.17;892;0.0562;4557.03
T088;2025-01;157308.02;339;0.0489;9486.69
T088;2025-02;138438.92;311;0.0287;15529.69
T088;2025-03;91753.04;228;0.0227;17770.34
T088;2025-04;140520.29;321;0.0247;17699.81
T088;2025-05;134808.51;356;0.0357;10615.83
T088;2025-06;149504.01;347;0.0393;10963.6
T088;2025-07;107755.04;246;0.0218;20063.73
T088;2025-08;142834.96;445;0.0499;6427.1
T088;2025-09;118540.12;376;0.0587;5364.14
T088;2025-10;152018.02;544;0.0769;3633.36
T088;2025-11;197392.51;788;0.0733;3416.94
T088;2025-12;157389.6;496;0.0601;5284.96
T089;2023-01;108619.53;301;0.0496;7266.3
T089;2023-02;98464;299;0.0416;7909.41
T089;2023-03;70874.02;170;0.058;7200.91
T089;2023-04;104715.67;225;0.0505;9213.52
T089;2023-05;95328.34;266;0.0426;8408.85
T089;2023-06;112597.63;377;0.0603;4960.32
T089;2023-07;103156.64;329;0.0211;14829.74
T089;2023-08;99334.82;282;0.0515;6843.12
T089;2023-09;114677.78;236;0.0557;8737.65
T089;2023-10;87056.39;299;0.0381;7659.5
T089;2023-11;115314.16;300;0.0666;5778.85
T089;2023-12;92686.8;295;0.0353;8902.16
T089;2024-01;72784.64;149;0.0581;8381.86
T089;2024-02;97450.8;226;0.06;7176.5
T089;2024-03;79848.82;281;0.0445;6377.77
T089;2024-04;90436.07;269;0.0311;10811.6
T089;2024-05;116803.63;422;0.0782;3539.3
T089;2024-06;88095.62;196;0.0226;19851.73
T089;2024-07;84142.97;215;0.0439;8924.89
T089;2024-08;91963.46;242;0.053;7182.22
T089;2024-09;79316.19;289;0.0279;9817.21
T089;2024-10;98607.22;199;0.0627;7889
T089;2024-11;117287.46;314;0.0714;5225.54
T089;2024-12;96714.82;301;0.0263;12245
T089;2025-01;69714.77;158;0.0506;8704.78
T089;2025-02;54997.58;151;0.027;13541.18
T089;2025-03;95485.44;228;0.0459;9102.46
T089;2025-04;72686.65;241;0.0587;5128.28
T089;2025-05;83781;182;0.0483;9548.58
T089;2025-06;66763.73;146;0.0443;10345.86
T089;2025-07;76855.16;157;0.0249;19710.08
T089;2025-08;85277.71;243;0.0326;10764.26
T089;2025-09;51851.25;130;0.0654;6093.59
T089;2025-10;59631.45;138;0.0354;12224.08
T089;2025-11;95787.39;326;0.0614;4781.9
T089;2025-12;85032.91;222;0.0382;10031.43
T090;2023-01;116801.3;239;0.068;7188.27
T090;2023-02;138517.75;332;0.0523;7974.37
T090;2023-03;137111.43;422;0.0296;10971.19
T090;2023-04;166450.48;404;0.0758;5436.46
T090;2023-05;128590.52;359;0.0684;5238.72
T090;2023-06;126904.34;392;0.0352;9180.72
T090;2023-07;131582.02;496;0.0249;10649.32
T090;2023-08;158592.09;386;0.0479;8573.9
T090;2023-09;130239.46;368;0.0264;13392.96
T090;2023-10;123826.21;258;0.0683;7039.49
T090;2023-11;136232.39;528;0.0378;6824.97
T090;2023-12;133123.09;336;0.0453;8754.7
T090;2024-01;145710.65;394;0.0202;18346.2
T090;2024-02;129519.28;417;0.0394;7880.57
T090;2024-03;136511.8;276;0.041;12082.18
T090;2024-04;117247.69;372;0.0528;5966.85
T090;2024-05;115129.96;252;0.0597;7672.79
T090;2024-06;98947.85;284;0.0647;5393.59
T090;2024-07;88566.68;185;0.0256;18714.19
T090;2024-08;98896.12;230;0.0284;15139.8
T090;2024-09;91627.82;316;0.0754;3844.03
T090;2024-10;84622.78;338;0.0736;3404.48
T090;2024-11;129286.95;303;0.0352;12115.12
T090;2024-12;149637.84;340;0.0537;8192.97
T090;2025-01;97857.09;232;0.0744;5681
T090;2025-02;83526.24;295;0.0543;5207.67
T090;2025-03;121498.5;454;0.0613;4362.09
T090;2025-04;97415.03;332;0.0558;5265.69
T090;2025-05;114420.11;261;0.0511;8580.96
T090;2025-06;115622.48;245;0.0553;8549.79
T090;2025-07;94935.07;252;0.0333;11292.08
T090;2025-08;104071.55;269;0.0284;13581.69
T090;2025-09;107497.61;216;0.0255;19525.66
T090;2025-10;112605.44;363;0.0726;4270.55
T090;2025-11;105625.57;227;0.0513;9065.84
T090;2025-12;76308.06;256;0.0735;4058.24
T091;2023-01;175794.51;656;0.0624;4295.46
T091;2023-02;160098.88;375;0.0494;8645.2
T091;2023-03;181377.63;609;0.0209;14218.35
T091;2023-04;159872.62;584;0.036;7590.02
T091;2023-05;175939.05;432;0.0518;7869.82
T091;2023-06;170052.73;606;0.0765;3665.66
T091;2023-07;171676.03;470;0.0387;9446.22
T091;2023-08;194742.5;667;0.066;4422.37
T091;2023-09;172416.79;394;0.0524;8352.83
T091;2023-10;142276.93;400;0.0352;10114.82
T091;2023-11;271945.37;793;0.0265;12951.39
T091;2023-12;177029.77;412;0.0229;18773.91
T091;2024-01;144224.34;349;0.0333;12402.08
T091;2024-02;159931.44;522;0.0531;5762.56
T091;2024-03;151944.64;448;0.078;4352.82
T091;2024-04;161113.61;359;0.0208;21579.6
T091;2024-05;173593.64;449;0.0646;5990.17
T091;2024-06;154671.33;411;0.0429;8787.99
T091;2024-07;116864.65;325;0.0482;7466.56
T091;2024-08;133225.69;301;0.0613;7212.24
T091;2024-09;160207.79;368;0.0641;6796.13
T091;2024-10;119348.71;311;0.0775;4958.22
T091;2024-11;177664.95;447;0.0207;19219.61
T091;2024-12;186446.24;566;0.0446;7392.83
T091;2025-01;146542.96;359;0.0214;19048.11
T091;2025-02;147677.73;403;0.0716;5118.43
T091;2025-03;165786.86;340;0.0454;10753.52
T091;2025-04;152631.84;435;0.0761;4607.94
T091;2025-05;132436.75;272;0.0269;18128.65
T091;2025-06;137621.58;334;0.0221;18635.41
T091;2025-07;132904.93;281;0.0585;8072.73
T091;2025-08;137190.87;364;0.0446;8448.99
T091;2025-09;140879.95;302;0.0645;7227.99
T091;2025-10;114659.06;365;0.0596;5264.96
T091;2025-11;108187.58;317;0.0672;5078.99
T091;2025-12;132628.6;457;0.0209;13905.96
T092;2023-01;131491.54;453;0.0644;4512.96
T092;2023-02;129297.65;361;0.0344;10425.57
T092;2023-03;97971.96;223;0.0229;19216.11
T092;2023-04;124880.19;255;0.0243;20145.29
T092;2023-05;131482.98;520;0.0499;5068.56
T092;2023-06;118192.33;350;0.0548;6156.55
T092;2023-07;84167.24;208;0.0326;12430.04
T092;2023-08;129732.51;388;0.0537;6232.4
T092;2023-09;82947.25;259;0.0364;8786.25
T092;2023-10;132153.95;450;0.0395;7430.24
T092;2023-11;142484.02;363;0.043;9131.97
T092;2023-12;107625.85;325;0.0343;9675.66
T092;2024-01;121427.89;288;0.0647;6517.07
T092;2024-02;108081.16;236;0.0411;11158.53
T092;2024-03;108588.16;365;0.0541;5488.62
T092;2024-04;95475.99;220;0.067;6488.94
T092;2024-05;105734.14;261;0.0692;5858.73
T092;2024-06;73239.73;166;0.0793;5554.43
T092;2024-07;91300.59;291;0.0272;11547.24
T092;2024-08;88229.93;185;0.0799;5982.63
T092;2024-09;111239.59;344;0.0234;13815.29
T092;2024-10;91050.36;346;0.0456;5764.51
T092;2024-11;114210.4;320;0.0261;13661.7
T092;2024-12;121936.36;327;0.0618;6042.66
T092;2025-01;82262.37;179;0.0206;22330.41
T092;2025-02;79715.04;195;0.0436;9376.32
T092;2025-03;107685.82;235;0.0535;8572.65
T092;2025-04;74614.72;289;0.0477;5405.87
T092;2025-05;122227.67;293;0.0212;19742.79
T092;2025-06;64596.97;172;0.0553;6790.48
T092;2025-07;96050.43;313;0.039;7864.4
T092;2025-08;65219.63;133;0.0409;12001.91
T092;2025-09;101329.73;206;0.079;6238.46
T092;2025-10;64160.05;162;0.0201;19681.54
T092;2025-11;104754.38;307;0.0698;4895.92
T092;2025-12;114680.2;328;0.022;15876.39
T093;2023-01;139485.46;417;0.0351;9543.57
T093;2023-02;92582.17;280;0.0582;5687.44
T093;2023-03;122044.45;259;0.052;9050.51
T093;2023-04;127064.44;305;0.0348;11973.67
T093;2023-05;125747.24;269;0.0462;10106.8
T093;2023-06;119210.15;252;0.058;8154.4
T093;2023-07;87431.04;286;0.0232;13168.5
T093;2023-08;91218.54;226;0.0335;12022.75
T093;2023-09;110784.67;233;0.0485;9816.69
T093;2023-10;116098.09;370;0.0384;8165.16
T093;2023-11;120202.38;262;0.0385;11902.39
T093;2023-12;93411.42;335;0.0223;12496.79
T093;2024-01;88420.58;205;0.0587;7343.69
T093;2024-02;88393.34;182;0.0793;6134.87
T093;2024-03;86560.29;235;0.0681;5405.35
T093;2024-04;88039.62;333;0.0286;9268.28
T093;2024-05;116459.88;253;0.0639;7195.13
T093;2024-06;87086.76;212;0.0663;6181.03
T093;2024-07;93808.37;202;0.0208;22369.59
T093;2024-08;100045.22;348;0.066;4351.96
T093;2024-09;117031.81;438;0.0696;3838.34
T093;2024-10;108271.32;225;0.0404;11907.08
T093;2024-11;94774.63;252;0.0478;7862.45
T093;2024-12;117471.35;270;0.075;5809.04
T093;2025-01;76890.03;166;0.0506;9144.07
T093;2025-02;103769.03;278;0.0269;13866.78
T093;2025-03;99387.06;276;0.0705;5095.53
T093;2025-04;110589.99;373;0.0779;3805.75
T093;2025-05;97583.26;278;0.0592;5927.58
T093;2025-06;85647.25;252;0.021;16163.78
T093;2025-07;77309.4;259;0.0651;4575.61
T093;2025-08;58517.81;205;0.0331;8593.09
T093;2025-09;89484.75;227;0.0239;16498.23
T093;2025-10;70163.84;221;0.0314;10118.19
T093;2025-11;96326.48;205;0.0625;7534.23
T093;2025-12;93515.9;285;0.0428;7665.5
T094;2023-01;107360.69;269;0.0462;8652.63
T094;2023-02;111650.68;225;0.0414;11968.79
T094;2023-03;101285.91;204;0.0467;10654.77
T094;2023-04;149219.01;365;0.0276;14800.12
T094;2023-05;111895.92;309;0.073;4961.82
T094;2023-06;146310.78;297;0.0455;10833.32
T094;2023-07;121195.28;326;0.0734;5070.68
T094;2023-08;131048.74;284;0.0378;12199.22
T094;2023-09;122136.71;268;0.0605;7528.68
T094;2023-10;126031.97;463;0.061;4459.58
T094;2023-11;187030.53;580;0.036;8966.87
T094;2023-12;179439.52;407;0.0354;12444.19
T094;2024-01;153625.48;569;0.0557;4848.03
T094;2024-02;110253.16;277;0.0611;6508.11
T094;2024-03;103546.82;311;0.0685;4854.6
T094;2024-04;80112.2;283;0.0778;3634.13
T094;2024-05;130507.15;366;0.0399;8928.07
T094;2024-06;119763.62;252;0.0259;18323.86
T094;2024-07;96774.14;198;0.058;8449.62
T094;2024-08;90912.31;234;0.0623;6234.59
T094;2024-09;136141.82;391;0.0696;5005.73
T094;2024-10;102231.38;323;0.0367;8643.92
T094;2024-11;78932.62;192;0.0419;9843.62
T094;2024-12;145938.84;474;0.0482;6384.05
T094;2025-01;88772.15;228;0.0392;9939.36
T094;2025-02;108519.59;312;0.0368;9470.12
T094;2025-03;107462.3;340;0.0587;5376.58
T094;2025-04;110439.51;239;0.0441;10479.96
T094;2025-05;97331.95;214;0.0524;8693.55
T094;2025-06;105352.76;345;0.0444;6881.7
T094;2025-07;76739.87;217;0.0358;9905.6
T094;2025-08;91251;341;0.0525;5096.87
T094;2025-09;102223.73;327;0.0544;5741.43
T094;2025-10;106758.81;220;0.0634;7665.63
T094;2025-11;107649.32;320;0.0779;4324.42
T094;2025-12;118092.84;317;0.0267;13949.47
T095;2023-01;101648.36;204;0.0394;12663.77
T095;2023-02;123899.76;366;0.0266;12758.73
T095;2023-03;106771.18;219;0.0493;9881.75
T095;2023-04;142793.38;569;0.0759;3306.86
T095;2023-05;105156.21;309;0.0438;7768.02
T095;2023-06;96834.91;215;0.068;6632.19
T095;2023-07;76602.31;158;0.0442;10950.62
T095;2023-08;92258.93;205;0.0628;7187.05
T095;2023-09;128779.1;377;0.0402;8506.77
T095;2023-10;106831.26;218;0.032;15340.6
T095;2023-11;90959.31;332;0.0272;10079.99
T095;2023-12;106389.28;348;0.0412;7434.71
T095;2024-01;114036.86;277;0.0528;7789.33
T095;2024-02;84328.48;232;0.0261;13898.68
T095;2024-03;112493.84;419;0.0477;5619.84
T095;2024-04;106476.27;408;0.0273;9549.21
T095;2024-05;71668.54;154;0.054;8638.55
T095;2024-06;103229.74;282;0.0657;5573.23
T095;2024-07;88263.6;232;0.0334;11423.56
T095;2024-08;79838.22;243;0.0401;8203.53
T095;2024-09;61087.6;183;0.0274;12215.69
T095;2024-10;84406.88;212;0.0313;12735.16
T095;2024-11;92879.55;197;0.0685;6890.25
T095;2024-12;131821.12;386;0.0222;15381.96
T095;2025-01;87881.85;185;0.0277;17207.24
T095;2025-02;86118.13;264;0.0497;6563.06
T095;2025-03;91687.46;244;0.0214;17544.68
T095;2025-04;99247.78;263;0.0347;10893.96
T095;2025-05;72406.71;217;0.0718;4649.8
T095;2025-06;110167.53;225;0.0393;12492.51
T095;2025-07;95468.46;258;0.0687;5383.84
T095;2025-08;62766.4;218;0.062;4638.33
T095;2025-09;88831.19;283;0.0754;4172.13
T095;2025-10;72980.18;277;0.0622;4239.61
T095;2025-11;81009.18;171;0.0582;8130.62
T095;2025-12;93874.6;209;0.0417;10776.45
T096;2023-01;103064.29;243;0.0376;11299.85
T096;2023-02;88772.59;195;0.0242;18791.05
T096;2023-03;124060.61;315;0.0475;8278.46
T096;2023-04;137701.22;431;0.0478;6672.94
T096;2023-05;151609.6;473;0.0247;12994.69
T096;2023-06;90821.22;317;0.062;4620.97
T096;2023-07;116537.23;254;0.0274;16774.56
T096;2023-08;111202.93;244;0.0503;9061.77
T096;2023-09;108877.82;285;0.0607;6286.48
T096;2023-10;104478.99;325;0.0351;9153.43
T096;2023-11;129935.98;266;0.0657;7421.46
T096;2023-12;82184.35;230;0.0233;15361.14
T096;2024-01;103291.3;228;0.0428;10584.46
T096;2024-02;85143.5;221;0.0735;5232.39
T096;2024-03;102849.75;243;0.0771;5501.08
T096;2024-04;100416.72;373;0.0217;12403.04
T096;2024-05;106853.93;215;0.0438;11369.32
T096;2024-06;108480.91;306;0.0303;11668.68
T096;2024-07;92555.95;271;0.0248;13742.35
T096;2024-08;76085.96;161;0.0319;14787.66
T096;2024-09;85403.44;188;0.0271;16721.86
T096;2024-10;110899.44;253;0.0259;16958.92
T096;2024-11;143817.54;490;0.0371;7897.29
T096;2024-12;107306.26;230;0.0731;6376.83
T096;2025-01;92962.6;189;0.0531;9275.96
T096;2025-02;91798.21;250;0.0791;4641.93
T096;2025-03;118674.11;356;0.0429;7761.86
T096;2025-04;100168.17;251;0.0242;16479.92
T096;2025-05;79258.2;312;0.0522;4864.08
T096;2025-06;80385.89;206;0.043;9068.22
T096;2025-07;88962.28;314;0.0511;5549.33
T096;2025-08;62999.76;143;0.0299;14804.08
T096;2025-09;96117.1;363;0.0211;12542.29
T096;2025-10;94684.54;192;0.0316;15615.12
T096;2025-11;104102.66;329;0.0278;11371.88
T096;2025-12;118175.23;316;0.0444;8419.41
T097;2023-01;130914.96;290;0.0365;12375.86
T097;2023-02;123088.6;278;0.0555;7966.63
T097;2023-03;137576.45;420;0.0797;4112.5
T097;2023-04;128541.23;496;0.0458;5663.8
T097;2023-05;132331.07;302;0.055;7976.9
T097;2023-06;109061.8;224;0.051;9523.72
T097;2023-07;103188.73;384;0.069;3893.05
T097;2023-08;111713.1;309;0.0597;6058.51
T097;2023-09;132949.71;312;0.0736;5798.59
T097;2023-10;116189.24;258;0.0779;5773.99
T097;2023-11;150260.93;522;0.0211;13642.86
T097;2023-12;130986.73;503;0.0296;8803
T097;2024-01;118087.8;341;0.0332;10436.4
T097;2024-02;129082.29;472;0.0639;4281.07
T097;2024-03;127200.14;293;0.0596;7297.78
T097;2024-04;102634.79;222;0.0602;7665.72
T097;2024-05;84683.35;195;0.0552;7841.65
T097;2024-06;132495.73;496;0.0604;4420.98
T097;2024-07;91178.84;183;0.0668;7473.28
T097;2024-08;80086.55;192;0.0738;5651.49
T097;2024-09;88988.68;226;0.0516;7638.57
T097;2024-10;110664.2;260;0.078;5454.89
T097;2024-11;107795.43;332;0.0654;4971.16
T097;2024-12;152671.49;336;0.0333;13628.98
T097;2025-01;70229.02;209;0.0664;5056.09
T097;2025-02;85942.09;240;0.0552;6477.53
T097;2025-03;99736.24;209;0.0313;15247.21
T097;2025-04;91942.48;296;0.0346;8975.53
T097;2025-05;99136.5;211;0.0319;14694.87
T097;2025-06;91576.45;183;0.0703;7104.54
T097;2025-07;102386.27;235;0.0722;6020.27
T097;2025-08;95755.11;304;0.0259;12190.83
T097;2025-09;96585.9;239;0.0461;8766.72
T097;2025-10;102601.63;301;0.0576;5912.52
T097;2025-11;65763.16;255;0.0782;3294.93
T097;2025-12;113692.37;233;0.0741;6589.26
T098;2023-01;43925.18;112;0.0676;5787.44
T098;2023-02;55897.78;176;0.0576;5526.48
T098;2023-03;49860.33;135;0.0551;6715.57
T098;2023-04;51570.16;104;0.0561;8859.15
T098;2023-05;50080.3;118;0.063;6753.86
T098;2023-06;50861.84;140;0.0484;7504.75
T098;2023-07;36981.13;119;0.0293;10598.76
T098;2023-08;39499.95;84;0.0365;12921.51
T098;2023-09;36941.81;80;0.0775;5966.12
T098;2023-10;42812.85;87;0.0465;10526.9
T098;2023-11;60475.08;179;0.0466;7235.89
T098;2023-12;63904.28;240;0.0677;3927.86
T098;2024-01;40583.34;110;0.0536;6900.38
T098;2024-02;31770.21;70;0.0615;7388.2
T098;2024-03;43417.37;158;0.0441;6210.01
T098;2024-04;53646.61;110;0.0797;6137.11
T098;2024-05;35115.65;127;0.0449;6137.18
T098;2024-06;44611.11;96;0.0633;7331.06
T098;2024-07;37181.72;132;0.0269;10509.69
T098;2024-08;40137.87;153;0.054;4849.64
T098;2024-09;43626.47;103;0.0391;10785.33
T098;2024-10;33351.49;113;0.0261;11253.07
T098;2024-11;43320.97;131;0.0714;4634.26
T098;2024-12;56522.04;142;0.0511;7799.57
T098;2025-01;41501.75;98;0.0464;9084.37
T098;2025-02;40099.18;116;0.0663;5200.98
T098;2025-03;46768.06;99;0.075;6305.24
T098;2025-04;36967.99;116;0.0313;10214.08
T098;2025-05;40370.79;118;0.0304;11265.68
T098;2025-06;30861.91;112;0.0396;6927.47
T098;2025-07;29245.6;108;0.0623;4365.91
T098;2025-08;35286.91;104;0.0227;14961.05
T098;2025-09;33684.51;85;0.0739;5376.84
T098;2025-10;33308.01;74;0.0528;8491.38
T098;2025-11;51147.24;142;0.0348;10382.38
T098;2025-12;32148.83;77;0.0724;5798.76
T099;2023-01;90172.55;252;0.0441;8116.36
T099;2023-02;103036.89;358;0.0262;10987.27
T099;2023-03;109166.66;278;0.0441;8918.26
T099;2023-04;99853.63;232;0.0447;9640.06
T099;2023-05;91549.14;359;0.022;11556.65
T099;2023-06;104044.32;244;0.0444;9625.57
T099;2023-07;87817.73;341;0.078;3303.05
T099;2023-08;81425.55;304;0.0525;5102.48
T099;2023-09;93244.28;197;0.0608;7781.11
T099;2023-10;82563.26;298;0.0276;10007.91
T099;2023-11;108809.78;229;0.0516;9235.41
T099;2023-12;99463.94;206;0.0693;6957.14
T099;2024-01;88877.89;290;0.0725;4226.18
T099;2024-02;74595.33;236;0.0746;4236.9
T099;2024-03;75934.06;159;0.0397;12050.86
T099;2024-04;96260.92;213;0.0378;11951.15
T099;2024-05;97449.8;258;0.0601;6285.91
T099;2024-06;80950.32;191;0.0352;12059.84
T099;2024-07;69844.07;143;0.0218;22440.77
T099;2024-08;71441.48;160;0.0651;6854.86
T099;2024-09;77603.92;257;0.0318;9501.25
T099;2024-10;71242.87;159;0.0214;20891.14
T099;2024-11;122869.44;305;0.0638;6306.41
T099;2024-12;87109.54;212;0.0514;7982.51
T099;2025-01;73168.79;154;0.0636;7465.61
T099;2025-02;46497.19;132;0.0336;10455.98
T099;2025-03;77336.09;304;0.0545;4667.09
T099;2025-04;66613.36;237;0.0314;8966.97
T099;2025-05;65967.81;256;0.0605;4266.84
T099;2025-06;85806.49;210;0.0783;5223.28
T099;2025-07;44363.19;166;0.0451;5924.93
T099;2025-08;61895.83;129;0.0634;7568.18
T099;2025-09;52494.67;126;0.0465;8940.07
T099;2025-10;67469.16;170;0.0532;7450.4
T099;2025-11;82005.72;244;0.0321;10490.85
T099;2025-12;79242.11;253;0.0647;4837.83
T100;2023-01;81939.07;247;0.0644;5139.9
T100;2023-02;74652.86;160;0.0407;11434.58
T100;2023-03;74950.98;286;0.041;6399.39
T100;2023-04;64199.66;230;0.0217;12864.91
T100;2023-05;64786.05;154;0.0374;11289.44
T100;2023-06;56362.65;122;0.0463;9996.75
T100;2023-07;64039.29;207;0.0407;7590.35
T100;2023-08;60979.28;139;0.0455;9637.06
T100;2023-09;72687.32;252;0.0401;7204.82
T100;2023-10;58298.67;154;0.0336;11298.88
T100;2023-11;95094.24;315;0.0677;4454.27
T100;2023-12;94343.67;231;0.0391;10441.69
T100;2024-01;65918.47;144;0.0338;13583.75
T100;2024-02;58282.05;225;0.0683;3792.21
T100;2024-03;53080.82;134;0.0471;8419.93
T100;2024-04;62157.11;140;0.0325;13631.47
T100;2024-05;48736.85;100;0.0667;7334.39
T100;2024-06;57383.01;132;0.0614;7069.92
T100;2024-07;58410.53;218;0.0682;3933.24
T100;2024-08;50802.97;167;0.0394;7702.72
T100;2024-09;69922.27;152;0.055;8353.34
T100;2024-10;57338.16;163;0.0768;4567.76
T100;2024-11;74533.45;185;0.0426;9457.34
T100;2024-12;60143.88;240;0.0468;5349.65
T100;2025-01;50268.54;187;0.0409;6579.35
T100;2025-02;51632.46;128;0.0703;5746.37
T100;2025-03;51073.23;147;0.0508;6849.69
T100;2025-04;42794.92;95;0.0532;8500.71
T100;2025-05;52838.01;132;0.0462;8670.76
T100;2025-06;61103.55;134;0.0754;6042.37
T100;2025-07;53612.92;203;0.0744;3560.07
T100;2025-08;48753.37;164;0.0354;8398.45
T100;2025-09;49438.95;103;0.0782;6153.65
T100;2025-10;58289.26;155;0.0305;12301
T100;2025-11;64996.12;206;0.0573;5520.07
T100;2025-12;65902.81;173;0.0717;5303.82
T101;2023-01;87754.82;349;0.0607;4140.98
T101;2023-02;61664.83;211;0.048;6088.03
T101;2023-03;94073.26;342;0.0402;6848.28
T101;2023-04;77525.52;211;0.0354;10351.54
T101;2023-05;56207.8;122;0.0413;11190.99
T101;2023-06;76310.66;231;0.0241;13746.4
T101;2023-07;69246.56;268;0.0563;4585.93
T101;2023-08;80895.01;184;0.0223;19713.22
T101;2023-09;110339.45;228;0.0257;18829.56
T101;2023-10;71216.03;152;0.0506;9280.22
T101;2023-11;102309.25;378;0.057;4746.61
T101;2023-12;78995.44;230;0.0205;16791.14
T101;2024-01;86250.74;204;0.0394;10757.62
T101;2024-02;84754.08;261;0.0794;4090.78
T101;2024-03;78513.28;192;0.0345;11822.69
T101;2024-04;95363.39;264;0.0241;14998.45
T101;2024-05;71149.59;244;0.0675;4329.58
T101;2024-06;85388.86;293;0.0703;4154.32
T101;2024-07;86250.29;176;0.0225;21831.39
T101;2024-08;70737.19;145;0.0588;8271.4
T101;2024-09;85862.83;282;0.0637;4770.92
T101;2024-10;77194.48;173;0.0403;11032.55
T101;2024-11;68496.39;199;0.0733;4707.25
T101;2024-12;106564.4;226;0.0326;14492.65
T101;2025-01;56207.66;113;0.0621;7976.36
T101;2025-02;40051.02;82;0.0323;15106.32
T101;2025-03;66827.45;204;0.0385;8524.61
T101;2025-04;64927.11;131;0.0733;6781.86
T101;2025-05;48605.89;146;0.0454;7316.98
T101;2025-06;67410.26;145;0.0425;10923.87
T101;2025-07;59805.49;164;0.0207;17620.14
T101;2025-08;50294.42;105;0.0736;6474.04
T101;2025-09;41834;85;0.0731;6723.42
T101;2025-10;61784.73;157;0.062;6360.37
T101;2025-11;71788.37;174;0.0229;18029.42
T101;2025-12;84047.74;239;0.0616;5720.66
T102;2023-01;142281.2;293;0.0719;6765.75
T102;2023-02;115257.05;432;0.059;4520.06
T102;2023-03;119400.37;309;0.0773;5003.32
T102;2023-04;124772.94;333;0.0436;8579.14
T102;2023-05;146310.01;396;0.067;5512.5
T102;2023-06;117294.75;328;0.0351;10191.37
T102;2023-07;97092.49;259;0.0289;12959.11
T102;2023-08;101395.89;224;0.0452;10011.77
T102;2023-09;94627.11;196;0.0721;6709.85
T102;2023-10;118772.73;255;0.0616;7567.05
T102;2023-11;128757.75;409;0.0531;5932.21
T102;2023-12;139376.49;384;0.0209;17326.7
T102;2024-01;112772.43;268;0.0525;8014.4
T102;2024-02;111492.5;227;0.0272;18023.23
T102;2024-03;99475.79;288;0.0551;6266.41
T102;2024-04;114352.38;263;0.0202;21474.2
T102;2024-05;111411.54;291;0.0583;6578
T102;2024-06;79311.82;243;0.0524;6216.91
T102;2024-07;87328.84;222;0.0611;6447.76
T102;2024-08;86509.62;309;0.0274;10234.81
T102;2024-09;77348.03;222;0.044;7903.29
T102;2024-10;108952.31;370;0.0201;14674.04
T102;2024-11;129084.6;305;0.0528;8005.91
T102;2024-12;132947.25;313;0.0761;5584.91
T102;2025-01;80608.92;205;0.0465;8436.71
T102;2025-02;110074.59;283;0.0511;7621.04
T102;2025-03;102097.85;344;0.0238;12496.93
T102;2025-04;108568.1;305;0.0209;17008.03
T102;2025-05;79456.8;231;0.0788;4366.34
T102;2025-06;73017.84;224;0.0359;9076.64
T102;2025-07;83391.95;289;0.057;5061.96
T102;2025-08;68579.86;237;0.0546;5289.15
T102;2025-09;74588.88;167;0.0481;9313.96
T102;2025-10;57475.05;147;0.0675;5808.08
T102;2025-11;73864.32;272;0.0638;4255.21
T102;2025-12;117464.88;251;0.0782;5981.6
T103;2023-01;107167.73;299;0.0557;6429.21
T103;2023-02;77901.76;177;0.0472;9297.43
T103;2023-03;79664.78;263;0.0321;9435.72
T103;2023-04;101570.84;263;0.0441;8773.12
T103;2023-05;106729.63;298;0.0234;15256.45
T103;2023-06;113883.23;328;0.043;8066.9
T103;2023-07;81038.99;319;0.0475;5349.24
T103;2023-08;83741.93;222;0.0704;5350.75
T103;2023-09;85882.42;217;0.0394;10035.24
T103;2023-10;116431.6;426;0.0573;4775.93
T103;2023-11;110142.77;230;0.0379;12626.72
T103;2023-12;124734.86;330;0.0631;5991.74
T103;2024-01;93907.61;287;0.0384;8543.34
T103;2024-02;103320.25;213;0.0335;14459.48
T103;2024-03;99379.79;271;0.035;10478.05
T103;2024-04;83275.17;242;0.0362;9482.68
T103;2024-05;75112.15;232;0.0416;7789.81
T103;2024-06;94237.53;281;0.0479;7006.88
T103;2024-07;77845.5;164;0.0364;13039.88
T103;2024-08;65758.08;135;0.04;12221.33
T103;2024-09;67269.18;172;0.0442;8848.85
T103;2024-10;65376.65;170;0.071;5414.98
T103;2024-11;89473.22;341;0.0734;3576.8
T103;2024-12;110063.24;271;0.0378;10760.09
T103;2025-01;96088.97;272;0.068;5206
T103;2025-02;73661.69;289;0.064;3982.1
T103;2025-03;54366.62;153;0.0515;6879.17
T103;2025-04;86362.85;218;0.0671;5890.86
T103;2025-05;58707.91;182;0.0654;4949.22
T103;2025-06;58977.09;141;0.0671;6236.15
T103;2025-07;48241.45;116;0.074;5631.86
T103;2025-08;70126.47;248;0.0596;4745.8
T103;2025-09;68085.19;176;0.0497;7788.29
T103;2025-10;70770.01;244;0.0422;6889.19
T103;2025-11;58750.48;214;0.0543;5057.38
T103;2025-12;79794.17;173;0.0744;6188.23
T104;2023-01;70940.37;168;0.052;8093.93
T104;2023-02;61883;148;0.034;12249.52
T104;2023-03;42804.92;157;0.0575;4735.11
T104;2023-04;64786.71;173;0.0365;10238.27
T104;2023-05;81832.08;182;0.059;7637.82
T104;2023-06;64500.7;176;0.0545;6727.24
T104;2023-07;50448.54;146;0.0518;6684.78
T104;2023-08;55736.21;139;0.0761;5249.1
T104;2023-09;59037.57;201;0.026;11277.34
T104;2023-10;67645.61;156;0.0624;6967.52
T104;2023-11;75763.18;166;0.0546;8364.79
T104;2023-12;78549.41;168;0.0633;7406.14
T104;2024-01;70092.31;163;0.0452;9534.09
T104;2024-02;79211.58;289;0.0224;12239.03
T104;2024-03;83109.05;308;0.0372;7247.56
T104;2024-04;55341.73;167;0.0538;6146.96
T104;2024-05;54998.43;189;0.0304;9567.81
T104;2024-06;56446.25;123;0.0371;12430.76
T104;2024-07;56678.77;115;0.0364;13590
T104;2024-08;65177.34;225;0.0231;12524.43
T104;2024-09;63769.58;235;0.0347;7822.9
T104;2024-10;47197.91;102;0.055;8436.72
T104;2024-11;68961.44;143;0.0503;9560.79
T104;2024-12;68259.43;219;0.0441;7074.18
T104;2025-01;60019.69;167;0.0521;6883.21
T104;2025-02;57184.2;118;0.0264;18258.87
T104;2025-03;52741;142;0.0331;11205.59
T104;2025-04;53804.09;134;0.0535;7488.39
T104;2025-05;60082.51;145;0.0633;6558.21
T104;2025-06;49255.29;171;0.073;3941.16
T104;2025-07;42719.07;151;0.0464;6075.06
T104;2025-08;41560.86;88;0.0351;13427.3
T104;2025-09;57792.8;143;0.0651;6213.1
T104;2025-10;46604.84;154;0.063;4818.27
T104;2025-11;74473.34;266;0.035;7979.61
T104;2025-12;62682.16;220;0.0434;6563.78
T105;2023-01;184702.21;666;0.0651;4256.17
T105;2023-02;233644.4;633;0.023;16047.75
T105;2023-03;235914.69;586;0.0444;9064.01
T105;2023-04;242033.86;674;0.0255;14059.5
T105;2023-05;163493.4;341;0.0667;7180.19
T105;2023-06;206134.77;761;0.0702;3856.13
T105;2023-07;163985.88;407;0.0303;13288.11
T105;2023-08;228410.25;815;0.0333;8420.52
T105;2023-09;201072.62;606;0.0331;10029.29
T105;2023-10;231276.62;549;0.0778;5412.48
T105;2023-11;161947.37;335;0.0542;8904.85
T105;2023-12;234852.59;533;0.042;10486.94
T105;2024-01;179015.45;463;0.051;7577.38
T105;2024-02;182241.55;715;0.0266;9565.93
T105;2024-03;170387.06;376;0.0698;6492.74
T105;2024-04;204400.72;456;0.0603;7440.03
T105;2024-05;208231.49;499;0.06;6952.81
T105;2024-06;120873.05;279;0.0379;11407.25
T105;2024-07;168656.6;437;0.046;8385.09
T105;2024-08;140399.43;483;0.0694;4185.67
T105;2024-09;148303.59;374;0.0568;6985.4
T105;2024-10;162124.49;543;0.0319;9353.23
T105;2024-11;241093.86;557;0.0568;7619.67
T105;2024-12;192640.83;688;0.0577;4858.37
T105;2025-01;160762.63;643;0.0211;11850.22
T105;2025-02;207740.94;490;0.0458;9250.96
T105;2025-03;143848.75;340;0.0513;8246.6
T105;2025-04;159153.48;533;0.065;4594.14
T105;2025-05;224231.6;703;0.0429;7432.58
T105;2025-06;128367.06;359;0.0484;7389.89
T105;2025-07;128992.14;296;0.0659;6616.51
T105;2025-08;148048;312;0.0265;17870.32
T105;2025-09;128935.45;350;0.065;5663.21
T105;2025-10;134362.47;385;0.0504;6922.89
T105;2025-11;188414.78;378;0.0307;16244.1
T105;2025-12;179025.73;597;0.0448;6691.27
T106;2023-01;65953.74;204;0.0713;4529.92
T106;2023-02;87361.01;175;0.0391;12784.54
T106;2023-03;85016.74;212;0.026;15374.76
T106;2023-04;74229.73;153;0.0247;19717.76
T106;2023-05;65385.9;168;0.0328;11867.1
T106;2023-06;100545.09;238;0.0776;5439.68
T106;2023-07;85380.92;275;0.0735;4216.35
T106;2023-08;41322.88;84;0.0672;7335.66
T106;2023-09;82873.09;287;0.0487;5922.11
T106;2023-10;76116.43;198;0.0495;7763.34
T106;2023-11;97740.25;347;0.0408;6905.73
T106;2023-12;102952.2;308;0.0539;6206.56
T106;2024-01;66229.54;160;0.0711;5817.73
T106;2024-02;68826.09;143;0.0784;6163.03
T106;2024-03;66884.43;144;0.044;10529.62
T106;2024-04;75235.51;174;0.0519;8336.75
T106;2024-05;67647.32;255;0.0534;4970.07
T106;2024-06;82733.45;283;0.0779;3757.46
T106;2024-07;86566.73;182;0.0575;8296.05
T106;2024-08;73745.44;226;0.0378;8623.77
T106;2024-09;79111.44;176;0.0778;5769.76
T106;2024-10;67130.9;251;0.0361;7423.12
T106;2024-11;81474.7;286;0.026;10972.43
T106;2024-12;75810.4;194;0.0447;8736.32
T106;2025-01;63901.38;179;0.0455;7826.34
T106;2025-02;81936.77;175;0.0437;10705.36
T106;2025-03;51945.23;174;0.0716;4175.67
T106;2025-04;51006.27;178;0.0745;3846.89
T106;2025-05;67248.3;150;0.0549;8152.06
T106;2025-06;58753.22;141;0.0396;10552.74
T106;2025-07;40713.41;116;0.0659;5321.33
T106;2025-08;59004.88;190;0.0703;4421.72
T106;2025-09;64582.35;133;0.0609;7975.15
T106;2025-10;38792.81;94;0.0627;6561.79
T106;2025-11;67877.9;168;0.044;9161.22
T106;2025-12;71481.96;283;0.0275;9192.65
T107;2023-01;147389.97;313;0.0675;6971.85
T107;2023-02;179177.2;557;0.042;7653.75
T107;2023-03;203877.49;503;0.0239;16966.82
T107;2023-04;226944.33;532;0.0678;6286.19
T107;2023-05;199520.41;475;0.0324;12977.76
T107;2023-06;215330.96;724;0.0562;5290.34
T107;2023-07;220158.13;854;0.0271;9503.4
T107;2023-08;158599.07;566;0.0272;10300.67
T107;2023-09;137521.57;319;0.0542;7963.24
T107;2023-10;121012.06;245;0.023;21495.36
T107;2023-11;281400.74;953;0.0589;5015.37
T107;2023-12;230778.19;589;0.0783;5008.16
T107;2024-01;154697.73;329;0.0767;6136.15
T107;2024-02;190654.95;443;0.0297;14502.6
T107;2024-03;155125.84;380;0.0231;17633.12
T107;2024-04;190281.15;650;0.0239;12248.3
T107;2024-05;170537.81;473;0.071;5080.72
T107;2024-06;169021.38;356;0.0271;17532.5
T107;2024-07;140878.91;430;0.0667;4912.16
T107;2024-08;183035.79;659;0.0752;3693.83
T107;2024-09;173556.92;359;0.0293;16498.91
T107;2024-10;235111.16;582;0.0674;5995.48
T107;2024-11;179364.76;396;0.0316;14319.26
T107;2024-12;211019.02;464;0.0571;7972.35
T107;2025-01;154315.67;309;0.0641;7778.3
T107;2025-02;172971.55;489;0.0222;15953.84
T107;2025-03;148905.64;451;0.0658;5019.6
T107;2025-04;166387.34;367;0.0648;6990.43
T107;2025-05;118972.48;305;0.0579;6737.51
T107;2025-06;144393.08;460;0.0731;4295.37
T107;2025-07;105231.84;378;0.0608;4575.82
T107;2025-08;131610.27;405;0.0394;8246.11
T107;2025-09;110544.54;351;0.0652;4835.2
T107;2025-10;176935.62;486;0.0528;6889.73
T107;2025-11;152534.6;395;0.0786;4911.73
T107;2025-12;140539.13;294;0.0305;15675.38
T108;2023-01;157663.49;380;0.029;14283.37
T108;2023-02;168784.28;351;0.0539;8919.61
T108;2023-03;140419.19;410;0.0623;5502.27
T108;2023-04;150058.82;433;0.0348;9959.19
T108;2023-05;116253.77;399;0.0292;9967.81
T108;2023-06;196474.32;460;0.0785;5439.14
T108;2023-07;155693.1;573;0.0429;6338.84
T108;2023-08;123715.42;328;0.0361;10426.96
T108;2023-09;176358.73;363;0.026;18672.52
T108;2023-10;153237.2;482;0.0787;4037.71
T108;2023-11;204874.6;654;0.0414;7572.47
T108;2023-12;149032.76;500;0.0714;4172.43
T108;2024-01;139375.84;306;0.0415;10986.94
T108;2024-02;160441.6;584;0.0655;4195.72
T108;2024-03;110794.85;354;0.0785;3988.54
T108;2024-04;157223.75;338;0.0686;6788.74
T108;2024-05;149299.12;492;0.0786;3860.91
T108;2024-06;129058.39;491;0.0411;6395.16
T108;2024-07;148319.4;336;0.0425;10389.66
T108;2024-08;118531.53;303;0.0701;5580.47
T108;2024-09;133315.58;490;0.0488;5577.55
T108;2024-10;126896.98;294;0.054;8001.22
T108;2024-11;173265.8;411;0.0759;5546.17
T108;2024-12;131931.37;460;0.0615;4658.73
T108;2025-01;130403.73;383;0.0302;11256.41
T108;2025-02;146010.47;313;0.0437;10690.62
T108;2025-03;149475.28;582;0.0358;7174.35
T108;2025-04;89888.47;210;0.0607;7046.9
T108;2025-05;145564.22;471;0.0477;6480.36
T108;2025-06;113509.57;308;0.0404;9101.15
T108;2025-07;110967.44;288;0.0506;7600.1
T108;2025-08;111318.59;384;0.0423;6846.58
T108;2025-09;128841.43;284;0.038;11943.07
T108;2025-10;121602.36;339;0.025;14353.89
T108;2025-11;138043.15;361;0.0358;10673.48
T108;2025-12;118244.72;288;0.0622;6602.52
T109;2023-01;189589;629;0.0527;5724.07
T109;2023-02;218968.12;459;0.0235;20288.78
T109;2023-03;255813.97;644;0.0537;7393.65
T109;2023-04;241003.55;559;0.0674;6399.92
T109;2023-05;222862.9;692;0.0432;7449.83
T109;2023-06;233471.92;476;0.0312;15708.9
T109;2023-07;241635.86;715;0.0544;6213.88
T109;2023-08;168036.39;473;0.0437;8140.17
T109;2023-09;194713.5;392;0.0459;10828.22
T109;2023-10;169385.68;485;0.0693;5039.97
T109;2023-11;185886.24;688;0.039;6931.28
T109;2023-12;207031.51;524;0.026;15225.36
T109;2024-01;231011.68;707;0.0501;6525.29
T109;2024-02;198319.02;650;0.059;5167.94
T109;2024-03;145655;306;0.0251;18945.54
T109;2024-04;202406.87;496;0.0247;16498.65
T109;2024-05;173888.09;468;0.0326;11403.46
T109;2024-06;205608.11;664;0.0271;11423.16
T109;2024-07;189593.52;405;0.0204;22980.07
T109;2024-08;125972.76;321;0.035;11207.2
T109;2024-09;158379.4;483;0.071;4616.76
T109;2024-10;148593.39;344;0.0324;13302.02
T109;2024-11;219437.54;613;0.0588;6093.08
T109;2024-12;184438.34;425;0.0763;5683.9
T109;2025-01;133633.8;350;0.0206;18560.37
T109;2025-02;142749.99;426;0.0462;7250.36
T109;2025-03;125636.52;308;0.0273;14968.88
T109;2025-04;167034.63;508;0.0795;4138.84
T109;2025-05;120149.65;336;0.0722;4957.31
T109;2025-06;130313.99;440;0.0373;7943.54
T109;2025-07;136141.86;436;0.0611;5109.07
T109;2025-08;146293.62;295;0.0459;10809.2
T109;2025-09;124869.88;304;0.0782;5251.49
T109;2025-10;148936.79;322;0.0759;6091.1
T109;2025-11;153920.46;385;0.0286;13994.26
T109;2025-12;146703.23;405;0.0674;5367.5
T110;2023-01;63129.67;247;0.0539;4741.67
T110;2023-02;64632.7;148;0.0467;9359.39
T110;2023-03;51902.71;126;0.0747;5530.33
T110;2023-04;57643.42;167;0.0703;4906.41
T110;2023-05;61285.3;149;0.0607;6791.5
T110;2023-06;40318.08;86;0.0341;13810.86
T110;2023-07;55784.64;190;0.0479;6149.64
T110;2023-08;41172.34;161;0.0285;8960.64
T110;2023-09;62854.69;225;0.0337;8283.08
T110;2023-10;59757.68;218;0.046;5971.69
T110;2023-11;61587.76;142;0.061;7098.38
T110;2023-12;52894.36;165;0.0604;5297.66
T110;2024-01;50093.89;151;0.0543;6120.88
T110;2024-02;55708.9;179;0.0591;5269.09
T110;2024-03;49551.24;118;0.0591;7102.94
T110;2024-04;59702.89;230;0.031;8374.99
T110;2024-05;41779.99;121;0.0233;14839.94
T110;2024-06;43189.17;95;0.0791;5723.78
T110;2024-07;45297.87;140;0.0319;10163.26
T110;2024-08;51747.3;152;0.06;5681.87
T110;2024-09;52965.34;114;0.0261;17730.82
T110;2024-10;46635.82;165;0.0606;4669.98
T110;2024-11;62077.76;156;0.0338;11773.94
T110;2024-12;50082.06;135;0.0444;8332.59
T110;2025-01;47781.48;110;0.0202;21550.65
T110;2025-02;50435.85;124;0.0553;7359.72
T110;2025-03;54682.87;141;0.0714;5445.76
T110;2025-04;45572.82;148;0.0684;4507.94
T110;2025-05;46842.18;97;0.0401;12085.1
T110;2025-06;40237.31;105;0.0595;6428.12
T110;2025-07;38468.37;113;0.0723;4701.57
T110;2025-08;33338.87;71;0.062;7561.55
T110;2025-09;49761.33;146;0.0443;7713.75
T110;2025-10;46558.68;120;0.0763;5092
T110;2025-11;51887.83;117;0.0423;10474.97
T110;2025-12;60906.93;141;0.0446;9691.11
T111;2023-01;100136.33;237;0.0476;8867.55
T111;2023-02;162723.87;368;0.0737;5993.51
T111;2023-03;138694.31;410;0.0771;4392.81
T111;2023-04;148958.67;351;0.0323;13142.15
T111;2023-05;135780.95;507;0.0636;4213.14
T111;2023-06;159108.99;431;0.0387;9531.94
T111;2023-07;112178.61;349;0.0638;5032.82
T111;2023-08;125215.4;362;0.0663;5222.18
T111;2023-09;102479.06;359;0.0323;8845.61
T111;2023-10;130106.27;432;0.0742;4057.86
T111;2023-11;181223.14;568;0.0453;7047.19
T111;2023-12;130636.46;350;0.0377;9887.67
T111;2024-01;94156.89;213;0.0436;10135.52
T111;2024-02;100214.1;291;0.0205;16806.65
T111;2024-03;125309.5;285;0.0576;7639.18
T111;2024-04;109635.48;244;0.0589;7644.81
T111;2024-05;133731.33;533;0.0352;7123.55
T111;2024-06;150228.24;564;0.0623;4275.72
T111;2024-07;96661.45;250;0.0515;7486.1
T111;2024-08;108218.97;421;0.0239;10755.93
T111;2024-09;81314.52;188;0.0393;11025.93
T111;2024-10;87885.14;243;0.0231;15631.98
T111;2024-11;114636.87;353;0.0516;6296.86
T111;2024-12;96094.42;256;0.0314;11964.26
T111;2025-01;79591.65;170;0.0543;8632.87
T111;2025-02;110123.15;426;0.079;3275.12
T111;2025-03;91769.86;197;0.0548;8512.25
T111;2025-04;96051.16;300;0.0345;9281.52
T111;2025-05;93755.17;250;0.0767;4882.77
T111;2025-06;125785.47;298;0.0723;5839.22
T111;2025-07;77723.52;301;0.0443;5839.5
T111;2025-08;93202.96;193;0.0622;7750.54
T111;2025-09;101541.13;326;0.0503;6183.73
T111;2025-10;93963.06;242;0.06;6475.13
T111;2025-11;105583.92;219;0.0612;7879.85
T111;2025-12;92005.19;198;0.0317;14644.98
T112;2023-01;151606.14;402;0.0275;13741.1
T112;2023-02;148698.26;307;0.078;6213.89
T112;2023-03;163360.99;384;0.0273;15558.98
T112;2023-04;168168.89;359;0.0236;19873.05
T112;2023-05;132182.5;268;0.079;6228.13
T112;2023-06;150130.99;506;0.0719;4128.08
T112;2023-07;106020.16;336;0.0227;13917.02
T112;2023-08;107515.65;339;0.0232;13648.23
T112;2023-09;156066.74;331;0.063;7482.15
T112;2023-10;162684.87;575;0.0764;3700.17
T112;2023-11;170449.54;613;0.0622;4464.04
T112;2023-12;195793.92;453;0.0738;5854.11
T112;2024-01;182003.3;704;0.0438;5897.45
T112;2024-02;173926.98;439;0.0643;6161.69
T112;2024-03;138992.45;306;0.0772;5871.97
T112;2024-04;99163.22;322;0.0352;8742.37
T112;2024-05;136867.66;319;0.0567;7571.7
T112;2024-06;151404.59;471;0.0592;5427.74
T112;2024-07;142516.31;518;0.0797;3448.93
T112;2024-08;153962.95;440;0.0583;6005.73
T112;2024-09;130527.87;294;0.0783;5663.19
T112;2024-10;152159.6;448;0.0443;7666.13
T112;2024-11;165356.39;412;0.0416;9660.77
T112;2024-12;140416.97;531;0.0584;4528.21
T112;2025-01;110198.1;231;0.0319;14942.78
T112;2025-02;130765.84;300;0.0731;5962.38
T112;2025-03;97322.64;297;0.0731;4474.85
T112;2025-04;133564.71;412;0.0648;5010.92
T112;2025-05;147120.09;296;0.0425;11712.76
T112;2025-06;124287.35;397;0.0269;11659.43
T112;2025-07;124683.56;279;0.0604;7403.66
T112;2025-08;110993.6;276;0.0229;17568.65
T112;2025-09;113735.46;292;0.0213;18292.58
T112;2025-10;134051.84;277;0.0742;6526.29
T112;2025-11;185389.05;435;0.0359;11879.44
T112;2025-12;162494.66;532;0.0604;5054.14
T113;2023-01;94383.27;253;0.0429;8703.08
T113;2023-02;100799.99;301;0.05;6693.68
T113;2023-03;90280.28;216;0.0781;5361.1
T113;2023-04;118108.14;305;0.0534;7238.99
T113;2023-05;80700.47;187;0.0429;10042.58
T113;2023-06;118846.98;390;0.0308;9898.62
T113;2023-07;87737.64;346;0.0326;7780.13
T113;2023-08;132541.89;423;0.0243;12886.23
T113;2023-09;123386.87;283;0.0655;6661.12
T113;2023-10;86962.56;214;0.0234;17364.05
T113;2023-11;126099.23;268;0.0489;9636.71
T113;2023-12;114768.01;299;0.0381;10073.64
T113;2024-01;100458.83;313;0.0434;7405.41
T113;2024-02;114321.96;316;0.0418;8660.66
T113;2024-03;96214.27;193;0.0543;9188.52
T113;2024-04;88695.55;196;0.0404;11184.19
T113;2024-05;47012.23;135;0.0654;5314.11
T113;2024-06;120544.38;274;0.036;12217.21
T113;2024-07;63431.59;134;0.0788;6000.73
T113;2024-08;92022.46;368;0.0737;3398.07
T113;2024-09;91031;278;0.0387;8471.53
T113;2024-10;80398.85;265;0.0744;4080.19
T113;2024-11;89803.01;189;0.0261;18167.14
T113;2024-12;87534.36;232;0.045;8392.59
T113;2025-01;82738.29;271;0.0632;4819.19
T113;2025-02;76250.23;158;0.0535;8995.76
T113;2025-03;88811.75;284;0.0324;9653.34
T113;2025-04;81761.73;288;0.0449;6315.72
T113;2025-05;70245.99;245;0.0594;4834.2
T113;2025-06;85811.17;204;0.0763;5504.58
T113;2025-07;89630.76;219;0.0418;9787.28
T113;2025-08;84878.66;300;0.0395;7148.45
T113;2025-09;77973.28;198;0.0606;6508.72
T113;2025-10;69926.68;244;0.0773;3706.35
T113;2025-11;108977.39;405;0.0257;10451.09
T113;2025-12;110984.55;250;0.0763;5817.13
T114;2023-01;75566.07;236;0.0717;4473.49
T114;2023-02;67230.96;181;0.0216;17217.66
T114;2023-03;68706.39;179;0.0736;5198.98
T114;2023-04;95431.22;304;0.0344;9129.05
T114;2023-05;67238.49;243;0.0618;4477.18
T114;2023-06;62187.66;206;0.0756;3994.37
T114;2023-07;60887.4;188;0.0661;4904.61
T114;2023-08;59180.59;166;0.0692;5160.52
T114;2023-09;60356.82;191;0.0647;4875.68
T114;2023-10;78711.06;159;0.0557;8877.81
T114;2023-11;88676.4;255;0.0734;4731.81
T114;2023-12;80651.26;248;0.0459;7087.84
T114;2024-01;52659.16;110;0.0479;9966.65
T114;2024-02;73095.97;205;0.071;5015.68
T114;2024-03;80097.89;285;0.031;9060.14
T114;2024-04;63585.07;130;0.0705;6913.28
T114;2024-05;85039.05;175;0.0327;14849.27
T114;2024-06;55016.85;208;0.0522;5067.22
T114;2024-07;57928.98;123;0.0204;23130.5
T114;2024-08;56956.73;125;0.051;8903
T114;2024-09;84858.17;237;0.0269;13285.26
T114;2024-10;71774.05;260;0.0653;4224.61
T114;2024-11;74362.69;172;0.0699;6181.1
T114;2024-12;75948.3;270;0.0281;9999.23
T114;2025-01;57497.5;163;0.0561;6295.75
T114;2025-02;68174.48;235;0.0326;8888.1
T114;2025-03;62666.46;166;0.0689;5485.25
T114;2025-04;44486.72;102;0.0748;5857.1
T114;2025-05;55866.13;168;0.05;6653.1
T114;2025-06;66150;261;0.0742;3415.78
T114;2025-07;52408.65;134;0.0511;7681.42
T114;2025-08;50465.82;122;0.0517;8007.85
T114;2025-09;51873.94;109;0.0358;13304.64
T114;2025-10;51810.71;162;0.0448;7151.95
T114;2025-11;67986.61;163;0.0672;6198
T114;2025-12;55457.16;130;0.0289;14826.43
T115;2023-01;71215.69;280;0.0464;5482.9
T115;2023-02;80029.36;186;0.0737;5846.93
T115;2023-03;58704.08;133;0.0229;19225.92
T115;2023-04;55198.22;159;0.0296;11705.4
T115;2023-05;61056.68;222;0.0513;5353.71
T115;2023-06;78688.52;217;0.0513;7065.82
T115;2023-07;71000.33;187;0.0615;6164.52
T115;2023-08;61154.7;155;0.0319;12404.93
T115;2023-09;65834.1;251;0.0265;9892.43
T115;2023-10;82256.89;247;0.0427;7805.48
T115;2023-11;80569.72;167;0.0328;14750.61
T115;2023-12;74571.41;171;0.0576;7582.44
T115;2024-01;57208.06;162;0.0779;4544.5
T115;2024-02;62511.62;143;0.0214;20340.99
T115;2024-03;63837.8;155;0.0326;12644.62
T115;2024-04;52408.45;112;0.0402;11643.75
T115;2024-05;72303.13;179;0.0372;10898.04
T115;2024-06;73850.84;169;0.0214;20385.08
T115;2024-07;44130.56;90;0.0407;12042.89
T115;2024-08;57193.21;134;0.0252;16890.76
T115;2024-09;56443.76;202;0.0629;4438.95
T115;2024-10;51573.65;151;0.0504;6761.98
T115;2024-11;82590.52;243;0.067;5077.63
T115;2024-12;69844.9;193;0.0334;10834.52
T115;2025-01;60217.7;146;0.0611;6761.45
T115;2025-02;53940.41;124;0.0656;6648.15
T115;2025-03;61771;150;0.0437;9444.26
T115;2025-04;51327.96;117;0.026;16957.4
T115;2025-05;55445.66;159;0.0262;13319.07
T115;2025-06;55414.33;131;0.061;6935.27
T115;2025-07;56803.82;123;0.028;16469.87
T115;2025-08;53615.4;208;0.0321;8032.45
T115;2025-09;66519.06;210;0.0244;13012.27
T115;2025-10;49938.73;129;0.0327;11878.1
T115;2025-11;60471.85;188;0.0746;4311.38
T115;2025-12;44399.85;111;0.0321;12448.97
T116;2023-01;81758.95;193;0.0402;10531.86
T116;2023-02;82229.49;298;0.0544;5071.43
T116;2023-03;85808.45;238;0.0614;5869.03
T116;2023-04;79403.31;202;0.0306;12865.05
T116;2023-05;89344.97;239;0.0508;7351.12
T116;2023-06;103667.28;356;0.0478;6086.7
T116;2023-07;66027.05;177;0.0247;15097.59
T116;2023-08;93201.99;313;0.0393;7582.93
T116;2023-09;94932.49;204;0.0295;15764.4
T116;2023-10;57010.56;225;0.047;5404.67
T116;2023-11;109463.5;239;0.0681;6725.78
T116;2023-12;59643.52;217;0.076;3616.67
T116;2024-01;75161.89;180;0.0608;6877.5
T116;2024-02;62476.59;197;0.0398;7944.05
T116;2024-03;55933.81;219;0.0537;4747.51
T116;2024-04;72360.98;198;0.0594;6166.6
T116;2024-05;71255.17;249;0.0735;3899.74
T116;2024-06;66617.56;184;0.053;6838.87
T116;2024-07;58294.1;197;0.0467;6320.59
T116;2024-08;66092.37;212;0.0517;6020.67
T116;2024-09;73242.89;182;0.02;20077.06
T116;2024-10;61780.75;137;0.0398;11337.29
T116;2024-11;66440.8;163;0.0465;8760.4
T116;2024-12;59479.66;146;0.0288;14134.1
T116;2025-01;71868.85;183;0.0266;14830
T116;2025-02;54213.61;184;0.0225;13103.6
T116;2025-03;64530.98;196;0.0276;11935.42
T116;2025-04;74211.6;200;0.0515;7201.91
T116;2025-05;42752.18;125;0.0696;4919.63
T116;2025-06;47834.65;165;0.0406;7115.14
T116;2025-07;61098.58;206;0.0382;7769.07
T116;2025-08;42192.34;114;0.0453;8197.26
T116;2025-09;57772.99;197;0.0285;10322.99
T116;2025-10;50901.22;181;0.0472;5967.59
T116;2025-11;56909.61;115;0.0355;13952.79
T116;2025-12;67945.15;186;0.033;11059.81
T117;2023-01;148429.1;390;0.0371;10239.27
T117;2023-02;166191.64;594;0.0422;6624.95
T117;2023-03;129233.51;449;0.0355;8113.94
T117;2023-04;154965.25;506;0.0506;6047.91
T117;2023-05;180042.91;474;0.0554;6859.97
T117;2023-06;159758.03;633;0.0349;7243.23
T117;2023-07;126239.93;457;0.0662;4170.62
T117;2023-08;143427.97;313;0.0601;7626.34
T117;2023-09;129102.7;310;0.062;6715.82
T117;2023-10;116626.32;277;0.0738;5697.21
T117;2023-11;202444.63;608;0.0767;4343.84
T117;2023-12;150908.64;397;0.0697;5451.16
T117;2024-01;126538.36;487;0.0797;3260.34
T117;2024-02;138268.42;405;0.0475;7187.45
T117;2024-03;132567.96;303;0.0676;6484.27
T117;2024-04;129879.45;356;0.0625;5843.5
T117;2024-05;107756.11;396;0.0587;4641.71
T117;2024-06;101721.41;264;0.0333;11568.27
T117;2024-07;123688.18;431;0.0544;5271.94
T117;2024-08;90611.51;286;0.0443;7154.89
T117;2024-09;109408.55;257;0.0223;19054.94
T117;2024-10;101763.02;260;0.0577;6779.29
T117;2024-11;147029.32;317;0.0531;8754.14
T117;2024-12;168768.49;341;0.0587;8435.87
T117;2025-01;113160.76;241;0.0559;8379.16
T117;2025-02;136916.14;321;0.0393;10855.53
T117;2025-03;135589.59;344;0.0556;7078.68
T117;2025-04;96062.6;218;0.055;8015.54
T117;2025-05;90711.51;316;0.0703;4089.24
T117;2025-06;110669.48;366;0.0769;3932.36
T117;2025-07;115096.07;245;0.0347;13575.53
T117;2025-08;96735.66;231;0.0305;13730.46
T117;2025-09;93910.62;248;0.0455;8309.8
T117;2025-10;104328.18;272;0.0773;4959.37
T117;2025-11;144961.69;446;0.0373;8701.87
T117;2025-12;113277.94;247;0.0257;17797.45
T118;2023-01;167075.24;545;0.03;10218.76
T118;2023-02;137389.56;299;0.0415;11049.31
T118;2023-03;120852.49;349;0.0662;5231.61
T118;2023-04;127804.94;281;0.0619;7352.71
T118;2023-05;128729.65;335;0.0646;5957.17
T118;2023-06;163429.86;524;0.0339;9200.83
T118;2023-07;116322.88;268;0.0523;8311.27
T118;2023-08;93443.81;276;0.0787;4305.7
T118;2023-09;138728.97;533;0.0342;7614.12
T118;2023-10;131450.41;383;0.031;11097.75
T118;2023-11;186027.14;419;0.0226;19644.84
T118;2023-12;150518.09;422;0.0273;13061.15
T118;2024-01;86786.5;232;0.0736;5091.12
T118;2024-02;84638.52;188;0.0582;7753.41
T118;2024-03;122115.1;269;0.0538;8447.74
T118;2024-04;127719.67;335;0.0634;6009.92
T118;2024-05;116628.59;450;0.0427;6074.04
T118;2024-06;118220.01;261;0.0775;5836.12
T118;2024-07;116308.14;250;0.0274;17007.31
T118;2024-08;93532.11;203;0.0395;11695.53
T118;2024-09;125409.99;302;0.0644;6453.16
T118;2024-10;146174.26;406;0.0733;4914.42
T118;2024-11;139415.33;382;0.0223;16381.58
T118;2024-12;138847.64;372;0.0739;5047.77
T118;2025-01;114501.42;273;0.0552;7592.87
T118;2025-02;117704.55;274;0.0453;9492.97
T118;2025-03;109916.85;248;0.0675;6555.41
T118;2025-04;114181.24;418;0.0233;11698.19
T118;2025-05;90758.65;229;0.0466;8482.84
T118;2025-06;111087.3;435;0.0224;11398.1
T118;2025-07;93336.5;245;0.0767;4969.41
T118;2025-08;102444.97;349;0.0355;8266.44
T118;2025-09;107028.27;305;0.0771;4557.88
T118;2025-10;105020.22;217;0.0207;23358.56
T118;2025-11;119233.98;357;0.0257;12974.47
T118;2025-12;103881.22;233;0.0473;9439.44
T119;2023-01;81381.6;196;0.0531;7823.42
T119;2023-02;73697.65;185;0.0755;5288.22
T119;2023-03;66929.35;139;0.0373;12880.01
T119;2023-04;89984.98;199;0.0542;8336.25
T119;2023-05;87714.72;347;0.0657;3845.13
T119;2023-06;80599.54;259;0.0587;5287.52
T119;2023-07;70274.2;216;0.0739;4408.79
T119;2023-08;55388.07;176;0.0459;6867.04
T119;2023-09;81037.08;289;0.0247;11345.69
T119;2023-10;65614.83;152;0.0266;16221.8
T119;2023-11;112474.16;279;0.0466;8636.91
T119;2023-12;89815.1;332;0.0697;3885.86
T119;2024-01;65845.65;161;0.0534;7637.67
T119;2024-02;68222.99;183;0.058;6435.14
T119;2024-03;64371.64;218;0.0205;14407.17
T119;2024-04;68741.93;232;0.0495;5978.37
T119;2024-05;47870.9;143;0.0473;7073.65
T119;2024-06;82814.16;318;0.0303;8617.75
T119;2024-07;48556.66;136;0.0414;8656.52
T119;2024-08;73149.76;155;0.0349;13504.62
T119;2024-09;63242.9;138;0.0475;9659.65
T119;2024-10;64654.57;172;0.0583;6444.67
T119;2024-11;76970.18;263;0.0716;4087.42
T119;2024-12;50095.57;125;0.0581;6893.85
T119;2025-01;73467.63;282;0.08;3258.96
T119;2025-02;58881.64;127;0.0796;5818.98
T119;2025-03;61908.69;136;0.0711;6385.47
T119;2025-04;69279.78;268;0.066;3923.05
T119;2025-05;64051.27;153;0.023;18179.58
T119;2025-06;70664.3;167;0.0247;17154.21
T119;2025-07;78599.8;174;0.0284;15911.59
T119;2025-08;61959.42;159;0.0428;9120.49
T119;2025-09;57500.92;219;0.0603;4343.16
T119;2025-10;53679.48;173;0.0312;9927.93
T119;2025-11;72788.45;215;0.0341;9928.37
T119;2025-12;75202.07;228;0.0606;5437.52
T120;2023-01;83254.92;190;0.0651;6727.33
T120;2023-02;86597.94;260;0.0209;15919.42
T120;2023-03;79019.17;187;0.0744;5677.15
T120;2023-04;77288.55;158;0.0216;22722.91
T120;2023-05;74553.11;281;0.0427;6222.86
T120;2023-06;82270.8;177;0.0332;13977.09
T120;2023-07;59835.49;174;0.0481;7138.18
T120;2023-08;80315.82;225;0.0509;7008.03
T120;2023-09;64328.69;151;0.0631;6739.82
T120;2023-10;102446.8;285;0.0285;12613.58
T120;2023-11;105968.58;259;0.0553;7407.8
T120;2023-12;96986.7;316;0.0587;5235.26
T120;2024-01;79605.32;193;0.0367;11267.95
T120;2024-02;69794.63;190;0.0708;5201.39
T120;2024-03;75097.29;179;0.0653;6433.37
T120;2024-04;48895.01;167;0.0539;5443.85
T120;2024-05;52927.68;136;0.0269;14397.08
T120;2024-06;90704.09;259;0.0475;7376.78
T120;2024-07;66139.84;165;0.0408;9803.86
T120;2024-08;66903.67;225;0.0409;7261.77
T120;2024-09;55845.96;157;0.0432;8256.26
T120;2024-10;75492.84;171;0.073;6044.29
T120;2024-11;67129.47;187;0.0286;12527.33
T120;2024-12;93582.12;320;0.0299;9780.59
T120;2025-01;62778.75;209;0.0267;11256.59
T120;2025-02;61814.66;151;0.0794;5162.98
T120;2025-03;73579.68;259;0.0709;4003.3
T120;2025-04;60398.25;152;0.0759;5247.58
T120;2025-05;65281.45;158;0.0328;12639.75
T120;2025-06;68323.44;245;0.0449;6214.73
T120;2025-07;60772.28;239;0.0376;6770.47
T120;2025-08;50375.87;142;0.0506;7031.08
T120;2025-09;65525.99;260;0.0491;5132.08
T120;2025-10;81078.66;176;0.0332;13846.78
T120;2025-11;66075.24;166;0.0608;6532.19
T120;2025-12;75039.44;263;0.0466;6116.97
T121;2023-01;72096.07;157;0.0227;20180.41
T121;2023-02;58756.67;197;0.06;4965.12
T121;2023-03;84448.66;215;0.0389;10115.14
T121;2023-04;54234.59;116;0.0388;11999.35
T121;2023-05;72242.01;232;0.0651;4780.96
T121;2023-06;80128.86;164;0.063;7741.24
T121;2023-07;60331.13;162;0.0584;6385.19
T121;2023-08;46825.69;96;0.0269;18113.31
T121;2023-09;61433.87;183;0.0739;4551.99
T121;2023-10;68330.61;184;0.0466;7966.24
T121;2023-11;75801.64;233;0.0792;4111.02
T121;2023-12;79362.53;226;0.0302;11624.15
T121;2024-01;48686.39;162;0.0751;4003.49
T121;2024-02;62382.38;133;0.0326;14405.49
T121;2024-03;68857.81;169;0.0249;16346
T121;2024-04;78584.46;281;0.0443;6307.12
T121;2024-05;66508.08;255;0.061;4272.73
T121;2024-06;68432.14;142;0.0384;12598.81
T121;2024-07;40863.6;156;0.0605;4330.48
T121;2024-08;52769.09;114;0.0684;6739.07
T121;2024-09;51122.72;126;0.0362;11232.72
T121;2024-10;54630.59;114;0.0304;15817.26
T121;2024-11;67877.76;173;0.0551;7141.55
T121;2024-12;55730.72;134;0.0433;9634.36
T121;2025-01;47421.64;151;0.0439;7139.79
T121;2025-02;68776.78;179;0.0575;6665.69
T121;2025-03;62527.73;126;0.0463;10733.62
T121;2025-04;52921.41;107;0.0407;12167.26
T121;2025-05;67141.12;196;0.0566;6062.33
T121;2025-06;63361.46;220;0.0265;10883.54
T121;2025-07;41456.55;108;0.0533;7195.24
T121;2025-08;40487.85;123;0.068;4820.48
T121;2025-09;55535.42;146;0.0313;12170.7
T121;2025-10;51713.69;155;0.0594;5633.11
T121;2025-11;54201.56;113;0.0349;13805.48
T121;2025-12;64932.5;184;0.0495;7120.25
T122;2023-01;91334.8;315;0.0284;10187.14
T122;2023-02;106592.61;233;0.0657;6953.18
T122;2023-03;69762.08;166;0.0223;18802.28
T122;2023-04;94202.08;240;0.0439;8929.56
T122;2023-05;93730.19;242;0.0627;6185.15
T122;2023-06;98720.86;266;0.0335;11087.21
T122;2023-07;91155.92;259;0.0608;5799.39
T122;2023-08;82725.02;167;0.0698;7085.12
T122;2023-09;107178.72;221;0.0776;6239.87
T122;2023-10;100742.32;205;0.0575;8555
T122;2023-11;90778.24;262;0.0766;4523.36
T122;2023-12;100524.89;213;0.0514;9188.12
T122;2024-01;62101.23;171;0.0629;5784.08
T122;2024-02;90929.68;259;0.0313;11209.03
T122;2024-03;65908.15;134;0.0434;11367.28
T122;2024-04;87354.15;183;0.0335;14237.1
T122;2024-05;89316.02;201;0.054;8236.97
T122;2024-06;67951.16;221;0.0223;13803.25
T122;2024-07;63154.15;188;0.0605;5546
T122;2024-08;76431.11;278;0.0276;9933.24
T122;2024-09;89953.12;278;0.0652;4960.66
T122;2024-10;76859.4;252;0.0499;6107.61
T122;2024-11;100604.19;224;0.0694;6461.31
T122;2024-12;99701.88;329;0.0489;6189.45
T122;2025-01;88474.61;273;0.0759;4272.29
T122;2025-02;75743.73;209;0.0602;6026.18
T122;2025-03;68501.11;160;0.0508;8420.2
T122;2025-04;57064.53;118;0.0642;7515.11
T122;2025-05;84447.05;203;0.0588;7076.73
T122;2025-06;74630.11;240;0.0437;7131.67
T122;2025-07;71530.12;217;0.0329;9987.72
T122;2025-08;67177.75;169;0.024;16579.01
T122;2025-09;80892.53;239;0.0736;4604.93
T122;2025-10;80521.07;214;0.0587;6392.71
T122;2025-11;77635.55;167;0.0328;14205.49
T122;2025-12;64757.29;186;0.0391;8894.65
T123;2023-01;90123.12;292;0.0754;4086.59
T123;2023-02;88099.67;200;0.0213;20668.91
T123;2023-03;117145.62;307;0.035;10897.5
T123;2023-04;107098.89;303;0.0209;16939.07
T123;2023-05;91336.65;211;0.0558;7764.81
T123;2023-06;78806.31;294;0.0765;3509.46
T123;2023-07;75099.65;201;0.0251;14861.69
T123;2023-08;81105.25;270;0.0369;8164.17
T123;2023-09;104487.28;267;0.0244;16001.99
T123;2023-10;107725.72;363;0.0399;7450.04
T123;2023-11;111146.13;318;0.0552;6326.08
T123;2023-12;107749.2;403;0.0409;6538.83
T123;2024-01;101647.12;342;0.0591;5033.65
T123;2024-02;66958.03;173;0.0269;14423.71
T123;2024-03;94500.94;195;0.0375;12967.8
T123;2024-04;85845.31;193;0.0348;12811.16
T123;2024-05;95278.24;228;0.0394;10588.81
T123;2024-06;113936.37;287;0.0546;7278.19
T123;2024-07;78883.84;296;0.0349;7624.07
T123;2024-08;73139.27;234;0.0338;9263.73
T123;2024-09;85108.41;272;0.0521;5993.18
T123;2024-10;94099.19;272;0.0756;4583.76
T123;2024-11;101795.89;246;0.0748;5524.22
T123;2024-12;105730.71;312;0.0345;9836.37
T123;2025-01;91961.58;301;0.0771;3962.09
T123;2025-02;107954.25;304;0.0451;7862.85
T123;2025-03;81720.94;315;0.046;5640.04
T123;2025-04;68901.79;147;0.04;11716.1
T123;2025-05;98356.05;347;0.0687;4122.23
T123;2025-06;63510.02;165;0.0441;8707.84
T123;2025-07;76051.55;157;0.0564;8588.16
T123;2025-08;67475.88;145;0.0603;7723.35
T123;2025-09;60308.43;131;0.035;13151.37
T123;2025-10;76391.05;177;0.0408;10595.79
T123;2025-11;92576.77;196;0.0583;8097.54
T123;2025-12;80679.49;282;0.0399;7171.04
T124;2023-01;170375.45;451;0.0528;7158.43
T124;2023-02;85953.76;187;0.0302;15242.84
T124;2023-03;146231.23;375;0.055;7092.55
T124;2023-04;124600.72;337;0.0529;6980.1
T124;2023-05;134184.65;269;0.054;9252.54
T124;2023-06;102028.98;391;0.0678;3851.83
T124;2023-07;96097.89;206;0.0319;14606.44
T124;2023-08;108299.95;226;0.0465;10324.98
T124;2023-09;131368.97;418;0.0603;5212.89
T124;2023-10;154915.99;316;0.0662;7396.36
T124;2023-11;144454.33;560;0.0626;4119.21
T124;2023-12;144580.78;316;0.0581;7874.54
T124;2024-01;125875.77;367;0.0309;11100.67
T124;2024-02;129975.58;270;0.0262;18353.87
T124;2024-03;84475.91;266;0.0588;5410.27
T124;2024-04;125071.44;406;0.075;4105.11
T124;2024-05;145556.7;337;0.061;7083.69
T124;2024-06;99561.88;209;0.0339;14050.2
T124;2024-07;119008.99;472;0.0313;8053.81
T124;2024-08;84687.12;201;0.024;17630.97
T124;2024-09;146056.17;331;0.0472;9347.86
T124;2024-10;103754.66;255;0.0524;7781.85
T124;2024-11;152556.12;530;0.0208;13851.1
T124;2024-12;126838.88;457;0.0418;6635.53
T124;2025-01;85983.65;191;0.0652;6909.6
T124;2025-02;111164.97;262;0.0492;8608.76
T124;2025-03;83289.68;222;0.0246;15251
T124;2025-04;80614.07;192;0.0411;10235.38
T124;2025-05;90958.06;308;0.0741;3982.42
T124;2025-06;87222.97;298;0.073;4004.89
T124;2025-07;104232.85;283;0.0757;4870.81
T124;2025-08;91720.18;303;0.0533;5684.39
T124;2025-09;95516.06;243;0.0563;6966.14
T124;2025-10;81353.44;238;0.0246;13888.54
T124;2025-11;111695.78;393;0.0762;3732.24
T124;2025-12;149595.96;306;0.0714;6847.93
T125;2023-01;182375.33;595;0.0516;5942.01
T125;2023-02;191077.33;491;0.0468;8331.34
T125;2023-03;160486.59;600;0.0491;5445.86
T125;2023-04;141534.73;295;0.0451;10659.57
T125;2023-05;181959.1;390;0.0266;17533.18
T125;2023-06;159842.9;454;0.0267;13188.26
T125;2023-07;153053.8;425;0.0412;8737.31
T125;2023-08;180444.26;370;0.0324;15040.88
T125;2023-09;148153.22;346;0.0645;6630.44
T125;2023-10;205667.09;418;0.0417;11779.08
T125;2023-11;213669.36;518;0.0597;6910.08
T125;2023-12;158998.23;329;0.0674;7172.76
T125;2024-01;151908.61;545;0.0272;10245.86
T125;2024-02;145791.22;563;0.0236;10976.06
T125;2024-03;190192.9;554;0.0247;13927.25
T125;2024-04;213334.82;621;0.0646;5317.53
T125;2024-05;196428.59;527;0.0458;8130.99
T125;2024-06;130526.08;265;0.0609;8080.42
T125;2024-07;105078.54;320;0.064;5135
T125;2024-08;129066.2;350;0.0651;5669.11
T125;2024-09;152615.21;443;0.0722;4773.57
T125;2024-10;121919.39;244;0.0489;10205.89
T125;2024-11;155892.76;345;0.0683;6607.76
T125;2024-12;213107.41;546;0.0536;7291.4
T125;2025-01;136933.87;470;0.0369;7907.79
T125;2025-02;112128.19;371;0.0253;11975.71
T125;2025-03;155334.11;538;0.0661;4369.01
T125;2025-04;156134.4;472;0.0694;4764.85
T125;2025-05;117278.46;263;0.0735;6071.82
T125;2025-06;103377.37;257;0.0253;15840.03
T125;2025-07;146593.48;581;0.021;12004.24
T125;2025-08;101553.06;351;0.0569;5083.22
T125;2025-09;131259.64;263;0.0307;16265.14
T125;2025-10;118280.91;245;0.0375;12893.08
T125;2025-11;168814.87;359;0.037;12696.77
T125;2025-12;149779.94;463;0.0315;10244.45
T126;2023-01;98705.6;241;0.0444;9238.61
T126;2023-02;81388.74;165;0.0479;10291.56
T126;2023-03;57764.61;152;0.0532;7165.87
T126;2023-04;103982.41;299;0.0799;4346.6
T126;2023-05;103749.2;217;0.0628;7617.03
T126;2023-06;79922.95;225;0.0239;14853.19
T126;2023-07;64540.22;195;0.055;6034.24
T126;2023-08;70792.07;215;0.0566;5813.01
T126;2023-09;83508.08;245;0.0761;4473.89
T126;2023-10;83859.92;214;0.0277;14129.09
T126;2023-11;129402.04;282;0.0762;6031.92
T126;2023-12;96473.46;293;0.0293;11228.97
T126;2024-01;81604.7;182;0.0446;10071.04
T126;2024-02;75858.81;217;0.0773;4517.31
T126;2024-03;76979.53;173;0.0574;7761.27
T126;2024-04;79532.46;276;0.0414;6968.89
T126;2024-05;70353.58;174;0.0425;9498.21
T126;2024-06;66012.87;189;0.0524;6653.73
T126;2024-07;69921.72;200;0.0488;7177.38
T126;2024-08;63234.54;128;0.0407;12138.48
T126;2024-09;60694.67;128;0.0708;6688.34
T126;2024-10;90699.31;292;0.0615;5046.86
T126;2024-11;99909.84;303;0.058;5686.2
T126;2024-12;79717.84;161;0.0726;6830.08
T126;2025-01;72458.85;215;0.0461;7319.38
T126;2025-02;57142.48;171;0.0402;8312.15
T126;2025-03;54973.18;143;0.0367;10461.91
T126;2025-04;70303.33;218;0.0643;5009.66
T126;2025-05;66745.09;190;0.0491;7165.71
T126;2025-06;63478.69;152;0.0422;9891.91
T126;2025-07;62362.43;126;0.0212;23360.33
T126;2025-08;56658.72;147;0.0405;9545.59
T126;2025-09;55728.63;136;0.0314;13030.56
T126;2025-10;51952.65;109;0.048;9969.7
T126;2025-11;88410.08;348;0.0459;5534.31
T126;2025-12;66434.72;196;0.0403;8409.14
T127;2023-01;76873.71;267;0.0285;10101.64
T127;2023-02;67463.65;250;0.0602;4481.42
T127;2023-03;100458.86;353;0.0603;4719.52
T127;2023-04;75846.56;250;0.0575;5277.07
T127;2023-05;79379.55;210;0.052;7275.32
T127;2023-06;96840.56;246;0.0792;4960.71
T127;2023-07;63651.77;139;0.0359;12721.34
T127;2023-08;56901.97;128;0.0289;15443.09
T127;2023-09;79784.78;217;0.0674;5462.76
T127;2023-10;79930.41;194;0.0439;9373.43
T127;2023-11;78575.79;221;0.0756;4709.59
T127;2023-12;93075.27;218;0.0753;5664.77
T127;2024-01;58956.75;138;0.0551;7777.49
T127;2024-02;83864.62;220;0.0392;9718.37
T127;2024-03;54018.25;189;0.0532;5379.98
T127;2024-04;57830.68;165;0.0671;5209.92
T127;2024-05;59172.79;159;0.033;11275.19
T127;2024-06;66212;148;0.0592;7581.52
T127;2024-07;49880.2;162;0.0462;6667.13
T127;2024-08;56020.12;146;0.0414;9257.53
T127;2024-09;67152.46;239;0.023;12222.41
T127;2024-10;60004.29;218;0.0409;6752.4
T127;2024-11;75994.39;291;0.044;5925.49
T127;2024-12;70694.98;158;0.0576;7776.58
T127;2025-01;53453.54;148;0.0255;14165.04
T127;2025-02;50914.01;189;0.0598;4497.79
T127;2025-03;63764.95;133;0.0476;10034.83
T127;2025-04;45224.82;117;0.0774;4981.58
T127;2025-05;47509.67;100;0.0482;9844.19
T127;2025-06;64420.29;152;0.0698;6068.92
T127;2025-07;65175.77;252;0.0395;6539.88
T127;2025-08;51216.25;130;0.03;13113.68
T127;2025-09;58152.08;123;0.0339;13979.98
T127;2025-10;50787.13;106;0.0622;7719.14
T127;2025-11;59407.68;134;0.0426;10373.69
T127;2025-12;77952.71;163;0.0675;7078.71
T128;2023-01;67934.93;164;0.0516;8008.42
T128;2023-02;77567.46;262;0.0729;4059.02
T128;2023-03;62677.61;150;0.0493;8475.94
T128;2023-04;57103.57;210;0.0432;6296.93
T128;2023-05;79296.85;165;0.0524;9153.43
T128;2023-06;51459.99;121;0.0415;10284.48
T128;2023-07;72144.72;198;0.0316;11539.46
T128;2023-08;78501.61;241;0.0573;5691.65
T128;2023-09;81799.73;265;0.0244;12660.17
T128;2023-10;69051.11;174;0.0732;5430.84
T128;2023-11;102221.95;332;0.0535;5753.37
T128;2023-12;67380.72;151;0.072;6202.25
T128;2024-01;66038.1;161;0.0221;18561.98
T128;2024-02;60295.64;143;0.0517;8177.96
T128;2024-03;76535.55;237;0.0795;4057.53
T128;2024-04;61111.55;135;0.0625;7267.94
T128;2024-05;59823.02;172;0.0361;9636.83
T128;2024-06;72611.54;146;0.0713;6962.69
T128;2024-07;46026.05;152;0.0291;10378.35
T128;2024-08;56102.7;145;0.0752;5141.92
T128;2024-09;71364.12;192;0.0599;6209.48
T128;2024-10;78438.77;229;0.0767;4471.69
T128;2024-11;86267.28;278;0.0301;10314.01
T128;2024-12;83194.46;239;0.066;5281.57
T128;2025-01;60054.47;135;0.0482;9197.39
T128;2025-02;66537.44;205;0.0644;5031.5
T128;2025-03;54511.94;167;0.0497;6567.01
T128;2025-04;64310.2;217;0.0757;3916.94
T128;2025-05;49931.14;169;0.0773;3831.25
T128;2025-06;59812.11;138;0.0641;6782.91
T128;2025-07;66548.46;136;0.026;18842.63
T128;2025-08;45547.53;123;0.023;16127.99
T128;2025-09;41776.39;87;0.0439;10880.69
T128;2025-10;55121.17;135;0.0716;5703.49
T128;2025-11;65413.17;180;0.0245;14827.81
T128;2025-12;68121.02;269;0.0565;4478.92
T129;2023-01;70218.45;280;0.0569;4408.46
T129;2023-02;64960.42;200;0.0542;5981.8
T129;2023-03;73765.83;178;0.0477;8675.68
T129;2023-04;73259.61;270;0.0227;11968.24
T129;2023-05;76477.39;199;0.0624;6155.73
T129;2023-06;77921.12;211;0.0792;4659.69
T129;2023-07;57081.97;133;0.0594;7222.54
T129;2023-08;65807.54;181;0.0477;7622.45
T129;2023-09;76258.6;214;0.0519;6882.4
T129;2023-10;74969.85;201;0.0705;5282.97
T129;2023-11;82743.85;224;0.0631;5845.34
T129;2023-12;98631.93;263;0.042;8913.18
T129;2024-01;53857.56;114;0.0268;17576.29
T129;2024-02;54350.73;117;0.0352;13214.66
T129;2024-03;67529.93;165;0.0299;13642.02
T129;2024-04;76223.46;261;0.0598;4875.52
T129;2024-05;64753.38;215;0.0449;6699.92
T129;2024-06;89358.2;223;0.0584;6859.14
T129;2024-07;69802.35;220;0.0441;7212.51
T129;2024-08;54630.29;182;0.0225;13336.23
T129;2024-09;68734.47;140;0.0684;7198.41
T129;2024-10;60731.88;188;0.0558;5784.79
T129;2024-11;50123.94;117;0.0468;9165.41
T129;2024-12;75151.79;263;0.0573;4989.12
T129;2025-01;71438.23;195;0.0761;4801.11
T129;2025-02;47281.46;115;0.0516;7994.96
T129;2025-03;45250.7;132;0.0794;4328.35
T129;2025-04;49906.2;107;0.0202;23071.88
T129;2025-05;50402.6;168;0.0554;5418.2
T129;2025-06;78732.69;271;0.0374;7764.25
T129;2025-07;45048.13;112;0.053;7620.01
T129;2025-08;45775.12;111;0.0375;11035.82
T129;2025-09;63500.05;160;0.0563;7045.74
T129;2025-10;56638.07;224;0.0501;5052.35
T129;2025-11;55641.24;131;0.0244;17414.08
T129;2025-12;64395.8;133;0.0264;18325.74
T130;2023-01;142187.6;461;0.0221;13952.81
T130;2023-02;126126.31;281;0.0558;8040.42
T130;2023-03;116159.71;281;0.0303;13641.69
T130;2023-04;125422.37;260;0.0611;7896.15
T130;2023-05;105627.06;225;0.0523;8996.42
T130;2023-06;137038.28;295;0.0363;12805.06
T130;2023-07;116958.48;446;0.0443;5913.85
T130;2023-08;133496.53;451;0.0416;7123.34
T130;2023-09;110593.47;276;0.0543;7373.43
T130;2023-10;76908.49;296;0.065;3993.58
T130;2023-11;137782.94;467;0.0524;5628.55
T130;2023-12;148753.86;349;0.0607;7017.92
T130;2024-01;97226.07;212;0.0455;10084.18
T130;2024-02;119762.96;392;0.0252;12129.31
T130;2024-03;143883.39;346;0.0778;5353.93
T130;2024-04;90336.01;313;0.0791;3642.45
T130;2024-05;100780.4;213;0.0617;7654.58
T130;2024-06;143282.12;425;0.073;4616.04
T130;2024-07;115958.44;245;0.0469;10107.62
T130;2024-08;111862.53;270;0.0647;6404.1
T130;2024-09;93079.1;210;0.0229;19365.09
T130;2024-10;103850.84;242;0.0747;5753.04
T130;2024-11;111073.05;360;0.0537;5735.65
T130;2024-12;118411.28;244;0.0507;9572.21
T130;2025-01;106336.59;245;0.0436;9936.72
T130;2025-02;87927.75;204;0.0395;10898.59
T130;2025-03;90504.1;288;0.0728;4316.47
T130;2025-04;115437.99;298;0.0371;10431.82
T130;2025-05;100262.33;329;0.0569;5365.38
T130;2025-06;102494.93;219;0.0618;7569.95
T130;2025-07;95273.76;235;0.0693;5845.29
T130;2025-08;68919.23;234;0.062;4752.21
T130;2025-09;103785.19;240;0.0407;10651.12
T130;2025-10;68284.23;164;0.074;5625.79
T130;2025-11;124657.13;361;0.0747;4625.95
T130;2025-12;124273.47;389;0.0323;9881.25
T131;2023-01;116641.88;251;0.0279;16666.93
T131;2023-02;153530.2;387;0.0656;6044.13
T131;2023-03;152235.5;515;0.0302;9791.83
T131;2023-04;140407.39;451;0.0613;5079.34
T131;2023-05;162958.83;345;0.0579;8163.17
T131;2023-06;133145.04;304;0.0241;18214.8
T131;2023-07;83241.92;274;0.0478;6371.92
T131;2023-08;91944.02;283;0.0225;14437.44
T131;2023-09;155812.98;604;0.0367;7029.92
T131;2023-10;183447.92;491;0.0446;8375.94
T131;2023-11;190634.65;609;0.044;7108.56
T131;2023-12;167697.47;482;0.0463;7511.03
T131;2024-01;125815.38;280;0.0256;17536.91
T131;2024-02;116459.62;445;0.0744;3517.8
T131;2024-03;127080.18;271;0.0475;9859
T131;2024-04;132065.66;399;0.0451;7335.5
T131;2024-05;118023.26;281;0.0412;10208.23
T131;2024-06;139202.49;310;0.0429;10475.02
T131;2024-07;114541.3;356;0.0371;8671.66
T131;2024-08;107149.42;303;0.028;12657.12
T131;2024-09;80375.08;276;0.0406;7168.41
T131;2024-10;154385.93;416;0.0643;5776.02
T131;2024-11;169166.65;390;0.0457;9512.36
T131;2024-12;140739.31;408;0.0283;12214.42
T131;2025-01;96341.89;194;0.0422;11744.71
T131;2025-02;110209.18;386;0.0233;12244.96
T131;2025-03;151431.94;373;0.0348;11672.23
T131;2025-04;102918;307;0.0551;6082.51
T131;2025-05;108983.29;328;0.0216;15369.03
T131;2025-06;93007.04;230;0.0572;7079.81
T131;2025-07;94500.17;364;0.0374;6929.49
T131;2025-08;113583.88;351;0.0373;8694.96
T131;2025-09;70236.57;142;0.0225;22021.98
T131;2025-10;102582.39;359;0.0281;10175.03
T131;2025-11;88554.4;282;0.0784;4005.57
T131;2025-12;141113.3;331;0.0645;6602.37
T132;2023-01;56524.9;203;0.0369;7531.42
T132;2023-02;79738.1;264;0.0282;10738.46
T132;2023-03;64037.53;200;0.0322;9933.77
T132;2023-04;63703.42;131;0.0251;19419.52
T132;2023-05;59708.16;201;0.0333;8938.12
T132;2023-06;80968.89;224;0.0661;5458.34
T132;2023-07;50024.09;125;0.0343;11673.73
T132;2023-08;47712.17;120;0.0432;9162.02
T132;2023-09;62126.12;129;0.0376;12767.31
T132;2023-10;58317.76;176;0.024;13804.55
T132;2023-11;85915.79;254;0.0344;9828.08
T132;2023-12;77324.75;158;0.0647;7559.81
T132;2024-01;44458.54;146;0.0629;4848.7
T132;2024-02;65636.38;173;0.0512;7425.39
T132;2024-03;59714.74;131;0.0768;5932.8
T132;2024-04;51882.97;188;0.0579;4780.91
T132;2024-05;66667.24;152;0.0779;5619.03
T132;2024-06;59213.8;121;0.0335;14609.18
T132;2024-07;53312.97;176;0.0317;9581.25
T132;2024-08;64396.41;238;0.0677;3990.26
T132;2024-09;63247.79;157;0.0604;6654.95
T132;2024-10;51943.36;161;0.0474;6807.22
T132;2024-11;51504.43;112;0.0573;7991.76
T132;2024-12;60444.81;233;0.0692;3748.22
T132;2025-01;51963.86;132;0.0205;19200
T132;2025-02;46050.28;111;0.0596;6935.41
T132;2025-03;44656.99;142;0.0348;9010.05
T132;2025-04;55515.88;113;0.0241;20373.48
T132;2025-05;59403.53;134;0.0693;6379.07
T132;2025-06;49297.11;100;0.0432;11404.31
T132;2025-07;46595.52;161;0.0642;4509.55
T132;2025-08;36979.04;143;0.0356;7290.23
T132;2025-09;41207.11;95;0.0798;5419.19
T132;2025-10;54714.94;122;0.0405;11090.34
T132;2025-11;66975.29;195;0.0704;4886.55
T132;2025-12;52743.72;107;0.0461;10651.13
T133;2023-01;126199.15;261;0.0354;13662.29
T133;2023-02;83606.27;275;0.0251;12123.16
T133;2023-03;125077.65;309;0.0729;5556.08
T133;2023-04;119347.61;291;0.0449;9147.56
T133;2023-05;74355.98;156;0.0418;11393.11
T133;2023-06;93996.42;254;0.0626;5922.06
T133;2023-07;88151.11;219;0.0771;5230.56
T133;2023-08;97018.16;252;0.0396;9723.78
T133;2023-09;106286.72;250;0.0463;9180.08
T133;2023-10;90231.34;236;0.0557;6863.12
T133;2023-11;112750.87;287;0.027;14529.61
T133;2023-12;98193.48;236;0.0458;9088.74
T133;2024-01;103049.38;223;0.0667;6929.91
T133;2024-02;112267.47;288;0.0237;16483.93
T133;2024-03;112817.61;273;0.048;8619.59
T133;2024-04;63336.74;131;0.035;13792.05
T133;2024-05;87192.28;265;0.0778;4231.66
T133;2024-06;92174.57;216;0.0532;8018.95
T133;2024-07;87222.2;227;0.0631;6091.18
T133;2024-08;77131.37;187;0.0374;11031.95
T133;2024-09;85785.6;174;0.0471;10479.51
T133;2024-10;95224.44;292;0.0289;11293
T133;2024-11;96415.6;271;0.0779;4568.92
T133;2024-12;78333.34;217;0.0207;17423.08
T133;2025-01;74346.54;262;0.071;3990.89
T133;2025-02;93611.61;324;0.0312;9273.85
T133;2025-03;86451.11;179;0.0623;7726.89
T133;2025-04;80792.2;306;0.046;5745.56
T133;2025-05;70462.23;159;0.0532;8348.79
T133;2025-06;66253.71;228;0.0208;13967.82
T133;2025-07;86699.97;190;0.0582;7823.6
T133;2025-08;68307.87;152;0.0523;8607.48
T133;2025-09;62849.26;193;0.036;9021.1
T133;2025-10;86295.07;218;0.0625;6322.44
T133;2025-11;86809.18;187;0.0792;5870.72
T133;2025-12;82874.41;227;0.0221;16535.24
T134;2023-01;104352.89;248;0.0361;11682.74
T134;2023-02;102374.74;365;0.0429;6540.83
T134;2023-03;91272.03;353;0.0365;7092.33
T134;2023-04;112022.35;225;0.0606;8209.33
T134;2023-05;99125.23;258;0.0289;13309.43
T134;2023-06;99495.35;295;0.055;6127.48
T134;2023-07;80226.22;286;0.0535;5236.45
T134;2023-08;92318.95;314;0.0566;5194.57
T134;2023-09;80856.26;231;0.0556;6292.24
T134;2023-10;81562.56;211;0.0347;11138.53
T134;2023-11;111211.1;396;0.0503;5584.26
T134;2023-12;100817.82;207;0.0619;7880.88
T134;2024-01;105843.74;359;0.046;6416.28
T134;2024-02;114044.71;340;0.0772;4348.43
T134;2024-03;85474.07;176;0.0674;7193.97
T134;2024-04;65948.66;134;0.0565;8692.57
T134;2024-05;98940.42;306;0.0299;10803.05
T134;2024-06;78789.64;185;0.0583;7312.16
T134;2024-07;88730.93;179;0.0425;11663.98
T134;2024-08;82493.58;282;0.0712;4109.12
T134;2024-09;93716.31;270;0.0441;7872.16
T134;2024-10;61544.79;142;0.0417;10389.34
T134;2024-11;79842.23;183;0.0389;11246.98
T134;2024-12;79529.78;195;0.0613;6659.96
T134;2025-01;92072.05;261;0.0424;8335.34
T134;2025-02;97839.74;250;0.0238;16419.4
T134;2025-03;78724.33;234;0.054;6232.21
T134;2025-04;78035.54;162;0.0363;13308.01
T134;2025-05;72141.37;189;0.073;5214.3
T134;2025-06;77116.63;199;0.057;6808.71
T134;2025-07;69383.8;164;0.0552;7682.93
T134;2025-08;70933.73;174;0.0682;5984.07
T134;2025-09;64507.3;142;0.0642;7080.31
T134;2025-10;76021.9;172;0.0339;13069.47
T134;2025-11;95043.73;227;0.0388;10784.39
T134;2025-12;68615.05;161;0.0433;9829.5
T135;2023-01;80192.82;288;0.0609;4566.2
T135;2023-02;90843.35;195;0.0708;6576.68
T135;2023-03;71409.17;218;0.0503;6521.64
T135;2023-04;59059.23;227;0.0497;5232.72
T135;2023-05;85595.2;338;0.077;3286.72
T135;2023-06;66367.74;206;0.079;4076.13
T135;2023-07;70051.25;204;0.067;5123.4
T135;2023-08;74683.61;175;0.0214;19927.31
T135;2023-09;68921.51;213;0.0535;6050.87
T135;2023-10;53136.54;112;0.0659;7166.3
T135;2023-11;93413.23;273;0.03;11404.23
T135;2023-12;61731.83;124;0.048;10347.94
T135;2024-01;59371.5;136;0.0306;14275.2
T135;2024-02;66981.04;161;0.0504;8262.89
T135;2024-03;64456.98;136;0.046;10265.62
T135;2024-04;71481.98;203;0.0362;9721.16
T135;2024-05;62983.19;230;0.0676;4059.48
T135;2024-06;77365.61;159;0.0427;11403.93
T135;2024-07;51357.55;110;0.0436;10728.54
T135;2024-08;47803.3;98;0.0324;15025.22
T135;2024-09;48498.4;140;0.0215;16065.54
T135;2024-10;64202.93;207;0.0457;6765.57
T135;2024-11;75356.23;269;0.0474;5917.05
T135;2024-12;73816.28;170;0.0532;8151.33
T135;2025-01;50211.1;161;0.0412;7550.86
T135;2025-02;69796.37;246;0.0707;4019.89
T135;2025-03;74536.51;202;0.0297;12399.82
T135;2025-04;62524.45;177;0.0432;8171.57
T135;2025-05;55370.71;130;0.0206;20649.36
T135;2025-06;46136.28;99;0.0517;9025.08
T135;2025-07;42780.19;125;0.036;9485.47
T135;2025-08;41761.56;134;0.0376;8282.25
T135;2025-09;57401.02;143;0.0424;9481.65
T135;2025-10;72228.11;148;0.0659;7422.46
T135;2025-11;65279.14;186;0.0649;5413.45
T135;2025-12;63676.81;181;0.0247;14287.2
T136;2023-01;121758.18;458;0.0522;5092.44
T136;2023-02;134341.2;291;0.0444;10394.02
T136;2023-03;135262.76;372;0.0555;6556.41
T136;2023-04;132466.28;345;0.0764;5022.52
T136;2023-05;129126.89;423;0.0386;7898.71
T136;2023-06;125031.89;467;0.05;5355.16
T136;2023-07;102534.63;364;0.0241;11700.88
T136;2023-08;120450.94;333;0.0298;12126.65
T136;2023-09;137168.21;396;0.0566;6114.12
T136;2023-10;108417.51;289;0.0631;5950.37
T136;2023-11;111702.79;398;0.029;9688.72
T136;2023-12;155469.35;349;0.0553;8061.01
T136;2024-01;87791.41;189;0.0725;6400.42
T136;2024-02;94408.37;239;0.0515;7680.11
T136;2024-03;121550.35;347;0.025;14023.27
T136;2024-04;122939.95;278;0.0301;14677.78
T136;2024-05;125012.93;337;0.0756;4910.08
T136;2024-06;111651.58;330;0.0635;5333.01
T136;2024-07;117337.68;408;0.0503;5717.18
T136;2024-08;85510.09;282;0.0245;12382.03
T136;2024-09;113351.89;346;0.0548;5975.27
T136;2024-10;106322.4;218;0.059;8273.91
T136;2024-11;105451.73;283;0.042;8879.3
T136;2024-12;132297.9;360;0.068;5403.99
T136;2025-01;90102.89;189;0.0527;9041.47
T136;2025-02;98937.65;206;0.0543;8853.74
T136;2025-03;100180.99;254;0.0329;11988.13
T136;2025-04;86742.4;236;0.0476;7731.44
T136;2025-05;76371.54;193;0.0345;11476.21
T136;2025-06;105788.87;293;0.0274;13215.66
T136;2025-07;84212.99;264;0.0444;7174.03
T136;2025-08;81995.36;167;0.0513;9555.03
T136;2025-09;101678.53;212;0.073;6575.06
T136;2025-10;92306.05;336;0.0581;4728.02
T136;2025-11;115406.22;293;0.021;18740.23
T136;2025-12;113420.58;230;0.0483;10209.18
T137;2023-01;100905.08;283;0.0345;10310.72
T137;2023-02;139621.67;302;0.0516;8947
T137;2023-03;85915.25;259;0.0514;6438.76
T137;2023-04;138474.33;321;0.0245;17625.65
T137;2023-05;131932.44;376;0.0202;17402.88
T137;2023-06;99757.24;214;0.0263;17785.03
T137;2023-07;113402.15;453;0.0471;5318.99
T137;2023-08;119530.67;249;0.0225;21317.18
T137;2023-09;110023.87;315;0.0798;4371.64
T137;2023-10;113064.37;392;0.0381;7569.13
T137;2023-11;132317.05;307;0.0299;14419.47
T137;2023-12;105822.77;231;0.0204;22421.51
T137;2024-01;121512.65;397;0.0563;5429.85
T137;2024-02;115791.25;322;0.0712;5046.31
T137;2024-03;100057.84;246;0.0584;6960.17
T137;2024-04;120172.33;299;0.0429;9359.99
T137;2024-05;150305.54;303;0.0623;7975.18
T137;2024-06;108088.28;414;0.0323;8087.39
T137;2024-07;98431.37;319;0.0449;6864.35
T137;2024-08;107807.12;356;0.0313;9683.04
T137;2024-09;88898.98;242;0.0733;5016.48
T137;2024-10;68472.83;174;0.0354;11134.41
T137;2024-11;111050.34;328;0.0328;10306.36
T137;2024-12;160349.66;383;0.0353;11857.06
T137;2025-01;114708.45;258;0.0354;12583.34
T137;2025-02;97171.02;243;0.0285;14005.42
T137;2025-03;87694.49;213;0.0718;5739.74
T137;2025-04;94742.29;309;0.0417;7368.26
T137;2025-05;73176.76;286;0.0772;3308.37
T137;2025-06;119392.59;418;0.0687;4155.59
T137;2025-07;82866.78;178;0.0629;7389.91
T137;2025-08;117545.4;295;0.0717;5568.44
T137;2025-09;89125.12;293;0.0305;9952.08
T137;2025-10;101215.5;209;0.0542;8956.74
T137;2025-11;107102.53;285;0.0563;6664.1
T137;2025-12;91994.51;218;0.0471;8943.43
T138;2023-01;79559.33;180;0.0701;6290.69
T138;2023-02;85468.16;211;0.0649;6235.89
T138;2023-03;114191.54;328;0.0675;5164.13
T138;2023-04;89406.56;244;0.0608;6036.03
T138;2023-05;101528.39;227;0.0508;8791.95
T138;2023-06;93294.2;206;0.0498;9095.27
T138;2023-07;77555.65;200;0.0791;4905.89
T138;2023-08;68615.21;160;0.0251;17144.68
T138;2023-09;84923.53;185;0.0638;7210.6
T138;2023-10;50127.24;146;0.0592;5782.19
T138;2023-11;79925.37;259;0.0405;7628.74
T138;2023-12;96370.01;322;0.029;10303.04
T138;2024-01;65377.09;217;0.0485;6214.62
T138;2024-02;64676.03;171;0.0325;11649.13
T138;2024-03;92739.53;270;0.0551;6230.33
T138;2024-04;83154.12;221;0.0317;11835.52
T138;2024-05;83484.29;203;0.0394;10452.93
T138;2024-06;80471.77;167;0.0473;10179.27
T138;2024-07;59496.31;141;0.0708;5978.56
T138;2024-08;49773.46;147;0.034;9987.31
T138;2024-09;78562.87;266;0.0682;4338.78
T138;2024-10;72673.95;197;0.068;5431.04
T138;2024-11;53983.06;127;0.074;5729.32
T138;2024-12;84154.4;255;0.0476;6927.56
T138;2025-01;61627.14;139;0.032;13872.49
T138;2025-02;61918.8;138;0.0458;9798.91
T138;2025-03;64550.37;257;0.0725;3459.7
T138;2025-04;78124.71;166;0.0684;6861.6
T138;2025-05;58644.62;134;0.0494;8837.54
T138;2025-06;51512.51;179;0.0346;8344.64
T138;2025-07;55994.76;128;0.0597;7326.53
T138;2025-08;71882.4;200;0.0412;8725.47
T138;2025-09;54997;123;0.0608;7352.17
T138;2025-10;72159.08;183;0.0421;9362.34
T138;2025-11;80328.33;294;0.0782;3487.52
T138;2025-12;62204.7;126;0.0278;17785.95
T139;2023-01;152062.88;310;0.044;11152.56
T139;2023-02;210764.88;715;0.0418;7049.93
T139;2023-03;148269.54;459;0.0561;5755.3
T139;2023-04;175627.15;378;0.0509;9132.44
T139;2023-05;138399.11;329;0.0245;17168.11
T139;2023-06;145556.49;364;0.0369;10847.26
T139;2023-07;147383.96;458;0.0246;13078.78
T139;2023-08;150099.66;379;0.024;16506.92
T139;2023-09;115307.05;279;0.0493;8369.01
T139;2023-10;192650.62;574;0.0304;11022.43
T139;2023-11;196692.33;507;0.0767;5057.96
T139;2023-12;227384.1;518;0.0511;8596.07
T139;2024-01;159161.73;386;0.0444;9276.6
T139;2024-02;174046.31;407;0.0446;9580.46
T139;2024-03;229523.52;835;0.0673;4083.95
T139;2024-04;160021.35;448;0.0247;14465.18
T139;2024-05;154363.49;551;0.0664;4223.02
T139;2024-06;162173.46;366;0.0723;6134.83
T139;2024-07;127725.44;421;0.0557;5444.94
T139;2024-08;154073.94;601;0.0742;3453.14
T139;2024-09;126596.17;473;0.0426;6285.62
T139;2024-10;145532.98;510;0.0731;3904.04
T139;2024-11;168134.11;440;0.0769;4974.17
T139;2024-12;159238.31;376;0.0699;6058.26
T139;2025-01;101872.08;287;0.0735;4831.53
T139;2025-02;145358.35;431;0.0261;12923.62
T139;2025-03;123091.34;355;0.0728;4761.05
T139;2025-04;133866.16;284;0.0506;9324.06
T139;2025-05;138309.3;322;0.0227;18891.31
T139;2025-06;117144.57;369;0.054;5872.27
T139;2025-07;119157.58;264;0.0537;8420.51
T139;2025-08;109945.49;264;0.0763;5466.55
T139;2025-09;106694.47;215;0.0658;7553.12
T139;2025-10;154688.55;486;0.037;8599.19
T139;2025-11;159112.35;385;0.0723;5719.63
T139;2025-12;146215.8;326;0.0711;6317.72
T140;2023-01;90097.91;223;0.0551;7350.55
T140;2023-02;136438.8;340;0.0572;7026.98
T140;2023-03;109468.27;320;0.0552;6196.93
T140;2023-04;118511.81;369;0.0787;4077.2
T140;2023-05;108702.06;232;0.0248;18922.14
T140;2023-06;82896.61;182;0.0543;8388.64
T140;2023-07;99634.34;380;0.0243;10804.95
T140;2023-08;90049.86;191;0.0659;7153.97
T140;2023-09;116251.08;259;0.0734;6114.71
T140;2023-10;87828.1;239;0.0738;4970.57
T140;2023-11;165495.65;334;0.0342;14484.76
T140;2023-12;128049.21;438;0.0405;7209.33
T140;2024-01;96360.71;221;0.0487;8956.49
T140;2024-02;91017.25;265;0.0421;8160.78
T140;2024-03;98808.82;243;0.0283;14326.95
T140;2024-04;80682.48;164;0.0466;10584.47
T140;2024-05;109321.17;240;0.056;8119.39
T140;2024-06;119442.93;243;0.0576;8516.9
T140;2024-07;93597.01;218;0.0515;8330.63
T140;2024-08;91425.7;287;0.0713;4464.8
T140;2024-09;130323.89;483;0.0498;5413.34
T140;2024-10;90033.2;212;0.055;7712.68
T140;2024-11;87972.89;269;0.062;5277.74
T140;2024-12;107457.67;351;0.0573;5340.81
T140;2025-01;98094.21;370;0.0265;10012.15
T140;2025-02;92507.78;246;0.0516;7293.16
T140;2025-03;60970.86;185;0.0717;4599.51
T140;2025-04;88442.52;296;0.0296;10098.99
T140;2025-05;95707.1;211;0.0399;11358.44
T140;2025-06;70984.24;242;0.0326;9012.31
T140;2025-07;61743.87;132;0.0262;17890.12
T140;2025-08;84361.28;327;0.0253;10200.18
T140;2025-09;89847.46;184;0.0402;12181.76
T140;2025-10;95633.23;315;0.0537;5643.67
T140;2025-11;133888.01;397;0.0204;16551.37
T140;2025-12;112100.11;433;0.0598;4324.92
T141;2023-01;144336.3;444;0.0689;4716.53
T141;2023-02;122544.49;248;0.0507;9749.91
T141;2023-03;136456.92;335;0.0602;6761.57
T141;2023-04;166037.43;355;0.0432;10815.49
T141;2023-05;122310.26;295;0.0654;6331.45
T141;2023-06;124695.37;450;0.0561;4938.3
T141;2023-07;102494.68;228;0.0567;7947.61
T141;2023-08;123790.75;270;0.0382;12020.22
T141;2023-09;106572.39;233;0.0671;6830.36
T141;2023-10;166155.41;353;0.0585;8041.6
T141;2023-11;164285.38;476;0.0311;11104
T141;2023-12;137517;324;0.0309;13729.21
T141;2024-01;140193.85;514;0.0351;7778.57
T141;2024-02;143726.8;495;0.0758;3827.84
T141;2024-03;100193.38;258;0.0495;7857.31
T141;2024-04;158410.98;620;0.0794;3219.08
T141;2024-05;89360.32;229;0.0221;17609.73
T141;2024-06;95824.46;374;0.0755;3392.39
T141;2024-07;141085.82;558;0.0547;4621.02
T141;2024-08;113332.37;263;0.0412;10486.53
T141;2024-09;124353.72;273;0.0524;8691.44
T141;2024-10;106602.4;400;0.0767;3474.07
T141;2024-11;101225.22;250;0.0639;6337.14
T141;2024-12;161107.04;633;0.0515;4936.03
T141;2025-01;133865.4;294;0.0227;20088.44
T141;2025-02;110261.06;342;0.0519;6212.26
T141;2025-03;119725.28;266;0.0485;9287.42
T141;2025-04;109337.71;268;0.0283;14419.78
T141;2025-05;144223.76;555;0.0282;9203.41
T141;2025-06;91117.09;226;0.0474;8527.25
T141;2025-07;82921.66;319;0.0221;11755.55
T141;2025-08;90476.22;360;0.0496;5067.48
T141;2025-09;92377.85;272;0.0533;6378.96
T141;2025-10;87429.98;302;0.0367;7885.65
T141;2025-11;136348.61;544;0.0272;9207.12
T141;2025-12;105185.36;211;0.0301;16580.54
T142;2023-01;141917.1;429;0.0398;8295.61
T142;2023-02;146018.24;374;0.0711;5494.44
T142;2023-03;115069.74;335;0.0324;10592.41
T142;2023-04;122512.65;253;0.0618;7840.06
T142;2023-05;122735.6;467;0.0698;3761.46
T142;2023-06;119755.24;251;0.0267;17824.67
T142;2023-07;122035.51;426;0.0375;7631.85
T142;2023-08;107292.84;329;0.0218;14954.88
T142;2023-09;88147.47;256;0.0629;5480.45
T142;2023-10;130433.57;382;0.0337;10147.72
T142;2023-11;147449.79;500;0.0242;12206.56
T142;2023-12;129358.8;363;0.0224;15944.15
T142;2024-01;117282.91;407;0.0303;9495.89
T142;2024-02;120752.99;308;0.0414;9481.03
T142;2024-03;117618.25;328;0.0778;4607.08
T142;2024-04;137661.04;396;0.044;7895.29
T142;2024-05;128594.42;316;0.0619;6566.15
T142;2024-06;119283.58;348;0.0488;7037.81
T142;2024-07;106909.9;350;0.0201;15210.8
T142;2024-08;82239.52;170;0.0384;12602.42
T142;2024-09;96611.13;290;0.0485;6861.83
T142;2024-10;92530.45;346;0.0232;11542.89
T142;2024-11;105953.67;379;0.0443;6309.04
T142;2024-12;104565.48;326;0.0216;14886.71
T142;2025-01;94375.23;244;0.0578;6687.21
T142;2025-02;94432.24;193;0.0426;11476.9
T142;2025-03;113904.09;314;0.0273;13258.18
T142;2025-04;103250.61;300;0.0282;12214
T142;2025-05;95542;308;0.0358;8659.14
T142;2025-06;112049.28;361;0.0317;9791.65
T142;2025-07;81990.82;210;0.0246;15847.24
T142;2025-08;89310.64;183;0.0562;8672.43
T142;2025-09;90504.13;200;0.0712;6355.98
T142;2025-10;103882.19;244;0.0256;16645.42
T142;2025-11;115287.91;296;0.0516;7549.92
T142;2025-12;98480.08;314;0.0293;10698.59
T143;2023-01;58921.15;135;0.0353;12334.09
T143;2023-02;71801.82;152;0.034;13873.79
T143;2023-03;92812.48;256;0.0258;14058.75
T143;2023-04;72380.21;167;0.0319;13586.02
T143;2023-05;48461.9;159;0.0579;5259.95
T143;2023-06;66382.18;145;0.0499;9190.78
T143;2023-07;40348.22;98;0.0594;6954.2
T143;2023-08;66936.01;251;0.0405;6567.97
T143;2023-09;80161.87;161;0.0318;15643.89
T143;2023-10;79245.65;200;0.0423;9368.8
T143;2023-11;83928.47;311;0.0417;6476.21
T143;2023-12;91395.23;255;0.0266;13497.02
T143;2024-01;74111.39;234;0.0356;8899.81
T143;2024-02;35905.58;100;0.0498;7201.8
T143;2024-03;54711.39;110;0.0379;13106.59
T143;2024-04;50748.55;138;0.032;11456.8
T143;2024-05;69029.78;177;0.0359;10850.71
T143;2024-06;59579.39;161;0.0459;8037.08
T143;2024-07;48128.13;112;0.0558;7730.56
T143;2024-08;53427.94;121;0.0412;10738.31
T143;2024-09;59842.62;127;0.0437;10809.94
T143;2024-10;62364.77;151;0.0448;9212.1
T143;2024-11;72713.5;186;0.0526;7448.67
T143;2024-12;58993.4;139;0.0287;14794.04
T143;2025-01;60547.3;239;0.0575;4412.39
T143;2025-02;60137.55;129;0.0767;6083.28
T143;2025-03;53445.14;128;0.0489;8505.96
T143;2025-04;55211.38;186;0.0409;7275.04
T143;2025-05;37315.36;87;0.033;12996.75
T143;2025-06;62461.37;212;0.0348;8472.85
T143;2025-07;42823.47;168;0.0632;4024.91
T143;2025-08;59491.54;196;0.0612;4957.04
T143;2025-09;60562.46;152;0.042;9509.63
T143;2025-10;67719.94;181;0.0585;6380.53
T143;2025-11;45919.39;156;0.0524;5629.87
T143;2025-12;45195.86;123;0.0729;5039.84
T144;2023-01;49225.32;115;0.0226;19014.48
T144;2023-02;53407.03;122;0.0492;8867.17
T144;2023-03;39650.7;148;0.0227;11845.09
T144;2023-04;42048.94;145;0.0218;13318.08
T144;2023-05;38442.84;112;0.0694;4933.25
T144;2023-06;49592.76;178;0.0701;3973.22
T144;2023-07;31093.35;111;0.0255;10963.38
T144;2023-08;46142.62;138;0.0284;11747.8
T144;2023-09;35981.62;82;0.0331;13272.18
T144;2023-10;44323.23;99;0.0314;14318.33
T144;2023-11;43509.04;110;0.0223;17732.31
T144;2023-12;59246.83;158;0.0289;12925.13
T144;2024-01;34176.75;95;0.0266;13487.59
T144;2024-02;40643.08;133;0.0557;5475.08
T144;2024-03;40253.25;95;0.0524;8054.8
T144;2024-04;42580.55;114;0.0239;15684.85
T144;2024-05;50143.65;131;0.0427;8940.6
T144;2024-06;31231.52;90;0.0533;6506.05
T144;2024-07;33364.14;92;0.0791;4572.81
T144;2024-08;29393.23;87;0.0587;5758.25
T144;2024-09;40358.95;123;0.0503;6551.51
T144;2024-10;41275.59;145;0.0624;4548.1
T144;2024-11;33109.32;71;0.0792;5881.99
T144;2024-12;46815.73;149;0.0684;4586.3
T144;2025-01;41145.46;84;0.0492;9945.9
T144;2025-02;40755.92;97;0.0694;6028.03
T144;2025-03;23507.04;71;0.0668;4931.43
T144;2025-04;22009.05;52;0.0471;8956.09
T144;2025-05;31141.64;124;0.0517;4863.86
T144;2025-06;33879.41;96;0.0678;5229.66
T144;2025-07;34104.57;114;0.0794;3765.76
T144;2025-08;30748.5;95;0.0585;5542.36
T144;2025-09;22118.94;78;0.0281;10139.79
T144;2025-10;33166.72;78;0.0427;10030.28
T144;2025-11;38661.87;78;0.0323;15340.29
T144;2025-12;39951.09;145;0.0388;7114.16
T145;2023-01;131114.34;462;0.0321;8830.89
T145;2023-02;126438.26;380;0.0648;5138.51
T145;2023-03;83580.44;207;0.0724;5578.86
T145;2023-04;76211.49;153;0.0413;12072.86
T145;2023-05;110088.1;308;0.0685;5210.26
T145;2023-06;105457.45;389;0.0284;9571.34
T145;2023-07;85964.69;342;0.0206;12208.45
T145;2023-08;113533.36;286;0.0581;6829.37
T145;2023-09;98631.14;260;0.0692;5489.6
T145;2023-10;97354.75;244;0.0549;7254.15
T145;2023-11;133807.74;350;0.0488;7819.77
T145;2023-12;128355.38;407;0.0368;8585.32
T145;2024-01;114020.54;283;0.0444;9063.13
T145;2024-02;90677.93;319;0.0436;6529.31
T145;2024-03;98758.32;232;0.0229;18570.51
T145;2024-04;117738.19;263;0.0314;14261.91
T145;2024-05;82589.27;191;0.0773;5598.1
T145;2024-06;97874.39;229;0.0341;12550.66
T145;2024-07;87442.46;214;0.0586;6971
T145;2024-08;83245.63;197;0.0771;5491.1
T145;2024-09;57755.73;178;0.0348;9310.23
T145;2024-10;79376.53;201;0.0253;15618.48
T145;2024-11;115365.45;310;0.0572;6511.96
T145;2024-12;90555.72;216;0.0517;8098.49
T145;2025-01;70680.82;205;0.047;7345.3
T145;2025-02;112309.04;264;0.0716;5953.94
T145;2025-03;121812.53;251;0.0526;9232.72
T145;2025-04;95786.63;202;0.0232;20456.28
T145;2025-05;90154.41;224;0.0275;14641.83
T145;2025-06;84245.72;307;0.0637;4309.43
T145;2025-07;66926.44;136;0.0542;9086.02
T145;2025-08;81948.82;177;0.064;7242.4
T145;2025-09;76864.41;190;0.0721;5602.84
T145;2025-10;89016.54;238;0.0557;6722.4
T145;2025-11;90641.3;197;0.0218;21132.07
T145;2025-12;111662.46;246;0.0709;6394.25
T146;2023-01;109587.68;382;0.0671;4271.25
T146;2023-02;87871.28;282;0.0643;4843.41
T146;2023-03;104386.74;264;0.058;6815.2
T146;2023-04;98516.58;288;0.0641;5338.45
T146;2023-05;92427.03;230;0.0698;5759.12
T146;2023-06;97136.55;314;0.0333;9295.4
T146;2023-07;102199.73;327;0.0759;4114.07
T146;2023-08;91171.58;189;0.032;15042.58
T146;2023-09;107288.23;220;0.0626;7795.34
T146;2023-10;78892.73;218;0.0301;11984.87
T146;2023-11;149624.71;450;0.0506;6573.84
T146;2023-12;96544.35;342;0.0471;5995.03
T146;2024-01;86295.2;219;0.0289;13607.56
T146;2024-02;96000.7;304;0.0417;7572.68
T146;2024-03;102534.65;358;0.0342;8369.81
T146;2024-04;75730.25;193;0.0793;4957.18
T146;2024-05;85449.67;328;0.032;8160.91
T146;2024-06;77528.4;163;0.0258;18492.13
T146;2024-07;74216.59;159;0.0523;8902.73
T146;2024-08;79881.34;170;0.0291;16134.57
T146;2024-09;93769.63;243;0.0686;5620.05
T146;2024-10;97089.48;236;0.0726;5674.1
T146;2024-11;118556.93;254;0.0329;14219.11
T146;2024-12;72081.42;194;0.0776;4783.79
T146;2025-01;60543.95;179;0.0731;4620.32
T146;2025-02;77662.61;159;0.077;6346.49
T146;2025-03;80012.23;271;0.0274;10793.61
T146;2025-04;100483.92;379;0.0211;12578.6
T146;2025-05;79424.25;203;0.0799;4904.14
T146;2025-06;79024.85;162;0.0593;8232.87
T146;2025-07;55772.64;147;0.0295;12859.44
T146;2025-08;65888.58;188;0.0766;4566.59
T146;2025-09;63228.21;160;0.0561;7046.42
T146;2025-10;68117.16;228;0.0318;9386.67
T146;2025-11;84935.84;237;0.0377;9516.41
T146;2025-12;101161.98;228;0.0728;6088.12
T147;2023-01;70800.52;249;0.0676;4206.56
T147;2023-02;61317.07;183;0.0509;6588.89
T147;2023-03;70312.43;152;0.0585;7914.13
T147;2023-04;67851.15;192;0.0245;14404.77
T147;2023-05;67447.59;154;0.0441;9955.13
T147;2023-06;71748.04;168;0.0542;7888.34
T147;2023-07;42584.53;95;0.0578;7801.02
T147;2023-08;68576.63;230;0.0231;12889.56
T147;2023-09;78727.63;165;0.0767;6200.85
T147;2023-10;77507.17;244;0.0525;6042.97
T147;2023-11;92283.51;185;0.0714;6978.7
T147;2023-12;66909;180;0.0443;8376.89
T147;2024-01;55411.37;162;0.0576;5949.29
T147;2024-02;72526.62;158;0.054;8527.76
T147;2024-03;69894.35;157;0.0495;8982.34
T147;2024-04;62205.46;226;0.0463;5948.29
T147;2024-05;66763.78;165;0.0339;11923.7
T147;2024-06;75566.98;240;0.0548;5732.85
T147;2024-07;58060.12;173;0.0518;6465.6
T147;2024-08;45498.57;91;0.0538;9263.48
T147;2024-09;73172.63;160;0.0635;7182
T147;2024-10;57888.66;189;0.0492;6206.53
T147;2024-11;74799.19;162;0.0319;14536.55
T147;2024-12;66800.19;168;0.0751;5282.99
T147;2025-01;55152.08;176;0.0532;5900.05
T147;2025-02;61705.07;220;0.0495;5675.41
T147;2025-03;47678.11;115;0.0547;7558.23
T147;2025-04;55303.6;132;0.0685;6096.89
T147;2025-05;54608.7;114;0.0688;6931.73
T147;2025-06;54702.84;164;0.0217;15342.34
T147;2025-07;51914.23;143;0.0591;6135.07
T147;2025-08;44355.66;117;0.0597;6336.14
T147;2025-09;59767.31;154;0.0364;10644.55
T147;2025-10;48615.82;102;0.0772;6172.51
T147;2025-11;67037.41;196;0.0426;8019.4
T147;2025-12;59059.11;230;0.0752;3419.92
T148;2023-01;83225.27;214;0.0331;11737.54
T148;2023-02;98893.71;328;0.0527;5716.41
T148;2023-03;122880.47;246;0.0715;6977.9
T148;2023-04;72653.8;288;0.023;10937.09
T148;2023-05;125119.63;266;0.0577;8131.62
T148;2023-06;120970.46;394;0.0481;6379.6
T148;2023-07;92628.62;320;0.0498;5815.58
T148;2023-08;67758.47;249;0.0765;3562.29
T148;2023-09;111878.43;224;0.031;16136.13
T148;2023-10;102214.8;241;0.0732;5784.49
T148;2023-11;147396.27;419;0.0605;5818.2
T148;2023-12;131350.36;376;0.0486;7179.32
T148;2024-01;88472.97;306;0.0669;4320.5
T148;2024-02;92611.36;210;0.0674;6537.8
T148;2024-03;85659.51;179;0.0665;7196.68
T148;2024-04;78184.16;236;0.0253;13105.88
T148;2024-05;71184.38;186;0.0765;5003.23
T148;2024-06;98626.35;251;0.0754;5212.17
T148;2024-07;99091.29;209;0.0553;8565.11
T148;2024-08;63594.92;158;0.063;6410.52
T148;2024-09;73303.07;154;0.0774;6171.46
T148;2024-10;64591.74;231;0.0271;10317.92
T148;2024-11;99429.56;320;0.0221;14023.96
T148;2024-12;106429.07;334;0.0616;5175.96
T148;2025-01;90852.83;190;0.0269;17831.07
T148;2025-02;49262.68;184;0.0711;3765.83
T148;2025-03;72399.18;219;0.0386;8572.94
T148;2025-04;90926.01;221;0.0237;17402
T148;2025-05;66313.54;146;0.0428;10619.44
T148;2025-06;78356.21;205;0.0218;17550.99
T148;2025-07;71803.34;163;0.0626;7055.55
T148;2025-08;64887.25;149;0.0263;16525.92
T148;2025-09;65463.24;238;0.0654;4195.4
T148;2025-10;81499.94;173;0.063;7497.33
T148;2025-11;105539.54;256;0.0542;7611.16
T148;2025-12;93266.21;219;0.0392;10860.62
T149;2023-01;137008.21;522;0.0495;5300.48
T149;2023-02;133557.15;423;0.0772;4086.34
T149;2023-03;149431.15;538;0.0383;7250.03
T149;2023-04;128122.49;353;0.0294;12339.74
T149;2023-05;179841.37;428;0.0651;6460.7
T149;2023-06;152000.43;535;0.0496;5719.29
T149;2023-07;118730.38;412;0.0302;9538.93
T149;2023-08;125833.72;315;0.0421;9498.88
T149;2023-09;126015.11;296;0.0645;6610.16
T149;2023-10;149628.98;484;0.0314;9861.31
T149;2023-11;172633.7;429;0.0557;7225.87
T149;2023-12;162132.71;417;0.076;5118.08
T149;2024-01;137724.26;413;0.0781;4274.43
T149;2024-02;117152.97;335;0.0497;7037.52
T149;2024-03;127461.93;313;0.0503;8099.91
T149;2024-04;125090.18;399;0.0386;8110.52
T149;2024-05;133043.98;268;0.0377;13165.08
T149;2024-06;124974.46;456;0.0349;7861.47
T149;2024-07;127812.5;402;0.0787;4043.55
T149;2024-08;124190.18;271;0.0547;8384.19
T149;2024-09;130941.41;313;0.0575;7285.53
T149;2024-10;102922.61;292;0.0556;6336.4
T149;2024-11;168605.13;651;0.049;5288.58
T149;2024-12;147277.03;380;0.0321;12084.36
T149;2025-01;142831.95;318;0.0415;10800.79
T149;2025-02;128161.88;284;0.0747;6041.61
T149;2025-03;116413.88;296;0.0488;8052.18
T149;2025-04;122870.8;292;0.0283;14900.83
T149;2025-05;91768.95;295;0.0316;9852.47
T149;2025-06;132340.03;295;0.0414;10834.78
T149;2025-07;116385.44;263;0.0787;5613.33
T149;2025-08;90585.97;211;0.074;5794.78
T149;2025-09;139629.66;495;0.0359;7856.59
T149;2025-10;71632.02;223;0.0499;6423.53
T149;2025-11;124701.34;258;0.029;16683.56
T149;2025-12;144796.81;429;0.0661;5103.74
T150;2023-01;129087.02;261;0.0433;11445.77
T150;2023-02;100686.79;218;0.0793;5816.46
T150;2023-03;106356.1;286;0.0382;9722.53
T150;2023-04;110935.02;338;0.0495;6630
T150;2023-05;115292.37;300;0.0739;5198.38
T150;2023-06;89977.01;199;0.0393;11503.57
T150;2023-07;116136.01;389;0.0219;13623.58
T150;2023-08;92654.43;200;0.0283;16390.33
T150;2023-09;122341.92;359;0.0715;4766.68
T150;2023-10;97836.55;214;0.0247;18460.14
T150;2023-11;152190.49;608;0.0788;3175.51
T150;2023-12;137474.5;391;0.051;6889.46
T150;2024-01;104268.18;230;0.0552;8207.18
T150;2024-02;78834.55;176;0.0639;6999.11
T150;2024-03;90462.92;315;0.0225;12753.37
T150;2024-04;73190.59;275;0.0765;3471.81
T150;2024-05;83085.39;181;0.0498;9212.08
T150;2024-06;88423.53;218;0.0524;7735.82
T150;2024-07;70433.78;248;0.0211;13504.8
T150;2024-08;96366.22;267;0.0745;4853.27
T150;2024-09;77219.1;160;0.0263;18289.67
T150;2024-10;81047.62;308;0.0728;3613.7
T150;2024-11;95475.88;218;0.0645;6793.46
T150;2024-12;131829.07;507;0.0606;4292.46
T150;2025-01;90867.56;185;0.0427;11522.83
T150;2025-02;86872.72;219;0.0285;13955.07
T150;2025-03;83217.91;197;0.0541;7814.03
T150;2025-04;74719.96;209;0.0691;5173.41
T150;2025-05;91005.24;338;0.0678;3972.05
T150;2025-06;92175.72;192;0.0236;20361.73
T150;2025-07;74103.23;185;0.0508;7868
T150;2025-08;71702.81;244;0.0539;5458.3
T150;2025-09;66621.85;182;0.0299;12258.36
T150;2025-10;76085.59;176;0.0784;5517.37
T150;2025-11;123493.51;345;0.0283;12637.9
T150;2025-12;84451.95;171;0.0278;17736.95